location_id,location_name,parameter,value,unit,datetimeUtc,datetimeLocal,timezone,latitude,longitude,country_iso,isMobile,isMonitor,owner_name,provider
3409461,"Rachnakar Colony, Aurangabad - MPCB","co",0.4,"ppb","2025-07-10T00:15:00Z","2025-07-10T05:45:00+05:30","Asia/Kolkata",19.863756,75.321188,,,,"Maharashtra Pollution Control Board","CPCB"
3409461,"Rachnakar Colony, Aurangabad - MPCB","co",0.4,"ppb","2025-07-10T00:30:00Z","2025-07-10T06:00:00+05:30","Asia/Kolkata",19.863756,75.321188,,,,"Maharashtra Pollution Control Board","CPCB"
3409461,"Rachnakar Colony, Aurangabad - MPCB","co",0.37,"ppb","2025-07-10T00:45:00Z","2025-07-10T06:15:00+05:30","Asia/Kolkata",19.863756,75.321188,,,,"Maharashtra Pollution Control Board","CPCB"
3409461,"Rachnakar Colony, Aurangabad - MPCB","co",0.38,"ppb","2025-07-10T01:00:00Z","2025-07-10T06:30:00+05:30","Asia/Kolkata",19.863756,75.321188,,,,"Maharashtra Pollution Control Board","CPCB"
3409461,"Rachnakar Colony, Aurangabad - MPCB","co",0.27,"ppb","2025-07-10T01:15:00Z","2025-07-10T06:45:00+05:30","Asia/Kolkata",19.863756,75.321188,,,,"Maharashtra Pollution Control Board","CPCB"
3409461,"Rachnakar Colony, Aurangabad - MPCB","co",0.24,"ppb","2025-07-10T01:30:00Z","2025-07-10T07:00:00+05:30","Asia/Kolkata",19.863756,75.321188,,,,"Maharashtra Pollution Control Board","CPCB"
3409461,"Rachnakar Colony, Aurangabad - MPCB","co",0.26,"ppb","2025-07-10T01:45:00Z","2025-07-10T07:15:00+05:30","Asia/Kolkata",19.863756,75.321188,,,,"Maharashtra Pollution Control Board","CPCB"
3409461,"Rachnakar Colony, Aurangabad - MPCB","co",0.27,"ppb","2025-07-10T02:00:00Z","2025-07-10T07:30:00+05:30","Asia/Kolkata",19.863756,75.321188,,,,"Maharashtra Pollution Control Board","CPCB"
3409461,"Rachnakar Colony, Aurangabad - MPCB","co",0.25,"ppb","2025-07-10T02:15:00Z","2025-07-10T07:45:00+05:30","Asia/Kolkata",19.863756,75.321188,,,,"Maharashtra Pollution Control Board","CPCB"
3409461,"Rachnakar Colony, Aurangabad - MPCB","co",0.22,"ppb","2025-07-10T02:30:00Z","2025-07-10T08:00:00+05:30","Asia/Kolkata",19.863756,75.321188,,,,"Maharashtra Pollution Control Board","CPCB"
3409461,"Rachnakar Colony, Aurangabad - MPCB","co",0.21,"ppb","2025-07-10T02:45:00Z","2025-07-10T08:15:00+05:30","Asia/Kolkata",19.863756,75.321188,,,,"Maharashtra Pollution Control Board","CPCB"
3409461,"Rachnakar Colony, Aurangabad - MPCB","co",0.19,"ppb","2025-07-10T03:00:00Z","2025-07-10T08:30:00+05:30","Asia/Kolkata",19.863756,75.321188,,,,"Maharashtra Pollution Control Board","CPCB"
3409461,"Rachnakar Colony, Aurangabad - MPCB","co",0.18,"ppb","2025-07-10T03:15:00Z","2025-07-10T08:45:00+05:30","Asia/Kolkata",19.863756,75.321188,,,,"Maharashtra Pollution Control Board","CPCB"
3409461,"Rachnakar Colony, Aurangabad - MPCB","co",0.18,"ppb","2025-07-10T03:30:00Z","2025-07-10T09:00:00+05:30","Asia/Kolkata",19.863756,75.321188,,,,"Maharashtra Pollution Control Board","CPCB"
3409461,"Rachnakar Colony, Aurangabad - MPCB","co",0.2,"ppb","2025-07-10T03:45:00Z","2025-07-10T09:15:00+05:30","Asia/Kolkata",19.863756,75.321188,,,,"Maharashtra Pollution Control Board","CPCB"
3409461,"Rachnakar Colony, Aurangabad - MPCB","co",0.21,"ppb","2025-07-10T04:00:00Z","2025-07-10T09:30:00+05:30","Asia/Kolkata",19.863756,75.321188,,,,"Maharashtra Pollution Control Board","CPCB"
3409461,"Rachnakar Colony, Aurangabad - MPCB","co",0.2,"ppb","2025-07-10T04:15:00Z","2025-07-10T09:45:00+05:30","Asia/Kolkata",19.863756,75.321188,,,,"Maharashtra Pollution Control Board","CPCB"
3409461,"Rachnakar Colony, Aurangabad - MPCB","co",0.2,"ppb","2025-07-10T04:30:00Z","2025-07-10T10:00:00+05:30","Asia/Kolkata",19.863756,75.321188,,,,"Maharashtra Pollution Control Board","CPCB"
3409461,"Rachnakar Colony, Aurangabad - MPCB","co",0.22,"ppb","2025-07-10T04:45:00Z","2025-07-10T10:15:00+05:30","Asia/Kolkata",19.863756,75.321188,,,,"Maharashtra Pollution Control Board","CPCB"
3409461,"Rachnakar Colony, Aurangabad - MPCB","co",0.2,"ppb","2025-07-10T05:00:00Z","2025-07-10T10:30:00+05:30","Asia/Kolkata",19.863756,75.321188,,,,"Maharashtra Pollution Control Board","CPCB"
3409461,"Rachnakar Colony, Aurangabad - MPCB","co",0.23,"ppb","2025-07-10T05:15:00Z","2025-07-10T10:45:00+05:30","Asia/Kolkata",19.863756,75.321188,,,,"Maharashtra Pollution Control Board","CPCB"
3409461,"Rachnakar Colony, Aurangabad - MPCB","co",0.21,"ppb","2025-07-10T05:30:00Z","2025-07-10T11:00:00+05:30","Asia/Kolkata",19.863756,75.321188,,,,"Maharashtra Pollution Control Board","CPCB"
3409461,"Rachnakar Colony, Aurangabad - MPCB","co",0.19,"ppb","2025-07-10T05:45:00Z","2025-07-10T11:15:00+05:30","Asia/Kolkata",19.863756,75.321188,,,,"Maharashtra Pollution Control Board","CPCB"
3409461,"Rachnakar Colony, Aurangabad - MPCB","co",0.21,"ppb","2025-07-10T06:00:00Z","2025-07-10T11:30:00+05:30","Asia/Kolkata",19.863756,75.321188,,,,"Maharashtra Pollution Control Board","CPCB"
3409461,"Rachnakar Colony, Aurangabad - MPCB","co",0.2,"ppb","2025-07-10T06:15:00Z","2025-07-10T11:45:00+05:30","Asia/Kolkata",19.863756,75.321188,,,,"Maharashtra Pollution Control Board","CPCB"
3409461,"Rachnakar Colony, Aurangabad - MPCB","co",0.2,"ppb","2025-07-10T06:30:00Z","2025-07-10T12:00:00+05:30","Asia/Kolkata",19.863756,75.321188,,,,"Maharashtra Pollution Control Board","CPCB"
3409461,"Rachnakar Colony, Aurangabad - MPCB","co",0.21,"ppb","2025-07-10T06:45:00Z","2025-07-10T12:15:00+05:30","Asia/Kolkata",19.863756,75.321188,,,,"Maharashtra Pollution Control Board","CPCB"
3409461,"Rachnakar Colony, Aurangabad - MPCB","co",0.21,"ppb","2025-07-10T07:00:00Z","2025-07-10T12:30:00+05:30","Asia/Kolkata",19.863756,75.321188,,,,"Maharashtra Pollution Control Board","CPCB"
3409461,"Rachnakar Colony, Aurangabad - MPCB","co",0.25,"ppb","2025-07-10T07:15:00Z","2025-07-10T12:45:00+05:30","Asia/Kolkata",19.863756,75.321188,,,,"Maharashtra Pollution Control Board","CPCB"
3409461,"Rachnakar Colony, Aurangabad - MPCB","co",0.23,"ppb","2025-07-10T07:30:00Z","2025-07-10T13:00:00+05:30","Asia/Kolkata",19.863756,75.321188,,,,"Maharashtra Pollution Control Board","CPCB"
3409461,"Rachnakar Colony, Aurangabad - MPCB","co",0.2,"ppb","2025-07-10T07:45:00Z","2025-07-10T13:15:00+05:30","Asia/Kolkata",19.863756,75.321188,,,,"Maharashtra Pollution Control Board","CPCB"
3409461,"Rachnakar Colony, Aurangabad - MPCB","co",0.18,"ppb","2025-07-10T08:00:00Z","2025-07-10T13:30:00+05:30","Asia/Kolkata",19.863756,75.321188,,,,"Maharashtra Pollution Control Board","CPCB"
3409461,"Rachnakar Colony, Aurangabad - MPCB","co",0.2,"ppb","2025-07-10T08:15:00Z","2025-07-10T13:45:00+05:30","Asia/Kolkata",19.863756,75.321188,,,,"Maharashtra Pollution Control Board","CPCB"
3409461,"Rachnakar Colony, Aurangabad - MPCB","co",0.2,"ppb","2025-07-10T08:30:00Z","2025-07-10T14:00:00+05:30","Asia/Kolkata",19.863756,75.321188,,,,"Maharashtra Pollution Control Board","CPCB"
3409461,"Rachnakar Colony, Aurangabad - MPCB","co",0.21,"ppb","2025-07-10T08:45:00Z","2025-07-10T14:15:00+05:30","Asia/Kolkata",19.863756,75.321188,,,,"Maharashtra Pollution Control Board","CPCB"
3409461,"Rachnakar Colony, Aurangabad - MPCB","co",0.19,"ppb","2025-07-10T09:00:00Z","2025-07-10T14:30:00+05:30","Asia/Kolkata",19.863756,75.321188,,,,"Maharashtra Pollution Control Board","CPCB"
3409461,"Rachnakar Colony, Aurangabad - MPCB","co",0.19,"ppb","2025-07-10T09:15:00Z","2025-07-10T14:45:00+05:30","Asia/Kolkata",19.863756,75.321188,,,,"Maharashtra Pollution Control Board","CPCB"
3409461,"Rachnakar Colony, Aurangabad - MPCB","co",0.19,"ppb","2025-07-10T09:45:00Z","2025-07-10T15:15:00+05:30","Asia/Kolkata",19.863756,75.321188,,,,"Maharashtra Pollution Control Board","CPCB"
3409461,"Rachnakar Colony, Aurangabad - MPCB","co",0.19,"ppb","2025-07-10T10:00:00Z","2025-07-10T15:30:00+05:30","Asia/Kolkata",19.863756,75.321188,,,,"Maharashtra Pollution Control Board","CPCB"
3409461,"Rachnakar Colony, Aurangabad - MPCB","co",0.19,"ppb","2025-07-10T10:15:00Z","2025-07-10T15:45:00+05:30","Asia/Kolkata",19.863756,75.321188,,,,"Maharashtra Pollution Control Board","CPCB"
3409461,"Rachnakar Colony, Aurangabad - MPCB","co",0.2,"ppb","2025-07-10T10:30:00Z","2025-07-10T16:00:00+05:30","Asia/Kolkata",19.863756,75.321188,,,,"Maharashtra Pollution Control Board","CPCB"
3409461,"Rachnakar Colony, Aurangabad - MPCB","co",0.19,"ppb","2025-07-10T10:45:00Z","2025-07-10T16:15:00+05:30","Asia/Kolkata",19.863756,75.321188,,,,"Maharashtra Pollution Control Board","CPCB"
3409461,"Rachnakar Colony, Aurangabad - MPCB","co",0.18,"ppb","2025-07-10T11:00:00Z","2025-07-10T16:30:00+05:30","Asia/Kolkata",19.863756,75.321188,,,,"Maharashtra Pollution Control Board","CPCB"
3409461,"Rachnakar Colony, Aurangabad - MPCB","co",0.2,"ppb","2025-07-10T11:15:00Z","2025-07-10T16:45:00+05:30","Asia/Kolkata",19.863756,75.321188,,,,"Maharashtra Pollution Control Board","CPCB"
3409461,"Rachnakar Colony, Aurangabad - MPCB","co",0.26,"ppb","2025-07-10T11:30:00Z","2025-07-10T17:00:00+05:30","Asia/Kolkata",19.863756,75.321188,,,,"Maharashtra Pollution Control Board","CPCB"
3409461,"Rachnakar Colony, Aurangabad - MPCB","co",0.26,"ppb","2025-07-10T11:45:00Z","2025-07-10T17:15:00+05:30","Asia/Kolkata",19.863756,75.321188,,,,"Maharashtra Pollution Control Board","CPCB"
3409461,"Rachnakar Colony, Aurangabad - MPCB","co",0.22,"ppb","2025-07-10T12:00:00Z","2025-07-10T17:30:00+05:30","Asia/Kolkata",19.863756,75.321188,,,,"Maharashtra Pollution Control Board","CPCB"
3409461,"Rachnakar Colony, Aurangabad - MPCB","co",0.22,"ppb","2025-07-10T12:15:00Z","2025-07-10T17:45:00+05:30","Asia/Kolkata",19.863756,75.321188,,,,"Maharashtra Pollution Control Board","CPCB"
3409461,"Rachnakar Colony, Aurangabad - MPCB","co",0.25,"ppb","2025-07-10T12:30:00Z","2025-07-10T18:00:00+05:30","Asia/Kolkata",19.863756,75.321188,,,,"Maharashtra Pollution Control Board","CPCB"
3409461,"Rachnakar Colony, Aurangabad - MPCB","co",0.32,"ppb","2025-07-10T12:45:00Z","2025-07-10T18:15:00+05:30","Asia/Kolkata",19.863756,75.321188,,,,"Maharashtra Pollution Control Board","CPCB"
3409461,"Rachnakar Colony, Aurangabad - MPCB","co",0.34,"ppb","2025-07-10T13:00:00Z","2025-07-10T18:30:00+05:30","Asia/Kolkata",19.863756,75.321188,,,,"Maharashtra Pollution Control Board","CPCB"
3409461,"Rachnakar Colony, Aurangabad - MPCB","co",0.28,"ppb","2025-07-10T13:15:00Z","2025-07-10T18:45:00+05:30","Asia/Kolkata",19.863756,75.321188,,,,"Maharashtra Pollution Control Board","CPCB"
3409461,"Rachnakar Colony, Aurangabad - MPCB","co",0.2,"ppb","2025-07-10T13:30:00Z","2025-07-10T19:00:00+05:30","Asia/Kolkata",19.863756,75.321188,,,,"Maharashtra Pollution Control Board","CPCB"
3409461,"Rachnakar Colony, Aurangabad - MPCB","co",0.22,"ppb","2025-07-10T13:45:00Z","2025-07-10T19:15:00+05:30","Asia/Kolkata",19.863756,75.321188,,,,"Maharashtra Pollution Control Board","CPCB"
3409461,"Rachnakar Colony, Aurangabad - MPCB","co",0.28,"ppb","2025-07-10T14:00:00Z","2025-07-10T19:30:00+05:30","Asia/Kolkata",19.863756,75.321188,,,,"Maharashtra Pollution Control Board","CPCB"
3409461,"Rachnakar Colony, Aurangabad - MPCB","co",0.35,"ppb","2025-07-10T14:15:00Z","2025-07-10T19:45:00+05:30","Asia/Kolkata",19.863756,75.321188,,,,"Maharashtra Pollution Control Board","CPCB"
3409461,"Rachnakar Colony, Aurangabad - MPCB","co",0.35,"ppb","2025-07-10T14:30:00Z","2025-07-10T20:00:00+05:30","Asia/Kolkata",19.863756,75.321188,,,,"Maharashtra Pollution Control Board","CPCB"
3409461,"Rachnakar Colony, Aurangabad - MPCB","co",0.68,"ppb","2025-07-10T14:45:00Z","2025-07-10T20:15:00+05:30","Asia/Kolkata",19.863756,75.321188,,,,"Maharashtra Pollution Control Board","CPCB"
3409461,"Rachnakar Colony, Aurangabad - MPCB","co",0.52,"ppb","2025-07-10T15:00:00Z","2025-07-10T20:30:00+05:30","Asia/Kolkata",19.863756,75.321188,,,,"Maharashtra Pollution Control Board","CPCB"
3409461,"Rachnakar Colony, Aurangabad - MPCB","co",0.5,"ppb","2025-07-10T15:15:00Z","2025-07-10T20:45:00+05:30","Asia/Kolkata",19.863756,75.321188,,,,"Maharashtra Pollution Control Board","CPCB"
3409461,"Rachnakar Colony, Aurangabad - MPCB","co",0.48,"ppb","2025-07-10T15:30:00Z","2025-07-10T21:00:00+05:30","Asia/Kolkata",19.863756,75.321188,,,,"Maharashtra Pollution Control Board","CPCB"
3409461,"Rachnakar Colony, Aurangabad - MPCB","co",0.59,"ppb","2025-07-10T15:45:00Z","2025-07-10T21:15:00+05:30","Asia/Kolkata",19.863756,75.321188,,,,"Maharashtra Pollution Control Board","CPCB"
3409461,"Rachnakar Colony, Aurangabad - MPCB","co",0.47,"ppb","2025-07-10T16:00:00Z","2025-07-10T21:30:00+05:30","Asia/Kolkata",19.863756,75.321188,,,,"Maharashtra Pollution Control Board","CPCB"
3409461,"Rachnakar Colony, Aurangabad - MPCB","co",0.35,"ppb","2025-07-10T16:15:00Z","2025-07-10T21:45:00+05:30","Asia/Kolkata",19.863756,75.321188,,,,"Maharashtra Pollution Control Board","CPCB"
3409461,"Rachnakar Colony, Aurangabad - MPCB","co",0.39,"ppb","2025-07-10T16:30:00Z","2025-07-10T22:00:00+05:30","Asia/Kolkata",19.863756,75.321188,,,,"Maharashtra Pollution Control Board","CPCB"
3409461,"Rachnakar Colony, Aurangabad - MPCB","co",0.27,"ppb","2025-07-10T17:00:00Z","2025-07-10T22:30:00+05:30","Asia/Kolkata",19.863756,75.321188,,,,"Maharashtra Pollution Control Board","CPCB"
3409461,"Rachnakar Colony, Aurangabad - MPCB","co",0.25,"ppb","2025-07-10T17:15:00Z","2025-07-10T22:45:00+05:30","Asia/Kolkata",19.863756,75.321188,,,,"Maharashtra Pollution Control Board","CPCB"
3409461,"Rachnakar Colony, Aurangabad - MPCB","co",0.28,"ppb","2025-07-10T17:30:00Z","2025-07-10T23:00:00+05:30","Asia/Kolkata",19.863756,75.321188,,,,"Maharashtra Pollution Control Board","CPCB"
3409461,"Rachnakar Colony, Aurangabad - MPCB","co",0.34,"ppb","2025-07-10T17:45:00Z","2025-07-10T23:15:00+05:30","Asia/Kolkata",19.863756,75.321188,,,,"Maharashtra Pollution Control Board","CPCB"
3409461,"Rachnakar Colony, Aurangabad - MPCB","co",0.3,"ppb","2025-07-10T18:00:00Z","2025-07-10T23:30:00+05:30","Asia/Kolkata",19.863756,75.321188,,,,"Maharashtra Pollution Control Board","CPCB"
3409461,"Rachnakar Colony, Aurangabad - MPCB","co",0.27,"ppb","2025-07-10T18:15:00Z","2025-07-10T23:45:00+05:30","Asia/Kolkata",19.863756,75.321188,,,,"Maharashtra Pollution Control Board","CPCB"
3409461,"Rachnakar Colony, Aurangabad - MPCB","co",0.18,"ppb","2025-07-10T19:15:00Z","2025-07-11T00:45:00+05:30","Asia/Kolkata",19.863756,75.321188,,,,"Maharashtra Pollution Control Board","CPCB"
3409461,"Rachnakar Colony, Aurangabad - MPCB","co",0.18,"ppb","2025-07-10T19:30:00Z","2025-07-11T01:00:00+05:30","Asia/Kolkata",19.863756,75.321188,,,,"Maharashtra Pollution Control Board","CPCB"
3409461,"Rachnakar Colony, Aurangabad - MPCB","co",0.18,"ppb","2025-07-10T19:45:00Z","2025-07-11T01:15:00+05:30","Asia/Kolkata",19.863756,75.321188,,,,"Maharashtra Pollution Control Board","CPCB"
3409461,"Rachnakar Colony, Aurangabad - MPCB","co",0.17,"ppb","2025-07-10T20:00:00Z","2025-07-11T01:30:00+05:30","Asia/Kolkata",19.863756,75.321188,,,,"Maharashtra Pollution Control Board","CPCB"
3409461,"Rachnakar Colony, Aurangabad - MPCB","co",0.19,"ppb","2025-07-10T20:15:00Z","2025-07-11T01:45:00+05:30","Asia/Kolkata",19.863756,75.321188,,,,"Maharashtra Pollution Control Board","CPCB"
3409461,"Rachnakar Colony, Aurangabad - MPCB","co",0.19,"ppb","2025-07-10T20:30:00Z","2025-07-11T02:00:00+05:30","Asia/Kolkata",19.863756,75.321188,,,,"Maharashtra Pollution Control Board","CPCB"
3409461,"Rachnakar Colony, Aurangabad - MPCB","co",0.17,"ppb","2025-07-10T20:45:00Z","2025-07-11T02:15:00+05:30","Asia/Kolkata",19.863756,75.321188,,,,"Maharashtra Pollution Control Board","CPCB"
3409461,"Rachnakar Colony, Aurangabad - MPCB","co",0.17,"ppb","2025-07-10T21:00:00Z","2025-07-11T02:30:00+05:30","Asia/Kolkata",19.863756,75.321188,,,,"Maharashtra Pollution Control Board","CPCB"
3409461,"Rachnakar Colony, Aurangabad - MPCB","co",0.17,"ppb","2025-07-10T21:15:00Z","2025-07-11T02:45:00+05:30","Asia/Kolkata",19.863756,75.321188,,,,"Maharashtra Pollution Control Board","CPCB"
3409461,"Rachnakar Colony, Aurangabad - MPCB","co",0.17,"ppb","2025-07-10T21:30:00Z","2025-07-11T03:00:00+05:30","Asia/Kolkata",19.863756,75.321188,,,,"Maharashtra Pollution Control Board","CPCB"
3409461,"Rachnakar Colony, Aurangabad - MPCB","co",0.16,"ppb","2025-07-10T21:45:00Z","2025-07-11T03:15:00+05:30","Asia/Kolkata",19.863756,75.321188,,,,"Maharashtra Pollution Control Board","CPCB"
3409461,"Rachnakar Colony, Aurangabad - MPCB","co",0.15,"ppb","2025-07-10T22:00:00Z","2025-07-11T03:30:00+05:30","Asia/Kolkata",19.863756,75.321188,,,,"Maharashtra Pollution Control Board","CPCB"
3409461,"Rachnakar Colony, Aurangabad - MPCB","co",0.15,"ppb","2025-07-10T22:15:00Z","2025-07-11T03:45:00+05:30","Asia/Kolkata",19.863756,75.321188,,,,"Maharashtra Pollution Control Board","CPCB"
3409461,"Rachnakar Colony, Aurangabad - MPCB","co",0.16,"ppb","2025-07-10T22:30:00Z","2025-07-11T04:00:00+05:30","Asia/Kolkata",19.863756,75.321188,,,,"Maharashtra Pollution Control Board","CPCB"
3409461,"Rachnakar Colony, Aurangabad - MPCB","co",0.16,"ppb","2025-07-10T22:45:00Z","2025-07-11T04:15:00+05:30","Asia/Kolkata",19.863756,75.321188,,,,"Maharashtra Pollution Control Board","CPCB"
3409461,"Rachnakar Colony, Aurangabad - MPCB","co",0.17,"ppb","2025-07-10T23:00:00Z","2025-07-11T04:30:00+05:30","Asia/Kolkata",19.863756,75.321188,,,,"Maharashtra Pollution Control Board","CPCB"
3409461,"Rachnakar Colony, Aurangabad - MPCB","co",0.17,"ppb","2025-07-10T23:15:00Z","2025-07-11T04:45:00+05:30","Asia/Kolkata",19.863756,75.321188,,,,"Maharashtra Pollution Control Board","CPCB"
3409461,"Rachnakar Colony, Aurangabad - MPCB","co",0.17,"ppb","2025-07-10T23:30:00Z","2025-07-11T05:00:00+05:30","Asia/Kolkata",19.863756,75.321188,,,,"Maharashtra Pollution Control Board","CPCB"
3409461,"Rachnakar Colony, Aurangabad - MPCB","co",0.18,"ppb","2025-07-11T00:00:00Z","2025-07-11T05:30:00+05:30","Asia/Kolkata",19.863756,75.321188,,,,"Maharashtra Pollution Control Board","CPCB"
3409461,"Rachnakar Colony, Aurangabad - MPCB","no",7.53,"ppb","2025-07-10T00:15:00Z","2025-07-10T05:45:00+05:30","Asia/Kolkata",19.863756,75.321188,,,,"Maharashtra Pollution Control Board","CPCB"
3409461,"Rachnakar Colony, Aurangabad - MPCB","no",8.38,"ppb","2025-07-10T00:30:00Z","2025-07-10T06:00:00+05:30","Asia/Kolkata",19.863756,75.321188,,,,"Maharashtra Pollution Control Board","CPCB"
3409461,"Rachnakar Colony, Aurangabad - MPCB","no",8.19,"ppb","2025-07-10T00:45:00Z","2025-07-10T06:15:00+05:30","Asia/Kolkata",19.863756,75.321188,,,,"Maharashtra Pollution Control Board","CPCB"
3409461,"Rachnakar Colony, Aurangabad - MPCB","no",10.95,"ppb","2025-07-10T01:00:00Z","2025-07-10T06:30:00+05:30","Asia/Kolkata",19.863756,75.321188,,,,"Maharashtra Pollution Control Board","CPCB"
3409461,"Rachnakar Colony, Aurangabad - MPCB","no",6.01,"ppb","2025-07-10T01:15:00Z","2025-07-10T06:45:00+05:30","Asia/Kolkata",19.863756,75.321188,,,,"Maharashtra Pollution Control Board","CPCB"
3409461,"Rachnakar Colony, Aurangabad - MPCB","no",3.65,"ppb","2025-07-10T01:30:00Z","2025-07-10T07:00:00+05:30","Asia/Kolkata",19.863756,75.321188,,,,"Maharashtra Pollution Control Board","CPCB"
3409461,"Rachnakar Colony, Aurangabad - MPCB","no",3.8,"ppb","2025-07-10T01:45:00Z","2025-07-10T07:15:00+05:30","Asia/Kolkata",19.863756,75.321188,,,,"Maharashtra Pollution Control Board","CPCB"
3409461,"Rachnakar Colony, Aurangabad - MPCB","no",4.13,"ppb","2025-07-10T02:00:00Z","2025-07-10T07:30:00+05:30","Asia/Kolkata",19.863756,75.321188,,,,"Maharashtra Pollution Control Board","CPCB"
3409461,"Rachnakar Colony, Aurangabad - MPCB","no",3.81,"ppb","2025-07-10T02:15:00Z","2025-07-10T07:45:00+05:30","Asia/Kolkata",19.863756,75.321188,,,,"Maharashtra Pollution Control Board","CPCB"
3409461,"Rachnakar Colony, Aurangabad - MPCB","no",3.23,"ppb","2025-07-10T02:30:00Z","2025-07-10T08:00:00+05:30","Asia/Kolkata",19.863756,75.321188,,,,"Maharashtra Pollution Control Board","CPCB"
3409461,"Rachnakar Colony, Aurangabad - MPCB","no",2.64,"ppb","2025-07-10T02:45:00Z","2025-07-10T08:15:00+05:30","Asia/Kolkata",19.863756,75.321188,,,,"Maharashtra Pollution Control Board","CPCB"
3409461,"Rachnakar Colony, Aurangabad - MPCB","no",2.21,"ppb","2025-07-10T03:00:00Z","2025-07-10T08:30:00+05:30","Asia/Kolkata",19.863756,75.321188,,,,"Maharashtra Pollution Control Board","CPCB"
3409461,"Rachnakar Colony, Aurangabad - MPCB","no",2.01,"ppb","2025-07-10T03:15:00Z","2025-07-10T08:45:00+05:30","Asia/Kolkata",19.863756,75.321188,,,,"Maharashtra Pollution Control Board","CPCB"
3409461,"Rachnakar Colony, Aurangabad - MPCB","no",2.02,"ppb","2025-07-10T03:30:00Z","2025-07-10T09:00:00+05:30","Asia/Kolkata",19.863756,75.321188,,,,"Maharashtra Pollution Control Board","CPCB"
3409461,"Rachnakar Colony, Aurangabad - MPCB","no",2.68,"ppb","2025-07-10T03:45:00Z","2025-07-10T09:15:00+05:30","Asia/Kolkata",19.863756,75.321188,,,,"Maharashtra Pollution Control Board","CPCB"
3409461,"Rachnakar Colony, Aurangabad - MPCB","no",3.32,"ppb","2025-07-10T04:00:00Z","2025-07-10T09:30:00+05:30","Asia/Kolkata",19.863756,75.321188,,,,"Maharashtra Pollution Control Board","CPCB"
3409461,"Rachnakar Colony, Aurangabad - MPCB","no",3.54,"ppb","2025-07-10T04:15:00Z","2025-07-10T09:45:00+05:30","Asia/Kolkata",19.863756,75.321188,,,,"Maharashtra Pollution Control Board","CPCB"
3409461,"Rachnakar Colony, Aurangabad - MPCB","no",3.4,"ppb","2025-07-10T04:30:00Z","2025-07-10T10:00:00+05:30","Asia/Kolkata",19.863756,75.321188,,,,"Maharashtra Pollution Control Board","CPCB"
3409461,"Rachnakar Colony, Aurangabad - MPCB","no",3.73,"ppb","2025-07-10T04:45:00Z","2025-07-10T10:15:00+05:30","Asia/Kolkata",19.863756,75.321188,,,,"Maharashtra Pollution Control Board","CPCB"
3409461,"Rachnakar Colony, Aurangabad - MPCB","no",3.54,"ppb","2025-07-10T05:00:00Z","2025-07-10T10:30:00+05:30","Asia/Kolkata",19.863756,75.321188,,,,"Maharashtra Pollution Control Board","CPCB"
3409461,"Rachnakar Colony, Aurangabad - MPCB","no",3.4,"ppb","2025-07-10T05:15:00Z","2025-07-10T10:45:00+05:30","Asia/Kolkata",19.863756,75.321188,,,,"Maharashtra Pollution Control Board","CPCB"
3409461,"Rachnakar Colony, Aurangabad - MPCB","no",3.01,"ppb","2025-07-10T05:30:00Z","2025-07-10T11:00:00+05:30","Asia/Kolkata",19.863756,75.321188,,,,"Maharashtra Pollution Control Board","CPCB"
3409461,"Rachnakar Colony, Aurangabad - MPCB","no",2.67,"ppb","2025-07-10T05:45:00Z","2025-07-10T11:15:00+05:30","Asia/Kolkata",19.863756,75.321188,,,,"Maharashtra Pollution Control Board","CPCB"
3409461,"Rachnakar Colony, Aurangabad - MPCB","no",2.57,"ppb","2025-07-10T06:00:00Z","2025-07-10T11:30:00+05:30","Asia/Kolkata",19.863756,75.321188,,,,"Maharashtra Pollution Control Board","CPCB"
3409461,"Rachnakar Colony, Aurangabad - MPCB","no",2.43,"ppb","2025-07-10T06:15:00Z","2025-07-10T11:45:00+05:30","Asia/Kolkata",19.863756,75.321188,,,,"Maharashtra Pollution Control Board","CPCB"
3409461,"Rachnakar Colony, Aurangabad - MPCB","no",2.2,"ppb","2025-07-10T06:30:00Z","2025-07-10T12:00:00+05:30","Asia/Kolkata",19.863756,75.321188,,,,"Maharashtra Pollution Control Board","CPCB"
3409461,"Rachnakar Colony, Aurangabad - MPCB","no",2.19,"ppb","2025-07-10T06:45:00Z","2025-07-10T12:15:00+05:30","Asia/Kolkata",19.863756,75.321188,,,,"Maharashtra Pollution Control Board","CPCB"
3409461,"Rachnakar Colony, Aurangabad - MPCB","no",2.18,"ppb","2025-07-10T07:00:00Z","2025-07-10T12:30:00+05:30","Asia/Kolkata",19.863756,75.321188,,,,"Maharashtra Pollution Control Board","CPCB"
3409461,"Rachnakar Colony, Aurangabad - MPCB","no",2.37,"ppb","2025-07-10T07:15:00Z","2025-07-10T12:45:00+05:30","Asia/Kolkata",19.863756,75.321188,,,,"Maharashtra Pollution Control Board","CPCB"
3409461,"Rachnakar Colony, Aurangabad - MPCB","no",2.22,"ppb","2025-07-10T07:30:00Z","2025-07-10T13:00:00+05:30","Asia/Kolkata",19.863756,75.321188,,,,"Maharashtra Pollution Control Board","CPCB"
3409461,"Rachnakar Colony, Aurangabad - MPCB","no",2.02,"ppb","2025-07-10T07:45:00Z","2025-07-10T13:15:00+05:30","Asia/Kolkata",19.863756,75.321188,,,,"Maharashtra Pollution Control Board","CPCB"
3409461,"Rachnakar Colony, Aurangabad - MPCB","no",1.89,"ppb","2025-07-10T08:00:00Z","2025-07-10T13:30:00+05:30","Asia/Kolkata",19.863756,75.321188,,,,"Maharashtra Pollution Control Board","CPCB"
3409461,"Rachnakar Colony, Aurangabad - MPCB","no",1.88,"ppb","2025-07-10T08:15:00Z","2025-07-10T13:45:00+05:30","Asia/Kolkata",19.863756,75.321188,,,,"Maharashtra Pollution Control Board","CPCB"
3409461,"Rachnakar Colony, Aurangabad - MPCB","no",1.9,"ppb","2025-07-10T08:30:00Z","2025-07-10T14:00:00+05:30","Asia/Kolkata",19.863756,75.321188,,,,"Maharashtra Pollution Control Board","CPCB"
3409461,"Rachnakar Colony, Aurangabad - MPCB","no",1.88,"ppb","2025-07-10T08:45:00Z","2025-07-10T14:15:00+05:30","Asia/Kolkata",19.863756,75.321188,,,,"Maharashtra Pollution Control Board","CPCB"
3409461,"Rachnakar Colony, Aurangabad - MPCB","no",1.85,"ppb","2025-07-10T09:00:00Z","2025-07-10T14:30:00+05:30","Asia/Kolkata",19.863756,75.321188,,,,"Maharashtra Pollution Control Board","CPCB"
3409461,"Rachnakar Colony, Aurangabad - MPCB","no",1.88,"ppb","2025-07-10T09:15:00Z","2025-07-10T14:45:00+05:30","Asia/Kolkata",19.863756,75.321188,,,,"Maharashtra Pollution Control Board","CPCB"
3409461,"Rachnakar Colony, Aurangabad - MPCB","no",1.81,"ppb","2025-07-10T09:45:00Z","2025-07-10T15:15:00+05:30","Asia/Kolkata",19.863756,75.321188,,,,"Maharashtra Pollution Control Board","CPCB"
3409461,"Rachnakar Colony, Aurangabad - MPCB","no",1.8,"ppb","2025-07-10T10:00:00Z","2025-07-10T15:30:00+05:30","Asia/Kolkata",19.863756,75.321188,,,,"Maharashtra Pollution Control Board","CPCB"
3409461,"Rachnakar Colony, Aurangabad - MPCB","no",1.91,"ppb","2025-07-10T10:15:00Z","2025-07-10T15:45:00+05:30","Asia/Kolkata",19.863756,75.321188,,,,"Maharashtra Pollution Control Board","CPCB"
3409461,"Rachnakar Colony, Aurangabad - MPCB","no",1.94,"ppb","2025-07-10T10:30:00Z","2025-07-10T16:00:00+05:30","Asia/Kolkata",19.863756,75.321188,,,,"Maharashtra Pollution Control Board","CPCB"
3409461,"Rachnakar Colony, Aurangabad - MPCB","no",1.77,"ppb","2025-07-10T10:45:00Z","2025-07-10T16:15:00+05:30","Asia/Kolkata",19.863756,75.321188,,,,"Maharashtra Pollution Control Board","CPCB"
3409461,"Rachnakar Colony, Aurangabad - MPCB","no",1.7,"ppb","2025-07-10T11:00:00Z","2025-07-10T16:30:00+05:30","Asia/Kolkata",19.863756,75.321188,,,,"Maharashtra Pollution Control Board","CPCB"
3409461,"Rachnakar Colony, Aurangabad - MPCB","no",1.76,"ppb","2025-07-10T11:15:00Z","2025-07-10T16:45:00+05:30","Asia/Kolkata",19.863756,75.321188,,,,"Maharashtra Pollution Control Board","CPCB"
3409461,"Rachnakar Colony, Aurangabad - MPCB","no",2.78,"ppb","2025-07-10T11:30:00Z","2025-07-10T17:00:00+05:30","Asia/Kolkata",19.863756,75.321188,,,,"Maharashtra Pollution Control Board","CPCB"
3409461,"Rachnakar Colony, Aurangabad - MPCB","no",2.84,"ppb","2025-07-10T11:45:00Z","2025-07-10T17:15:00+05:30","Asia/Kolkata",19.863756,75.321188,,,,"Maharashtra Pollution Control Board","CPCB"
3409461,"Rachnakar Colony, Aurangabad - MPCB","no",2.06,"ppb","2025-07-10T12:00:00Z","2025-07-10T17:30:00+05:30","Asia/Kolkata",19.863756,75.321188,,,,"Maharashtra Pollution Control Board","CPCB"
3409461,"Rachnakar Colony, Aurangabad - MPCB","no",1.83,"ppb","2025-07-10T12:15:00Z","2025-07-10T17:45:00+05:30","Asia/Kolkata",19.863756,75.321188,,,,"Maharashtra Pollution Control Board","CPCB"
3409461,"Rachnakar Colony, Aurangabad - MPCB","no",1.85,"ppb","2025-07-10T12:30:00Z","2025-07-10T18:00:00+05:30","Asia/Kolkata",19.863756,75.321188,,,,"Maharashtra Pollution Control Board","CPCB"
3409461,"Rachnakar Colony, Aurangabad - MPCB","no",2.3,"ppb","2025-07-10T12:45:00Z","2025-07-10T18:15:00+05:30","Asia/Kolkata",19.863756,75.321188,,,,"Maharashtra Pollution Control Board","CPCB"
3409461,"Rachnakar Colony, Aurangabad - MPCB","no",2.11,"ppb","2025-07-10T13:00:00Z","2025-07-10T18:30:00+05:30","Asia/Kolkata",19.863756,75.321188,,,,"Maharashtra Pollution Control Board","CPCB"
3409461,"Rachnakar Colony, Aurangabad - MPCB","no",1.94,"ppb","2025-07-10T13:15:00Z","2025-07-10T18:45:00+05:30","Asia/Kolkata",19.863756,75.321188,,,,"Maharashtra Pollution Control Board","CPCB"
3409461,"Rachnakar Colony, Aurangabad - MPCB","no",1.71,"ppb","2025-07-10T13:30:00Z","2025-07-10T19:00:00+05:30","Asia/Kolkata",19.863756,75.321188,,,,"Maharashtra Pollution Control Board","CPCB"
3409461,"Rachnakar Colony, Aurangabad - MPCB","no",1.7,"ppb","2025-07-10T13:45:00Z","2025-07-10T19:15:00+05:30","Asia/Kolkata",19.863756,75.321188,,,,"Maharashtra Pollution Control Board","CPCB"
3409461,"Rachnakar Colony, Aurangabad - MPCB","no",1.65,"ppb","2025-07-10T14:00:00Z","2025-07-10T19:30:00+05:30","Asia/Kolkata",19.863756,75.321188,,,,"Maharashtra Pollution Control Board","CPCB"
3409461,"Rachnakar Colony, Aurangabad - MPCB","no",1.68,"ppb","2025-07-10T14:15:00Z","2025-07-10T19:45:00+05:30","Asia/Kolkata",19.863756,75.321188,,,,"Maharashtra Pollution Control Board","CPCB"
3409461,"Rachnakar Colony, Aurangabad - MPCB","no",1.71,"ppb","2025-07-10T14:30:00Z","2025-07-10T20:00:00+05:30","Asia/Kolkata",19.863756,75.321188,,,,"Maharashtra Pollution Control Board","CPCB"
3409461,"Rachnakar Colony, Aurangabad - MPCB","no",6.81,"ppb","2025-07-10T14:45:00Z","2025-07-10T20:15:00+05:30","Asia/Kolkata",19.863756,75.321188,,,,"Maharashtra Pollution Control Board","CPCB"
3409461,"Rachnakar Colony, Aurangabad - MPCB","no",5.49,"ppb","2025-07-10T15:00:00Z","2025-07-10T20:30:00+05:30","Asia/Kolkata",19.863756,75.321188,,,,"Maharashtra Pollution Control Board","CPCB"
3409461,"Rachnakar Colony, Aurangabad - MPCB","no",3.05,"ppb","2025-07-10T15:15:00Z","2025-07-10T20:45:00+05:30","Asia/Kolkata",19.863756,75.321188,,,,"Maharashtra Pollution Control Board","CPCB"
3409461,"Rachnakar Colony, Aurangabad - MPCB","no",2.66,"ppb","2025-07-10T15:30:00Z","2025-07-10T21:00:00+05:30","Asia/Kolkata",19.863756,75.321188,,,,"Maharashtra Pollution Control Board","CPCB"
3409461,"Rachnakar Colony, Aurangabad - MPCB","no",3.83,"ppb","2025-07-10T15:45:00Z","2025-07-10T21:15:00+05:30","Asia/Kolkata",19.863756,75.321188,,,,"Maharashtra Pollution Control Board","CPCB"
3409461,"Rachnakar Colony, Aurangabad - MPCB","no",2.96,"ppb","2025-07-10T16:00:00Z","2025-07-10T21:30:00+05:30","Asia/Kolkata",19.863756,75.321188,,,,"Maharashtra Pollution Control Board","CPCB"
3409461,"Rachnakar Colony, Aurangabad - MPCB","no",2.24,"ppb","2025-07-10T16:15:00Z","2025-07-10T21:45:00+05:30","Asia/Kolkata",19.863756,75.321188,,,,"Maharashtra Pollution Control Board","CPCB"
3409461,"Rachnakar Colony, Aurangabad - MPCB","no",3.69,"ppb","2025-07-10T16:30:00Z","2025-07-10T22:00:00+05:30","Asia/Kolkata",19.863756,75.321188,,,,"Maharashtra Pollution Control Board","CPCB"
3409461,"Rachnakar Colony, Aurangabad - MPCB","no",2.22,"ppb","2025-07-10T17:00:00Z","2025-07-10T22:30:00+05:30","Asia/Kolkata",19.863756,75.321188,,,,"Maharashtra Pollution Control Board","CPCB"
3409461,"Rachnakar Colony, Aurangabad - MPCB","no",1.95,"ppb","2025-07-10T17:15:00Z","2025-07-10T22:45:00+05:30","Asia/Kolkata",19.863756,75.321188,,,,"Maharashtra Pollution Control Board","CPCB"
3409461,"Rachnakar Colony, Aurangabad - MPCB","no",2.03,"ppb","2025-07-10T17:30:00Z","2025-07-10T23:00:00+05:30","Asia/Kolkata",19.863756,75.321188,,,,"Maharashtra Pollution Control Board","CPCB"
3409461,"Rachnakar Colony, Aurangabad - MPCB","no",2.8,"ppb","2025-07-10T17:45:00Z","2025-07-10T23:15:00+05:30","Asia/Kolkata",19.863756,75.321188,,,,"Maharashtra Pollution Control Board","CPCB"
3409461,"Rachnakar Colony, Aurangabad - MPCB","no",2.73,"ppb","2025-07-10T18:00:00Z","2025-07-10T23:30:00+05:30","Asia/Kolkata",19.863756,75.321188,,,,"Maharashtra Pollution Control Board","CPCB"
3409461,"Rachnakar Colony, Aurangabad - MPCB","no",2.3,"ppb","2025-07-10T18:15:00Z","2025-07-10T23:45:00+05:30","Asia/Kolkata",19.863756,75.321188,,,,"Maharashtra Pollution Control Board","CPCB"
3409461,"Rachnakar Colony, Aurangabad - MPCB","no",1.84,"ppb","2025-07-10T19:15:00Z","2025-07-11T00:45:00+05:30","Asia/Kolkata",19.863756,75.321188,,,,"Maharashtra Pollution Control Board","CPCB"
3409461,"Rachnakar Colony, Aurangabad - MPCB","no",1.83,"ppb","2025-07-10T19:30:00Z","2025-07-11T01:00:00+05:30","Asia/Kolkata",19.863756,75.321188,,,,"Maharashtra Pollution Control Board","CPCB"
3409461,"Rachnakar Colony, Aurangabad - MPCB","no",1.8,"ppb","2025-07-10T19:45:00Z","2025-07-11T01:15:00+05:30","Asia/Kolkata",19.863756,75.321188,,,,"Maharashtra Pollution Control Board","CPCB"
3409461,"Rachnakar Colony, Aurangabad - MPCB","no",1.78,"ppb","2025-07-10T20:00:00Z","2025-07-11T01:30:00+05:30","Asia/Kolkata",19.863756,75.321188,,,,"Maharashtra Pollution Control Board","CPCB"
3409461,"Rachnakar Colony, Aurangabad - MPCB","no",1.82,"ppb","2025-07-10T20:15:00Z","2025-07-11T01:45:00+05:30","Asia/Kolkata",19.863756,75.321188,,,,"Maharashtra Pollution Control Board","CPCB"
3409461,"Rachnakar Colony, Aurangabad - MPCB","no",1.81,"ppb","2025-07-10T20:30:00Z","2025-07-11T02:00:00+05:30","Asia/Kolkata",19.863756,75.321188,,,,"Maharashtra Pollution Control Board","CPCB"
3409461,"Rachnakar Colony, Aurangabad - MPCB","no",1.82,"ppb","2025-07-10T20:45:00Z","2025-07-11T02:15:00+05:30","Asia/Kolkata",19.863756,75.321188,,,,"Maharashtra Pollution Control Board","CPCB"
3409461,"Rachnakar Colony, Aurangabad - MPCB","no",1.79,"ppb","2025-07-10T21:00:00Z","2025-07-11T02:30:00+05:30","Asia/Kolkata",19.863756,75.321188,,,,"Maharashtra Pollution Control Board","CPCB"
3409461,"Rachnakar Colony, Aurangabad - MPCB","no",1.79,"ppb","2025-07-10T21:15:00Z","2025-07-11T02:45:00+05:30","Asia/Kolkata",19.863756,75.321188,,,,"Maharashtra Pollution Control Board","CPCB"
3409461,"Rachnakar Colony, Aurangabad - MPCB","no",1.81,"ppb","2025-07-10T21:30:00Z","2025-07-11T03:00:00+05:30","Asia/Kolkata",19.863756,75.321188,,,,"Maharashtra Pollution Control Board","CPCB"
3409461,"Rachnakar Colony, Aurangabad - MPCB","no",1.83,"ppb","2025-07-10T21:45:00Z","2025-07-11T03:15:00+05:30","Asia/Kolkata",19.863756,75.321188,,,,"Maharashtra Pollution Control Board","CPCB"
3409461,"Rachnakar Colony, Aurangabad - MPCB","no",1.8,"ppb","2025-07-10T22:00:00Z","2025-07-11T03:30:00+05:30","Asia/Kolkata",19.863756,75.321188,,,,"Maharashtra Pollution Control Board","CPCB"
3409461,"Rachnakar Colony, Aurangabad - MPCB","no",1.8,"ppb","2025-07-10T22:15:00Z","2025-07-11T03:45:00+05:30","Asia/Kolkata",19.863756,75.321188,,,,"Maharashtra Pollution Control Board","CPCB"
3409461,"Rachnakar Colony, Aurangabad - MPCB","no",1.78,"ppb","2025-07-10T22:30:00Z","2025-07-11T04:00:00+05:30","Asia/Kolkata",19.863756,75.321188,,,,"Maharashtra Pollution Control Board","CPCB"
3409461,"Rachnakar Colony, Aurangabad - MPCB","no",1.76,"ppb","2025-07-10T22:45:00Z","2025-07-11T04:15:00+05:30","Asia/Kolkata",19.863756,75.321188,,,,"Maharashtra Pollution Control Board","CPCB"
3409461,"Rachnakar Colony, Aurangabad - MPCB","no",1.81,"ppb","2025-07-10T23:00:00Z","2025-07-11T04:30:00+05:30","Asia/Kolkata",19.863756,75.321188,,,,"Maharashtra Pollution Control Board","CPCB"
3409461,"Rachnakar Colony, Aurangabad - MPCB","no",1.8,"ppb","2025-07-10T23:15:00Z","2025-07-11T04:45:00+05:30","Asia/Kolkata",19.863756,75.321188,,,,"Maharashtra Pollution Control Board","CPCB"
3409461,"Rachnakar Colony, Aurangabad - MPCB","no",1.82,"ppb","2025-07-10T23:30:00Z","2025-07-11T05:00:00+05:30","Asia/Kolkata",19.863756,75.321188,,,,"Maharashtra Pollution Control Board","CPCB"
3409461,"Rachnakar Colony, Aurangabad - MPCB","no",1.89,"ppb","2025-07-10T23:45:00Z","2025-07-11T05:15:00+05:30","Asia/Kolkata",19.863756,75.321188,,,,"Maharashtra Pollution Control Board","CPCB"
3409461,"Rachnakar Colony, Aurangabad - MPCB","no",1.96,"ppb","2025-07-11T00:00:00Z","2025-07-11T05:30:00+05:30","Asia/Kolkata",19.863756,75.321188,,,,"Maharashtra Pollution Control Board","CPCB"
3409461,"Rachnakar Colony, Aurangabad - MPCB","no2",28.37,"ppb","2025-07-10T00:15:00Z","2025-07-10T05:45:00+05:30","Asia/Kolkata",19.863756,75.321188,,,,"Maharashtra Pollution Control Board","CPCB"
3409461,"Rachnakar Colony, Aurangabad - MPCB","no2",29.53,"ppb","2025-07-10T00:30:00Z","2025-07-10T06:00:00+05:30","Asia/Kolkata",19.863756,75.321188,,,,"Maharashtra Pollution Control Board","CPCB"
3409461,"Rachnakar Colony, Aurangabad - MPCB","no2",30.79,"ppb","2025-07-10T00:45:00Z","2025-07-10T06:15:00+05:30","Asia/Kolkata",19.863756,75.321188,,,,"Maharashtra Pollution Control Board","CPCB"
3409461,"Rachnakar Colony, Aurangabad - MPCB","no2",35.84,"ppb","2025-07-10T01:00:00Z","2025-07-10T06:30:00+05:30","Asia/Kolkata",19.863756,75.321188,,,,"Maharashtra Pollution Control Board","CPCB"
3409461,"Rachnakar Colony, Aurangabad - MPCB","no2",28.2,"ppb","2025-07-10T01:15:00Z","2025-07-10T06:45:00+05:30","Asia/Kolkata",19.863756,75.321188,,,,"Maharashtra Pollution Control Board","CPCB"
3409461,"Rachnakar Colony, Aurangabad - MPCB","no2",22.27,"ppb","2025-07-10T01:30:00Z","2025-07-10T07:00:00+05:30","Asia/Kolkata",19.863756,75.321188,,,,"Maharashtra Pollution Control Board","CPCB"
3409461,"Rachnakar Colony, Aurangabad - MPCB","no2",22.98,"ppb","2025-07-10T01:45:00Z","2025-07-10T07:15:00+05:30","Asia/Kolkata",19.863756,75.321188,,,,"Maharashtra Pollution Control Board","CPCB"
3409461,"Rachnakar Colony, Aurangabad - MPCB","no2",23.54,"ppb","2025-07-10T02:00:00Z","2025-07-10T07:30:00+05:30","Asia/Kolkata",19.863756,75.321188,,,,"Maharashtra Pollution Control Board","CPCB"
3409461,"Rachnakar Colony, Aurangabad - MPCB","no2",22.08,"ppb","2025-07-10T02:15:00Z","2025-07-10T07:45:00+05:30","Asia/Kolkata",19.863756,75.321188,,,,"Maharashtra Pollution Control Board","CPCB"
3409461,"Rachnakar Colony, Aurangabad - MPCB","no2",18.37,"ppb","2025-07-10T02:30:00Z","2025-07-10T08:00:00+05:30","Asia/Kolkata",19.863756,75.321188,,,,"Maharashtra Pollution Control Board","CPCB"
3409461,"Rachnakar Colony, Aurangabad - MPCB","no2",15.42,"ppb","2025-07-10T02:45:00Z","2025-07-10T08:15:00+05:30","Asia/Kolkata",19.863756,75.321188,,,,"Maharashtra Pollution Control Board","CPCB"
3409461,"Rachnakar Colony, Aurangabad - MPCB","no2",13.36,"ppb","2025-07-10T03:00:00Z","2025-07-10T08:30:00+05:30","Asia/Kolkata",19.863756,75.321188,,,,"Maharashtra Pollution Control Board","CPCB"
3409461,"Rachnakar Colony, Aurangabad - MPCB","no2",11.69,"ppb","2025-07-10T03:15:00Z","2025-07-10T08:45:00+05:30","Asia/Kolkata",19.863756,75.321188,,,,"Maharashtra Pollution Control Board","CPCB"
3409461,"Rachnakar Colony, Aurangabad - MPCB","no2",10.95,"ppb","2025-07-10T03:30:00Z","2025-07-10T09:00:00+05:30","Asia/Kolkata",19.863756,75.321188,,,,"Maharashtra Pollution Control Board","CPCB"
3409461,"Rachnakar Colony, Aurangabad - MPCB","no2",12.93,"ppb","2025-07-10T03:45:00Z","2025-07-10T09:15:00+05:30","Asia/Kolkata",19.863756,75.321188,,,,"Maharashtra Pollution Control Board","CPCB"
3409461,"Rachnakar Colony, Aurangabad - MPCB","no2",14.51,"ppb","2025-07-10T04:00:00Z","2025-07-10T09:30:00+05:30","Asia/Kolkata",19.863756,75.321188,,,,"Maharashtra Pollution Control Board","CPCB"
3409461,"Rachnakar Colony, Aurangabad - MPCB","no2",14.44,"ppb","2025-07-10T04:15:00Z","2025-07-10T09:45:00+05:30","Asia/Kolkata",19.863756,75.321188,,,,"Maharashtra Pollution Control Board","CPCB"
3409461,"Rachnakar Colony, Aurangabad - MPCB","no2",12.95,"ppb","2025-07-10T04:30:00Z","2025-07-10T10:00:00+05:30","Asia/Kolkata",19.863756,75.321188,,,,"Maharashtra Pollution Control Board","CPCB"
3409461,"Rachnakar Colony, Aurangabad - MPCB","no2",15,"ppb","2025-07-10T04:45:00Z","2025-07-10T10:15:00+05:30","Asia/Kolkata",19.863756,75.321188,,,,"Maharashtra Pollution Control Board","CPCB"
3409461,"Rachnakar Colony, Aurangabad - MPCB","no2",14.28,"ppb","2025-07-10T05:00:00Z","2025-07-10T10:30:00+05:30","Asia/Kolkata",19.863756,75.321188,,,,"Maharashtra Pollution Control Board","CPCB"
3409461,"Rachnakar Colony, Aurangabad - MPCB","no2",14.38,"ppb","2025-07-10T05:15:00Z","2025-07-10T10:45:00+05:30","Asia/Kolkata",19.863756,75.321188,,,,"Maharashtra Pollution Control Board","CPCB"
3409461,"Rachnakar Colony, Aurangabad - MPCB","no2",13.71,"ppb","2025-07-10T05:30:00Z","2025-07-10T11:00:00+05:30","Asia/Kolkata",19.863756,75.321188,,,,"Maharashtra Pollution Control Board","CPCB"
3409461,"Rachnakar Colony, Aurangabad - MPCB","no2",11.89,"ppb","2025-07-10T05:45:00Z","2025-07-10T11:15:00+05:30","Asia/Kolkata",19.863756,75.321188,,,,"Maharashtra Pollution Control Board","CPCB"
3409461,"Rachnakar Colony, Aurangabad - MPCB","no2",12.48,"ppb","2025-07-10T06:00:00Z","2025-07-10T11:30:00+05:30","Asia/Kolkata",19.863756,75.321188,,,,"Maharashtra Pollution Control Board","CPCB"
3409461,"Rachnakar Colony, Aurangabad - MPCB","no2",12.41,"ppb","2025-07-10T06:15:00Z","2025-07-10T11:45:00+05:30","Asia/Kolkata",19.863756,75.321188,,,,"Maharashtra Pollution Control Board","CPCB"
3409461,"Rachnakar Colony, Aurangabad - MPCB","no2",10.99,"ppb","2025-07-10T06:30:00Z","2025-07-10T12:00:00+05:30","Asia/Kolkata",19.863756,75.321188,,,,"Maharashtra Pollution Control Board","CPCB"
3409461,"Rachnakar Colony, Aurangabad - MPCB","no2",11.24,"ppb","2025-07-10T06:45:00Z","2025-07-10T12:15:00+05:30","Asia/Kolkata",19.863756,75.321188,,,,"Maharashtra Pollution Control Board","CPCB"
3409461,"Rachnakar Colony, Aurangabad - MPCB","no2",11.43,"ppb","2025-07-10T07:00:00Z","2025-07-10T12:30:00+05:30","Asia/Kolkata",19.863756,75.321188,,,,"Maharashtra Pollution Control Board","CPCB"
3409461,"Rachnakar Colony, Aurangabad - MPCB","no2",13.49,"ppb","2025-07-10T07:15:00Z","2025-07-10T12:45:00+05:30","Asia/Kolkata",19.863756,75.321188,,,,"Maharashtra Pollution Control Board","CPCB"
3409461,"Rachnakar Colony, Aurangabad - MPCB","no2",12.6,"ppb","2025-07-10T07:30:00Z","2025-07-10T13:00:00+05:30","Asia/Kolkata",19.863756,75.321188,,,,"Maharashtra Pollution Control Board","CPCB"
3409461,"Rachnakar Colony, Aurangabad - MPCB","no2",10.62,"ppb","2025-07-10T07:45:00Z","2025-07-10T13:15:00+05:30","Asia/Kolkata",19.863756,75.321188,,,,"Maharashtra Pollution Control Board","CPCB"
3409461,"Rachnakar Colony, Aurangabad - MPCB","no2",10.14,"ppb","2025-07-10T08:00:00Z","2025-07-10T13:30:00+05:30","Asia/Kolkata",19.863756,75.321188,,,,"Maharashtra Pollution Control Board","CPCB"
3409461,"Rachnakar Colony, Aurangabad - MPCB","no2",10.69,"ppb","2025-07-10T08:15:00Z","2025-07-10T13:45:00+05:30","Asia/Kolkata",19.863756,75.321188,,,,"Maharashtra Pollution Control Board","CPCB"
3409461,"Rachnakar Colony, Aurangabad - MPCB","no2",11.09,"ppb","2025-07-10T08:30:00Z","2025-07-10T14:00:00+05:30","Asia/Kolkata",19.863756,75.321188,,,,"Maharashtra Pollution Control Board","CPCB"
3409461,"Rachnakar Colony, Aurangabad - MPCB","no2",11.15,"ppb","2025-07-10T08:45:00Z","2025-07-10T14:15:00+05:30","Asia/Kolkata",19.863756,75.321188,,,,"Maharashtra Pollution Control Board","CPCB"
3409461,"Rachnakar Colony, Aurangabad - MPCB","no2",10.66,"ppb","2025-07-10T09:00:00Z","2025-07-10T14:30:00+05:30","Asia/Kolkata",19.863756,75.321188,,,,"Maharashtra Pollution Control Board","CPCB"
3409461,"Rachnakar Colony, Aurangabad - MPCB","no2",11.31,"ppb","2025-07-10T09:15:00Z","2025-07-10T14:45:00+05:30","Asia/Kolkata",19.863756,75.321188,,,,"Maharashtra Pollution Control Board","CPCB"
3409461,"Rachnakar Colony, Aurangabad - MPCB","no2",10.1,"ppb","2025-07-10T09:45:00Z","2025-07-10T15:15:00+05:30","Asia/Kolkata",19.863756,75.321188,,,,"Maharashtra Pollution Control Board","CPCB"
3409461,"Rachnakar Colony, Aurangabad - MPCB","no2",10.75,"ppb","2025-07-10T10:00:00Z","2025-07-10T15:30:00+05:30","Asia/Kolkata",19.863756,75.321188,,,,"Maharashtra Pollution Control Board","CPCB"
3409461,"Rachnakar Colony, Aurangabad - MPCB","no2",11.94,"ppb","2025-07-10T10:15:00Z","2025-07-10T15:45:00+05:30","Asia/Kolkata",19.863756,75.321188,,,,"Maharashtra Pollution Control Board","CPCB"
3409461,"Rachnakar Colony, Aurangabad - MPCB","no2",12.15,"ppb","2025-07-10T10:30:00Z","2025-07-10T16:00:00+05:30","Asia/Kolkata",19.863756,75.321188,,,,"Maharashtra Pollution Control Board","CPCB"
3409461,"Rachnakar Colony, Aurangabad - MPCB","no2",11.21,"ppb","2025-07-10T10:45:00Z","2025-07-10T16:15:00+05:30","Asia/Kolkata",19.863756,75.321188,,,,"Maharashtra Pollution Control Board","CPCB"
3409461,"Rachnakar Colony, Aurangabad - MPCB","no2",10.88,"ppb","2025-07-10T11:00:00Z","2025-07-10T16:30:00+05:30","Asia/Kolkata",19.863756,75.321188,,,,"Maharashtra Pollution Control Board","CPCB"
3409461,"Rachnakar Colony, Aurangabad - MPCB","no2",11.41,"ppb","2025-07-10T11:15:00Z","2025-07-10T16:45:00+05:30","Asia/Kolkata",19.863756,75.321188,,,,"Maharashtra Pollution Control Board","CPCB"
3409461,"Rachnakar Colony, Aurangabad - MPCB","no2",18.08,"ppb","2025-07-10T11:30:00Z","2025-07-10T17:00:00+05:30","Asia/Kolkata",19.863756,75.321188,,,,"Maharashtra Pollution Control Board","CPCB"
3409461,"Rachnakar Colony, Aurangabad - MPCB","no2",20.81,"ppb","2025-07-10T11:45:00Z","2025-07-10T17:15:00+05:30","Asia/Kolkata",19.863756,75.321188,,,,"Maharashtra Pollution Control Board","CPCB"
3409461,"Rachnakar Colony, Aurangabad - MPCB","no2",17.04,"ppb","2025-07-10T12:00:00Z","2025-07-10T17:30:00+05:30","Asia/Kolkata",19.863756,75.321188,,,,"Maharashtra Pollution Control Board","CPCB"
3409461,"Rachnakar Colony, Aurangabad - MPCB","no2",15.3,"ppb","2025-07-10T12:15:00Z","2025-07-10T17:45:00+05:30","Asia/Kolkata",19.863756,75.321188,,,,"Maharashtra Pollution Control Board","CPCB"
3409461,"Rachnakar Colony, Aurangabad - MPCB","no2",18.03,"ppb","2025-07-10T12:30:00Z","2025-07-10T18:00:00+05:30","Asia/Kolkata",19.863756,75.321188,,,,"Maharashtra Pollution Control Board","CPCB"
3409461,"Rachnakar Colony, Aurangabad - MPCB","no2",26.64,"ppb","2025-07-10T12:45:00Z","2025-07-10T18:15:00+05:30","Asia/Kolkata",19.863756,75.321188,,,,"Maharashtra Pollution Control Board","CPCB"
3409461,"Rachnakar Colony, Aurangabad - MPCB","no2",28.48,"ppb","2025-07-10T13:00:00Z","2025-07-10T18:30:00+05:30","Asia/Kolkata",19.863756,75.321188,,,,"Maharashtra Pollution Control Board","CPCB"
3409461,"Rachnakar Colony, Aurangabad - MPCB","no2",25.82,"ppb","2025-07-10T13:15:00Z","2025-07-10T18:45:00+05:30","Asia/Kolkata",19.863756,75.321188,,,,"Maharashtra Pollution Control Board","CPCB"
3409461,"Rachnakar Colony, Aurangabad - MPCB","no2",16.23,"ppb","2025-07-10T13:30:00Z","2025-07-10T19:00:00+05:30","Asia/Kolkata",19.863756,75.321188,,,,"Maharashtra Pollution Control Board","CPCB"
3409461,"Rachnakar Colony, Aurangabad - MPCB","no2",16.66,"ppb","2025-07-10T13:45:00Z","2025-07-10T19:15:00+05:30","Asia/Kolkata",19.863756,75.321188,,,,"Maharashtra Pollution Control Board","CPCB"
3409461,"Rachnakar Colony, Aurangabad - MPCB","no2",18.22,"ppb","2025-07-10T14:00:00Z","2025-07-10T19:30:00+05:30","Asia/Kolkata",19.863756,75.321188,,,,"Maharashtra Pollution Control Board","CPCB"
3409461,"Rachnakar Colony, Aurangabad - MPCB","no2",25,"ppb","2025-07-10T14:15:00Z","2025-07-10T19:45:00+05:30","Asia/Kolkata",19.863756,75.321188,,,,"Maharashtra Pollution Control Board","CPCB"
3409461,"Rachnakar Colony, Aurangabad - MPCB","no2",27.05,"ppb","2025-07-10T14:30:00Z","2025-07-10T20:00:00+05:30","Asia/Kolkata",19.863756,75.321188,,,,"Maharashtra Pollution Control Board","CPCB"
3409461,"Rachnakar Colony, Aurangabad - MPCB","no2",42.63,"ppb","2025-07-10T14:45:00Z","2025-07-10T20:15:00+05:30","Asia/Kolkata",19.863756,75.321188,,,,"Maharashtra Pollution Control Board","CPCB"
3409461,"Rachnakar Colony, Aurangabad - MPCB","no2",41.78,"ppb","2025-07-10T15:00:00Z","2025-07-10T20:30:00+05:30","Asia/Kolkata",19.863756,75.321188,,,,"Maharashtra Pollution Control Board","CPCB"
3409461,"Rachnakar Colony, Aurangabad - MPCB","no2",38.03,"ppb","2025-07-10T15:15:00Z","2025-07-10T20:45:00+05:30","Asia/Kolkata",19.863756,75.321188,,,,"Maharashtra Pollution Control Board","CPCB"
3409461,"Rachnakar Colony, Aurangabad - MPCB","no2",36.92,"ppb","2025-07-10T15:30:00Z","2025-07-10T21:00:00+05:30","Asia/Kolkata",19.863756,75.321188,,,,"Maharashtra Pollution Control Board","CPCB"
3409461,"Rachnakar Colony, Aurangabad - MPCB","no2",39.9,"ppb","2025-07-10T15:45:00Z","2025-07-10T21:15:00+05:30","Asia/Kolkata",19.863756,75.321188,,,,"Maharashtra Pollution Control Board","CPCB"
3409461,"Rachnakar Colony, Aurangabad - MPCB","no2",37.16,"ppb","2025-07-10T16:00:00Z","2025-07-10T21:30:00+05:30","Asia/Kolkata",19.863756,75.321188,,,,"Maharashtra Pollution Control Board","CPCB"
3409461,"Rachnakar Colony, Aurangabad - MPCB","no2",32.05,"ppb","2025-07-10T16:15:00Z","2025-07-10T21:45:00+05:30","Asia/Kolkata",19.863756,75.321188,,,,"Maharashtra Pollution Control Board","CPCB"
3409461,"Rachnakar Colony, Aurangabad - MPCB","no2",33.59,"ppb","2025-07-10T16:30:00Z","2025-07-10T22:00:00+05:30","Asia/Kolkata",19.863756,75.321188,,,,"Maharashtra Pollution Control Board","CPCB"
3409461,"Rachnakar Colony, Aurangabad - MPCB","no2",24.94,"ppb","2025-07-10T17:00:00Z","2025-07-10T22:30:00+05:30","Asia/Kolkata",19.863756,75.321188,,,,"Maharashtra Pollution Control Board","CPCB"
3409461,"Rachnakar Colony, Aurangabad - MPCB","no2",21.59,"ppb","2025-07-10T17:15:00Z","2025-07-10T22:45:00+05:30","Asia/Kolkata",19.863756,75.321188,,,,"Maharashtra Pollution Control Board","CPCB"
3409461,"Rachnakar Colony, Aurangabad - MPCB","no2",21.19,"ppb","2025-07-10T17:30:00Z","2025-07-10T23:00:00+05:30","Asia/Kolkata",19.863756,75.321188,,,,"Maharashtra Pollution Control Board","CPCB"
3409461,"Rachnakar Colony, Aurangabad - MPCB","no2",25.22,"ppb","2025-07-10T17:45:00Z","2025-07-10T23:15:00+05:30","Asia/Kolkata",19.863756,75.321188,,,,"Maharashtra Pollution Control Board","CPCB"
3409461,"Rachnakar Colony, Aurangabad - MPCB","no2",25.93,"ppb","2025-07-10T18:00:00Z","2025-07-10T23:30:00+05:30","Asia/Kolkata",19.863756,75.321188,,,,"Maharashtra Pollution Control Board","CPCB"
3409461,"Rachnakar Colony, Aurangabad - MPCB","no2",25.4,"ppb","2025-07-10T18:15:00Z","2025-07-10T23:45:00+05:30","Asia/Kolkata",19.863756,75.321188,,,,"Maharashtra Pollution Control Board","CPCB"
3409461,"Rachnakar Colony, Aurangabad - MPCB","no2",15.93,"ppb","2025-07-10T19:15:00Z","2025-07-11T00:45:00+05:30","Asia/Kolkata",19.863756,75.321188,,,,"Maharashtra Pollution Control Board","CPCB"
3409461,"Rachnakar Colony, Aurangabad - MPCB","no2",15.14,"ppb","2025-07-10T19:30:00Z","2025-07-11T01:00:00+05:30","Asia/Kolkata",19.863756,75.321188,,,,"Maharashtra Pollution Control Board","CPCB"
3409461,"Rachnakar Colony, Aurangabad - MPCB","no2",14.52,"ppb","2025-07-10T19:45:00Z","2025-07-11T01:15:00+05:30","Asia/Kolkata",19.863756,75.321188,,,,"Maharashtra Pollution Control Board","CPCB"
3409461,"Rachnakar Colony, Aurangabad - MPCB","no2",14.31,"ppb","2025-07-10T20:00:00Z","2025-07-11T01:30:00+05:30","Asia/Kolkata",19.863756,75.321188,,,,"Maharashtra Pollution Control Board","CPCB"
3409461,"Rachnakar Colony, Aurangabad - MPCB","no2",14.87,"ppb","2025-07-10T20:15:00Z","2025-07-11T01:45:00+05:30","Asia/Kolkata",19.863756,75.321188,,,,"Maharashtra Pollution Control Board","CPCB"
3409461,"Rachnakar Colony, Aurangabad - MPCB","no2",16.11,"ppb","2025-07-10T20:30:00Z","2025-07-11T02:00:00+05:30","Asia/Kolkata",19.863756,75.321188,,,,"Maharashtra Pollution Control Board","CPCB"
3409461,"Rachnakar Colony, Aurangabad - MPCB","no2",15.94,"ppb","2025-07-10T20:45:00Z","2025-07-11T02:15:00+05:30","Asia/Kolkata",19.863756,75.321188,,,,"Maharashtra Pollution Control Board","CPCB"
3409461,"Rachnakar Colony, Aurangabad - MPCB","no2",13.86,"ppb","2025-07-10T21:00:00Z","2025-07-11T02:30:00+05:30","Asia/Kolkata",19.863756,75.321188,,,,"Maharashtra Pollution Control Board","CPCB"
3409461,"Rachnakar Colony, Aurangabad - MPCB","no2",12.94,"ppb","2025-07-10T21:15:00Z","2025-07-11T02:45:00+05:30","Asia/Kolkata",19.863756,75.321188,,,,"Maharashtra Pollution Control Board","CPCB"
3409461,"Rachnakar Colony, Aurangabad - MPCB","no2",12.82,"ppb","2025-07-10T21:30:00Z","2025-07-11T03:00:00+05:30","Asia/Kolkata",19.863756,75.321188,,,,"Maharashtra Pollution Control Board","CPCB"
3409461,"Rachnakar Colony, Aurangabad - MPCB","no2",12.13,"ppb","2025-07-10T21:45:00Z","2025-07-11T03:15:00+05:30","Asia/Kolkata",19.863756,75.321188,,,,"Maharashtra Pollution Control Board","CPCB"
3409461,"Rachnakar Colony, Aurangabad - MPCB","no2",11.36,"ppb","2025-07-10T22:00:00Z","2025-07-11T03:30:00+05:30","Asia/Kolkata",19.863756,75.321188,,,,"Maharashtra Pollution Control Board","CPCB"
3409461,"Rachnakar Colony, Aurangabad - MPCB","no2",10.75,"ppb","2025-07-10T22:15:00Z","2025-07-11T03:45:00+05:30","Asia/Kolkata",19.863756,75.321188,,,,"Maharashtra Pollution Control Board","CPCB"
3409461,"Rachnakar Colony, Aurangabad - MPCB","no2",10.63,"ppb","2025-07-10T22:30:00Z","2025-07-11T04:00:00+05:30","Asia/Kolkata",19.863756,75.321188,,,,"Maharashtra Pollution Control Board","CPCB"
3409461,"Rachnakar Colony, Aurangabad - MPCB","no2",10.66,"ppb","2025-07-10T22:45:00Z","2025-07-11T04:15:00+05:30","Asia/Kolkata",19.863756,75.321188,,,,"Maharashtra Pollution Control Board","CPCB"
3409461,"Rachnakar Colony, Aurangabad - MPCB","no2",10.97,"ppb","2025-07-10T23:00:00Z","2025-07-11T04:30:00+05:30","Asia/Kolkata",19.863756,75.321188,,,,"Maharashtra Pollution Control Board","CPCB"
3409461,"Rachnakar Colony, Aurangabad - MPCB","no2",10.67,"ppb","2025-07-10T23:15:00Z","2025-07-11T04:45:00+05:30","Asia/Kolkata",19.863756,75.321188,,,,"Maharashtra Pollution Control Board","CPCB"
3409461,"Rachnakar Colony, Aurangabad - MPCB","no2",11.56,"ppb","2025-07-10T23:30:00Z","2025-07-11T05:00:00+05:30","Asia/Kolkata",19.863756,75.321188,,,,"Maharashtra Pollution Control Board","CPCB"
3409461,"Rachnakar Colony, Aurangabad - MPCB","no2",12.08,"ppb","2025-07-10T23:45:00Z","2025-07-11T05:15:00+05:30","Asia/Kolkata",19.863756,75.321188,,,,"Maharashtra Pollution Control Board","CPCB"
3409461,"Rachnakar Colony, Aurangabad - MPCB","no2",13.58,"ppb","2025-07-11T00:00:00Z","2025-07-11T05:30:00+05:30","Asia/Kolkata",19.863756,75.321188,,,,"Maharashtra Pollution Control Board","CPCB"
3409461,"Rachnakar Colony, Aurangabad - MPCB","o3",12.57,"µg/m³","2025-07-10T00:15:00Z","2025-07-10T05:45:00+05:30","Asia/Kolkata",19.863756,75.321188,,,,"Maharashtra Pollution Control Board","CPCB"
3409461,"Rachnakar Colony, Aurangabad - MPCB","o3",14.48,"µg/m³","2025-07-10T00:30:00Z","2025-07-10T06:00:00+05:30","Asia/Kolkata",19.863756,75.321188,,,,"Maharashtra Pollution Control Board","CPCB"
3409461,"Rachnakar Colony, Aurangabad - MPCB","o3",11.6,"µg/m³","2025-07-10T00:45:00Z","2025-07-10T06:15:00+05:30","Asia/Kolkata",19.863756,75.321188,,,,"Maharashtra Pollution Control Board","CPCB"
3409461,"Rachnakar Colony, Aurangabad - MPCB","o3",15.75,"µg/m³","2025-07-10T01:00:00Z","2025-07-10T06:30:00+05:30","Asia/Kolkata",19.863756,75.321188,,,,"Maharashtra Pollution Control Board","CPCB"
3409461,"Rachnakar Colony, Aurangabad - MPCB","o3",13.79,"µg/m³","2025-07-10T01:15:00Z","2025-07-10T06:45:00+05:30","Asia/Kolkata",19.863756,75.321188,,,,"Maharashtra Pollution Control Board","CPCB"
3409461,"Rachnakar Colony, Aurangabad - MPCB","o3",15.27,"µg/m³","2025-07-10T01:30:00Z","2025-07-10T07:00:00+05:30","Asia/Kolkata",19.863756,75.321188,,,,"Maharashtra Pollution Control Board","CPCB"
3409461,"Rachnakar Colony, Aurangabad - MPCB","o3",13.49,"µg/m³","2025-07-10T01:45:00Z","2025-07-10T07:15:00+05:30","Asia/Kolkata",19.863756,75.321188,,,,"Maharashtra Pollution Control Board","CPCB"
3409461,"Rachnakar Colony, Aurangabad - MPCB","o3",11.05,"µg/m³","2025-07-10T02:00:00Z","2025-07-10T07:30:00+05:30","Asia/Kolkata",19.863756,75.321188,,,,"Maharashtra Pollution Control Board","CPCB"
3409461,"Rachnakar Colony, Aurangabad - MPCB","o3",14.36,"µg/m³","2025-07-10T02:15:00Z","2025-07-10T07:45:00+05:30","Asia/Kolkata",19.863756,75.321188,,,,"Maharashtra Pollution Control Board","CPCB"
3409461,"Rachnakar Colony, Aurangabad - MPCB","o3",13.58,"µg/m³","2025-07-10T02:30:00Z","2025-07-10T08:00:00+05:30","Asia/Kolkata",19.863756,75.321188,,,,"Maharashtra Pollution Control Board","CPCB"
3409461,"Rachnakar Colony, Aurangabad - MPCB","o3",14.04,"µg/m³","2025-07-10T02:45:00Z","2025-07-10T08:15:00+05:30","Asia/Kolkata",19.863756,75.321188,,,,"Maharashtra Pollution Control Board","CPCB"
3409461,"Rachnakar Colony, Aurangabad - MPCB","o3",21.05,"µg/m³","2025-07-10T03:00:00Z","2025-07-10T08:30:00+05:30","Asia/Kolkata",19.863756,75.321188,,,,"Maharashtra Pollution Control Board","CPCB"
3409461,"Rachnakar Colony, Aurangabad - MPCB","o3",76.7,"µg/m³","2025-07-10T03:15:00Z","2025-07-10T08:45:00+05:30","Asia/Kolkata",19.863756,75.321188,,,,"Maharashtra Pollution Control Board","CPCB"
3409461,"Rachnakar Colony, Aurangabad - MPCB","o3",70.37,"µg/m³","2025-07-10T03:30:00Z","2025-07-10T09:00:00+05:30","Asia/Kolkata",19.863756,75.321188,,,,"Maharashtra Pollution Control Board","CPCB"
3409461,"Rachnakar Colony, Aurangabad - MPCB","o3",71.23,"µg/m³","2025-07-10T03:45:00Z","2025-07-10T09:15:00+05:30","Asia/Kolkata",19.863756,75.321188,,,,"Maharashtra Pollution Control Board","CPCB"
3409461,"Rachnakar Colony, Aurangabad - MPCB","o3",65.54,"µg/m³","2025-07-10T04:00:00Z","2025-07-10T09:30:00+05:30","Asia/Kolkata",19.863756,75.321188,,,,"Maharashtra Pollution Control Board","CPCB"
3409461,"Rachnakar Colony, Aurangabad - MPCB","o3",66.91,"µg/m³","2025-07-10T04:15:00Z","2025-07-10T09:45:00+05:30","Asia/Kolkata",19.863756,75.321188,,,,"Maharashtra Pollution Control Board","CPCB"
3409461,"Rachnakar Colony, Aurangabad - MPCB","o3",59.86,"µg/m³","2025-07-10T04:30:00Z","2025-07-10T10:00:00+05:30","Asia/Kolkata",19.863756,75.321188,,,,"Maharashtra Pollution Control Board","CPCB"
3409461,"Rachnakar Colony, Aurangabad - MPCB","o3",70.43,"µg/m³","2025-07-10T04:45:00Z","2025-07-10T10:15:00+05:30","Asia/Kolkata",19.863756,75.321188,,,,"Maharashtra Pollution Control Board","CPCB"
3409461,"Rachnakar Colony, Aurangabad - MPCB","o3",55.73,"µg/m³","2025-07-10T05:00:00Z","2025-07-10T10:30:00+05:30","Asia/Kolkata",19.863756,75.321188,,,,"Maharashtra Pollution Control Board","CPCB"
3409461,"Rachnakar Colony, Aurangabad - MPCB","o3",58.88,"µg/m³","2025-07-10T05:15:00Z","2025-07-10T10:45:00+05:30","Asia/Kolkata",19.863756,75.321188,,,,"Maharashtra Pollution Control Board","CPCB"
3409461,"Rachnakar Colony, Aurangabad - MPCB","o3",61.47,"µg/m³","2025-07-10T05:30:00Z","2025-07-10T11:00:00+05:30","Asia/Kolkata",19.863756,75.321188,,,,"Maharashtra Pollution Control Board","CPCB"
3409461,"Rachnakar Colony, Aurangabad - MPCB","o3",66.04,"µg/m³","2025-07-10T05:45:00Z","2025-07-10T11:15:00+05:30","Asia/Kolkata",19.863756,75.321188,,,,"Maharashtra Pollution Control Board","CPCB"
3409461,"Rachnakar Colony, Aurangabad - MPCB","o3",58.44,"µg/m³","2025-07-10T06:00:00Z","2025-07-10T11:30:00+05:30","Asia/Kolkata",19.863756,75.321188,,,,"Maharashtra Pollution Control Board","CPCB"
3409461,"Rachnakar Colony, Aurangabad - MPCB","o3",65.58,"µg/m³","2025-07-10T06:15:00Z","2025-07-10T11:45:00+05:30","Asia/Kolkata",19.863756,75.321188,,,,"Maharashtra Pollution Control Board","CPCB"
3409461,"Rachnakar Colony, Aurangabad - MPCB","o3",66.59,"µg/m³","2025-07-10T06:30:00Z","2025-07-10T12:00:00+05:30","Asia/Kolkata",19.863756,75.321188,,,,"Maharashtra Pollution Control Board","CPCB"
3409461,"Rachnakar Colony, Aurangabad - MPCB","o3",64.94,"µg/m³","2025-07-10T06:45:00Z","2025-07-10T12:15:00+05:30","Asia/Kolkata",19.863756,75.321188,,,,"Maharashtra Pollution Control Board","CPCB"
3409461,"Rachnakar Colony, Aurangabad - MPCB","o3",64.33,"µg/m³","2025-07-10T07:00:00Z","2025-07-10T12:30:00+05:30","Asia/Kolkata",19.863756,75.321188,,,,"Maharashtra Pollution Control Board","CPCB"
3409461,"Rachnakar Colony, Aurangabad - MPCB","o3",57.92,"µg/m³","2025-07-10T07:15:00Z","2025-07-10T12:45:00+05:30","Asia/Kolkata",19.863756,75.321188,,,,"Maharashtra Pollution Control Board","CPCB"
3409461,"Rachnakar Colony, Aurangabad - MPCB","o3",59.56,"µg/m³","2025-07-10T07:30:00Z","2025-07-10T13:00:00+05:30","Asia/Kolkata",19.863756,75.321188,,,,"Maharashtra Pollution Control Board","CPCB"
3409461,"Rachnakar Colony, Aurangabad - MPCB","o3",64.63,"µg/m³","2025-07-10T07:45:00Z","2025-07-10T13:15:00+05:30","Asia/Kolkata",19.863756,75.321188,,,,"Maharashtra Pollution Control Board","CPCB"
3409461,"Rachnakar Colony, Aurangabad - MPCB","o3",50.21,"µg/m³","2025-07-10T08:00:00Z","2025-07-10T13:30:00+05:30","Asia/Kolkata",19.863756,75.321188,,,,"Maharashtra Pollution Control Board","CPCB"
3409461,"Rachnakar Colony, Aurangabad - MPCB","o3",71.96,"µg/m³","2025-07-10T08:15:00Z","2025-07-10T13:45:00+05:30","Asia/Kolkata",19.863756,75.321188,,,,"Maharashtra Pollution Control Board","CPCB"
3409461,"Rachnakar Colony, Aurangabad - MPCB","o3",69.98,"µg/m³","2025-07-10T08:30:00Z","2025-07-10T14:00:00+05:30","Asia/Kolkata",19.863756,75.321188,,,,"Maharashtra Pollution Control Board","CPCB"
3409461,"Rachnakar Colony, Aurangabad - MPCB","o3",59.28,"µg/m³","2025-07-10T08:45:00Z","2025-07-10T14:15:00+05:30","Asia/Kolkata",19.863756,75.321188,,,,"Maharashtra Pollution Control Board","CPCB"
3409461,"Rachnakar Colony, Aurangabad - MPCB","o3",62.01,"µg/m³","2025-07-10T09:00:00Z","2025-07-10T14:30:00+05:30","Asia/Kolkata",19.863756,75.321188,,,,"Maharashtra Pollution Control Board","CPCB"
3409461,"Rachnakar Colony, Aurangabad - MPCB","o3",103.97,"µg/m³","2025-07-10T09:15:00Z","2025-07-10T14:45:00+05:30","Asia/Kolkata",19.863756,75.321188,,,,"Maharashtra Pollution Control Board","CPCB"
3409461,"Rachnakar Colony, Aurangabad - MPCB","o3",75.93,"µg/m³","2025-07-10T09:45:00Z","2025-07-10T15:15:00+05:30","Asia/Kolkata",19.863756,75.321188,,,,"Maharashtra Pollution Control Board","CPCB"
3409461,"Rachnakar Colony, Aurangabad - MPCB","o3",83.54,"µg/m³","2025-07-10T10:00:00Z","2025-07-10T15:30:00+05:30","Asia/Kolkata",19.863756,75.321188,,,,"Maharashtra Pollution Control Board","CPCB"
3409461,"Rachnakar Colony, Aurangabad - MPCB","o3",82.57,"µg/m³","2025-07-10T10:15:00Z","2025-07-10T15:45:00+05:30","Asia/Kolkata",19.863756,75.321188,,,,"Maharashtra Pollution Control Board","CPCB"
3409461,"Rachnakar Colony, Aurangabad - MPCB","o3",81.22,"µg/m³","2025-07-10T10:30:00Z","2025-07-10T16:00:00+05:30","Asia/Kolkata",19.863756,75.321188,,,,"Maharashtra Pollution Control Board","CPCB"
3409461,"Rachnakar Colony, Aurangabad - MPCB","o3",82.35,"µg/m³","2025-07-10T10:45:00Z","2025-07-10T16:15:00+05:30","Asia/Kolkata",19.863756,75.321188,,,,"Maharashtra Pollution Control Board","CPCB"
3409461,"Rachnakar Colony, Aurangabad - MPCB","o3",94.28,"µg/m³","2025-07-10T11:00:00Z","2025-07-10T16:30:00+05:30","Asia/Kolkata",19.863756,75.321188,,,,"Maharashtra Pollution Control Board","CPCB"
3409461,"Rachnakar Colony, Aurangabad - MPCB","o3",75.06,"µg/m³","2025-07-10T11:15:00Z","2025-07-10T16:45:00+05:30","Asia/Kolkata",19.863756,75.321188,,,,"Maharashtra Pollution Control Board","CPCB"
3409461,"Rachnakar Colony, Aurangabad - MPCB","o3",81.42,"µg/m³","2025-07-10T11:30:00Z","2025-07-10T17:00:00+05:30","Asia/Kolkata",19.863756,75.321188,,,,"Maharashtra Pollution Control Board","CPCB"
3409461,"Rachnakar Colony, Aurangabad - MPCB","o3",104.97,"µg/m³","2025-07-10T11:45:00Z","2025-07-10T17:15:00+05:30","Asia/Kolkata",19.863756,75.321188,,,,"Maharashtra Pollution Control Board","CPCB"
3409461,"Rachnakar Colony, Aurangabad - MPCB","o3",80.94,"µg/m³","2025-07-10T12:00:00Z","2025-07-10T17:30:00+05:30","Asia/Kolkata",19.863756,75.321188,,,,"Maharashtra Pollution Control Board","CPCB"
3409461,"Rachnakar Colony, Aurangabad - MPCB","o3",45.74,"µg/m³","2025-07-10T12:15:00Z","2025-07-10T17:45:00+05:30","Asia/Kolkata",19.863756,75.321188,,,,"Maharashtra Pollution Control Board","CPCB"
3409461,"Rachnakar Colony, Aurangabad - MPCB","o3",10.73,"µg/m³","2025-07-10T12:30:00Z","2025-07-10T18:00:00+05:30","Asia/Kolkata",19.863756,75.321188,,,,"Maharashtra Pollution Control Board","CPCB"
3409461,"Rachnakar Colony, Aurangabad - MPCB","o3",12.06,"µg/m³","2025-07-10T12:45:00Z","2025-07-10T18:15:00+05:30","Asia/Kolkata",19.863756,75.321188,,,,"Maharashtra Pollution Control Board","CPCB"
3409461,"Rachnakar Colony, Aurangabad - MPCB","o3",13.5,"µg/m³","2025-07-10T13:00:00Z","2025-07-10T18:30:00+05:30","Asia/Kolkata",19.863756,75.321188,,,,"Maharashtra Pollution Control Board","CPCB"
3409461,"Rachnakar Colony, Aurangabad - MPCB","o3",16.74,"µg/m³","2025-07-10T13:15:00Z","2025-07-10T18:45:00+05:30","Asia/Kolkata",19.863756,75.321188,,,,"Maharashtra Pollution Control Board","CPCB"
3409461,"Rachnakar Colony, Aurangabad - MPCB","o3",15.14,"µg/m³","2025-07-10T13:30:00Z","2025-07-10T19:00:00+05:30","Asia/Kolkata",19.863756,75.321188,,,,"Maharashtra Pollution Control Board","CPCB"
3409461,"Rachnakar Colony, Aurangabad - MPCB","o3",15.55,"µg/m³","2025-07-10T13:45:00Z","2025-07-10T19:15:00+05:30","Asia/Kolkata",19.863756,75.321188,,,,"Maharashtra Pollution Control Board","CPCB"
3409461,"Rachnakar Colony, Aurangabad - MPCB","o3",14.77,"µg/m³","2025-07-10T14:00:00Z","2025-07-10T19:30:00+05:30","Asia/Kolkata",19.863756,75.321188,,,,"Maharashtra Pollution Control Board","CPCB"
3409461,"Rachnakar Colony, Aurangabad - MPCB","o3",15.15,"µg/m³","2025-07-10T14:15:00Z","2025-07-10T19:45:00+05:30","Asia/Kolkata",19.863756,75.321188,,,,"Maharashtra Pollution Control Board","CPCB"
3409461,"Rachnakar Colony, Aurangabad - MPCB","o3",14.15,"µg/m³","2025-07-10T14:30:00Z","2025-07-10T20:00:00+05:30","Asia/Kolkata",19.863756,75.321188,,,,"Maharashtra Pollution Control Board","CPCB"
3409461,"Rachnakar Colony, Aurangabad - MPCB","o3",14.12,"µg/m³","2025-07-10T14:45:00Z","2025-07-10T20:15:00+05:30","Asia/Kolkata",19.863756,75.321188,,,,"Maharashtra Pollution Control Board","CPCB"
3409461,"Rachnakar Colony, Aurangabad - MPCB","o3",13.8,"µg/m³","2025-07-10T15:00:00Z","2025-07-10T20:30:00+05:30","Asia/Kolkata",19.863756,75.321188,,,,"Maharashtra Pollution Control Board","CPCB"
3409461,"Rachnakar Colony, Aurangabad - MPCB","o3",13.91,"µg/m³","2025-07-10T15:15:00Z","2025-07-10T20:45:00+05:30","Asia/Kolkata",19.863756,75.321188,,,,"Maharashtra Pollution Control Board","CPCB"
3409461,"Rachnakar Colony, Aurangabad - MPCB","o3",14.61,"µg/m³","2025-07-10T15:30:00Z","2025-07-10T21:00:00+05:30","Asia/Kolkata",19.863756,75.321188,,,,"Maharashtra Pollution Control Board","CPCB"
3409461,"Rachnakar Colony, Aurangabad - MPCB","o3",9.95,"µg/m³","2025-07-10T15:45:00Z","2025-07-10T21:15:00+05:30","Asia/Kolkata",19.863756,75.321188,,,,"Maharashtra Pollution Control Board","CPCB"
3409461,"Rachnakar Colony, Aurangabad - MPCB","o3",15.57,"µg/m³","2025-07-10T16:00:00Z","2025-07-10T21:30:00+05:30","Asia/Kolkata",19.863756,75.321188,,,,"Maharashtra Pollution Control Board","CPCB"
3409461,"Rachnakar Colony, Aurangabad - MPCB","o3",13.77,"µg/m³","2025-07-10T16:15:00Z","2025-07-10T21:45:00+05:30","Asia/Kolkata",19.863756,75.321188,,,,"Maharashtra Pollution Control Board","CPCB"
3409461,"Rachnakar Colony, Aurangabad - MPCB","o3",11.46,"µg/m³","2025-07-10T16:30:00Z","2025-07-10T22:00:00+05:30","Asia/Kolkata",19.863756,75.321188,,,,"Maharashtra Pollution Control Board","CPCB"
3409461,"Rachnakar Colony, Aurangabad - MPCB","o3",14.94,"µg/m³","2025-07-10T17:00:00Z","2025-07-10T22:30:00+05:30","Asia/Kolkata",19.863756,75.321188,,,,"Maharashtra Pollution Control Board","CPCB"
3409461,"Rachnakar Colony, Aurangabad - MPCB","o3",13.99,"µg/m³","2025-07-10T17:15:00Z","2025-07-10T22:45:00+05:30","Asia/Kolkata",19.863756,75.321188,,,,"Maharashtra Pollution Control Board","CPCB"
3409461,"Rachnakar Colony, Aurangabad - MPCB","o3",11.19,"µg/m³","2025-07-10T17:30:00Z","2025-07-10T23:00:00+05:30","Asia/Kolkata",19.863756,75.321188,,,,"Maharashtra Pollution Control Board","CPCB"
3409461,"Rachnakar Colony, Aurangabad - MPCB","o3",16.97,"µg/m³","2025-07-10T17:45:00Z","2025-07-10T23:15:00+05:30","Asia/Kolkata",19.863756,75.321188,,,,"Maharashtra Pollution Control Board","CPCB"
3409461,"Rachnakar Colony, Aurangabad - MPCB","o3",16.67,"µg/m³","2025-07-10T18:00:00Z","2025-07-10T23:30:00+05:30","Asia/Kolkata",19.863756,75.321188,,,,"Maharashtra Pollution Control Board","CPCB"
3409461,"Rachnakar Colony, Aurangabad - MPCB","o3",10.18,"µg/m³","2025-07-10T18:15:00Z","2025-07-10T23:45:00+05:30","Asia/Kolkata",19.863756,75.321188,,,,"Maharashtra Pollution Control Board","CPCB"
3409461,"Rachnakar Colony, Aurangabad - MPCB","o3",7.4,"µg/m³","2025-07-10T19:15:00Z","2025-07-11T00:45:00+05:30","Asia/Kolkata",19.863756,75.321188,,,,"Maharashtra Pollution Control Board","CPCB"
3409461,"Rachnakar Colony, Aurangabad - MPCB","o3",12.85,"µg/m³","2025-07-10T19:30:00Z","2025-07-11T01:00:00+05:30","Asia/Kolkata",19.863756,75.321188,,,,"Maharashtra Pollution Control Board","CPCB"
3409461,"Rachnakar Colony, Aurangabad - MPCB","o3",14.74,"µg/m³","2025-07-10T19:45:00Z","2025-07-11T01:15:00+05:30","Asia/Kolkata",19.863756,75.321188,,,,"Maharashtra Pollution Control Board","CPCB"
3409461,"Rachnakar Colony, Aurangabad - MPCB","o3",15.98,"µg/m³","2025-07-10T20:00:00Z","2025-07-11T01:30:00+05:30","Asia/Kolkata",19.863756,75.321188,,,,"Maharashtra Pollution Control Board","CPCB"
3409461,"Rachnakar Colony, Aurangabad - MPCB","o3",13.04,"µg/m³","2025-07-10T20:15:00Z","2025-07-11T01:45:00+05:30","Asia/Kolkata",19.863756,75.321188,,,,"Maharashtra Pollution Control Board","CPCB"
3409461,"Rachnakar Colony, Aurangabad - MPCB","o3",16.18,"µg/m³","2025-07-10T20:30:00Z","2025-07-11T02:00:00+05:30","Asia/Kolkata",19.863756,75.321188,,,,"Maharashtra Pollution Control Board","CPCB"
3409461,"Rachnakar Colony, Aurangabad - MPCB","o3",13.27,"µg/m³","2025-07-10T20:45:00Z","2025-07-11T02:15:00+05:30","Asia/Kolkata",19.863756,75.321188,,,,"Maharashtra Pollution Control Board","CPCB"
3409461,"Rachnakar Colony, Aurangabad - MPCB","o3",16.46,"µg/m³","2025-07-10T21:00:00Z","2025-07-11T02:30:00+05:30","Asia/Kolkata",19.863756,75.321188,,,,"Maharashtra Pollution Control Board","CPCB"
3409461,"Rachnakar Colony, Aurangabad - MPCB","o3",14.64,"µg/m³","2025-07-10T21:15:00Z","2025-07-11T02:45:00+05:30","Asia/Kolkata",19.863756,75.321188,,,,"Maharashtra Pollution Control Board","CPCB"
3409461,"Rachnakar Colony, Aurangabad - MPCB","o3",12.92,"µg/m³","2025-07-10T21:30:00Z","2025-07-11T03:00:00+05:30","Asia/Kolkata",19.863756,75.321188,,,,"Maharashtra Pollution Control Board","CPCB"
3409461,"Rachnakar Colony, Aurangabad - MPCB","o3",15.6,"µg/m³","2025-07-10T21:45:00Z","2025-07-11T03:15:00+05:30","Asia/Kolkata",19.863756,75.321188,,,,"Maharashtra Pollution Control Board","CPCB"
3409461,"Rachnakar Colony, Aurangabad - MPCB","o3",11.21,"µg/m³","2025-07-10T22:00:00Z","2025-07-11T03:30:00+05:30","Asia/Kolkata",19.863756,75.321188,,,,"Maharashtra Pollution Control Board","CPCB"
3409461,"Rachnakar Colony, Aurangabad - MPCB","o3",14.06,"µg/m³","2025-07-10T22:15:00Z","2025-07-11T03:45:00+05:30","Asia/Kolkata",19.863756,75.321188,,,,"Maharashtra Pollution Control Board","CPCB"
3409461,"Rachnakar Colony, Aurangabad - MPCB","o3",13.38,"µg/m³","2025-07-10T22:30:00Z","2025-07-11T04:00:00+05:30","Asia/Kolkata",19.863756,75.321188,,,,"Maharashtra Pollution Control Board","CPCB"
3409461,"Rachnakar Colony, Aurangabad - MPCB","o3",13.99,"µg/m³","2025-07-10T22:45:00Z","2025-07-11T04:15:00+05:30","Asia/Kolkata",19.863756,75.321188,,,,"Maharashtra Pollution Control Board","CPCB"
3409461,"Rachnakar Colony, Aurangabad - MPCB","o3",12.52,"µg/m³","2025-07-10T23:00:00Z","2025-07-11T04:30:00+05:30","Asia/Kolkata",19.863756,75.321188,,,,"Maharashtra Pollution Control Board","CPCB"
3409461,"Rachnakar Colony, Aurangabad - MPCB","o3",14.49,"µg/m³","2025-07-10T23:15:00Z","2025-07-11T04:45:00+05:30","Asia/Kolkata",19.863756,75.321188,,,,"Maharashtra Pollution Control Board","CPCB"
3409461,"Rachnakar Colony, Aurangabad - MPCB","o3",12.97,"µg/m³","2025-07-10T23:30:00Z","2025-07-11T05:00:00+05:30","Asia/Kolkata",19.863756,75.321188,,,,"Maharashtra Pollution Control Board","CPCB"
3409461,"Rachnakar Colony, Aurangabad - MPCB","o3",12.87,"µg/m³","2025-07-10T23:45:00Z","2025-07-11T05:15:00+05:30","Asia/Kolkata",19.863756,75.321188,,,,"Maharashtra Pollution Control Board","CPCB"
3409461,"Rachnakar Colony, Aurangabad - MPCB","o3",13.07,"µg/m³","2025-07-11T00:00:00Z","2025-07-11T05:30:00+05:30","Asia/Kolkata",19.863756,75.321188,,,,"Maharashtra Pollution Control Board","CPCB"
3409461,"Rachnakar Colony, Aurangabad - MPCB","pm10",41.96,"µg/m³","2025-07-10T00:15:00Z","2025-07-10T05:45:00+05:30","Asia/Kolkata",19.863756,75.321188,,,,"Maharashtra Pollution Control Board","CPCB"
3409461,"Rachnakar Colony, Aurangabad - MPCB","pm10",40.75,"µg/m³","2025-07-10T00:30:00Z","2025-07-10T06:00:00+05:30","Asia/Kolkata",19.863756,75.321188,,,,"Maharashtra Pollution Control Board","CPCB"
3409461,"Rachnakar Colony, Aurangabad - MPCB","pm10",40.75,"µg/m³","2025-07-10T00:45:00Z","2025-07-10T06:15:00+05:30","Asia/Kolkata",19.863756,75.321188,,,,"Maharashtra Pollution Control Board","CPCB"
3409461,"Rachnakar Colony, Aurangabad - MPCB","pm10",40.75,"µg/m³","2025-07-10T01:00:00Z","2025-07-10T06:30:00+05:30","Asia/Kolkata",19.863756,75.321188,,,,"Maharashtra Pollution Control Board","CPCB"
3409461,"Rachnakar Colony, Aurangabad - MPCB","pm10",43.95,"µg/m³","2025-07-10T01:15:00Z","2025-07-10T06:45:00+05:30","Asia/Kolkata",19.863756,75.321188,,,,"Maharashtra Pollution Control Board","CPCB"
3409461,"Rachnakar Colony, Aurangabad - MPCB","pm10",45.47,"µg/m³","2025-07-10T01:30:00Z","2025-07-10T07:00:00+05:30","Asia/Kolkata",19.863756,75.321188,,,,"Maharashtra Pollution Control Board","CPCB"
3409461,"Rachnakar Colony, Aurangabad - MPCB","pm10",45.47,"µg/m³","2025-07-10T01:45:00Z","2025-07-10T07:15:00+05:30","Asia/Kolkata",19.863756,75.321188,,,,"Maharashtra Pollution Control Board","CPCB"
3409461,"Rachnakar Colony, Aurangabad - MPCB","pm10",45.47,"µg/m³","2025-07-10T02:00:00Z","2025-07-10T07:30:00+05:30","Asia/Kolkata",19.863756,75.321188,,,,"Maharashtra Pollution Control Board","CPCB"
3409461,"Rachnakar Colony, Aurangabad - MPCB","pm10",49.51,"µg/m³","2025-07-10T02:15:00Z","2025-07-10T07:45:00+05:30","Asia/Kolkata",19.863756,75.321188,,,,"Maharashtra Pollution Control Board","CPCB"
3409461,"Rachnakar Colony, Aurangabad - MPCB","pm10",51.44,"µg/m³","2025-07-10T02:30:00Z","2025-07-10T08:00:00+05:30","Asia/Kolkata",19.863756,75.321188,,,,"Maharashtra Pollution Control Board","CPCB"
3409461,"Rachnakar Colony, Aurangabad - MPCB","pm10",51.44,"µg/m³","2025-07-10T02:45:00Z","2025-07-10T08:15:00+05:30","Asia/Kolkata",19.863756,75.321188,,,,"Maharashtra Pollution Control Board","CPCB"
3409461,"Rachnakar Colony, Aurangabad - MPCB","pm10",51.44,"µg/m³","2025-07-10T03:00:00Z","2025-07-10T08:30:00+05:30","Asia/Kolkata",19.863756,75.321188,,,,"Maharashtra Pollution Control Board","CPCB"
3409461,"Rachnakar Colony, Aurangabad - MPCB","pm10",49.21,"µg/m³","2025-07-10T03:15:00Z","2025-07-10T08:45:00+05:30","Asia/Kolkata",19.863756,75.321188,,,,"Maharashtra Pollution Control Board","CPCB"
3409461,"Rachnakar Colony, Aurangabad - MPCB","pm10",48.16,"µg/m³","2025-07-10T03:30:00Z","2025-07-10T09:00:00+05:30","Asia/Kolkata",19.863756,75.321188,,,,"Maharashtra Pollution Control Board","CPCB"
3409461,"Rachnakar Colony, Aurangabad - MPCB","pm10",48.16,"µg/m³","2025-07-10T03:45:00Z","2025-07-10T09:15:00+05:30","Asia/Kolkata",19.863756,75.321188,,,,"Maharashtra Pollution Control Board","CPCB"
3409461,"Rachnakar Colony, Aurangabad - MPCB","pm10",48.16,"µg/m³","2025-07-10T04:00:00Z","2025-07-10T09:30:00+05:30","Asia/Kolkata",19.863756,75.321188,,,,"Maharashtra Pollution Control Board","CPCB"
3409461,"Rachnakar Colony, Aurangabad - MPCB","pm10",52.88,"µg/m³","2025-07-10T04:15:00Z","2025-07-10T09:45:00+05:30","Asia/Kolkata",19.863756,75.321188,,,,"Maharashtra Pollution Control Board","CPCB"
3409461,"Rachnakar Colony, Aurangabad - MPCB","pm10",55.12,"µg/m³","2025-07-10T04:30:00Z","2025-07-10T10:00:00+05:30","Asia/Kolkata",19.863756,75.321188,,,,"Maharashtra Pollution Control Board","CPCB"
3409461,"Rachnakar Colony, Aurangabad - MPCB","pm10",55.12,"µg/m³","2025-07-10T04:45:00Z","2025-07-10T10:15:00+05:30","Asia/Kolkata",19.863756,75.321188,,,,"Maharashtra Pollution Control Board","CPCB"
3409461,"Rachnakar Colony, Aurangabad - MPCB","pm10",55.12,"µg/m³","2025-07-10T05:00:00Z","2025-07-10T10:30:00+05:30","Asia/Kolkata",19.863756,75.321188,,,,"Maharashtra Pollution Control Board","CPCB"
3409461,"Rachnakar Colony, Aurangabad - MPCB","pm10",61.02,"µg/m³","2025-07-10T05:15:00Z","2025-07-10T10:45:00+05:30","Asia/Kolkata",19.863756,75.321188,,,,"Maharashtra Pollution Control Board","CPCB"
3409461,"Rachnakar Colony, Aurangabad - MPCB","pm10",63.83,"µg/m³","2025-07-10T05:30:00Z","2025-07-10T11:00:00+05:30","Asia/Kolkata",19.863756,75.321188,,,,"Maharashtra Pollution Control Board","CPCB"
3409461,"Rachnakar Colony, Aurangabad - MPCB","pm10",63.83,"µg/m³","2025-07-10T05:45:00Z","2025-07-10T11:15:00+05:30","Asia/Kolkata",19.863756,75.321188,,,,"Maharashtra Pollution Control Board","CPCB"
3409461,"Rachnakar Colony, Aurangabad - MPCB","pm10",63.83,"µg/m³","2025-07-10T06:00:00Z","2025-07-10T11:30:00+05:30","Asia/Kolkata",19.863756,75.321188,,,,"Maharashtra Pollution Control Board","CPCB"
3409461,"Rachnakar Colony, Aurangabad - MPCB","pm10",58.69,"µg/m³","2025-07-10T06:15:00Z","2025-07-10T11:45:00+05:30","Asia/Kolkata",19.863756,75.321188,,,,"Maharashtra Pollution Control Board","CPCB"
3409461,"Rachnakar Colony, Aurangabad - MPCB","pm10",56.24,"µg/m³","2025-07-10T06:30:00Z","2025-07-10T12:00:00+05:30","Asia/Kolkata",19.863756,75.321188,,,,"Maharashtra Pollution Control Board","CPCB"
3409461,"Rachnakar Colony, Aurangabad - MPCB","pm10",56.24,"µg/m³","2025-07-10T06:45:00Z","2025-07-10T12:15:00+05:30","Asia/Kolkata",19.863756,75.321188,,,,"Maharashtra Pollution Control Board","CPCB"
3409461,"Rachnakar Colony, Aurangabad - MPCB","pm10",56.24,"µg/m³","2025-07-10T07:00:00Z","2025-07-10T12:30:00+05:30","Asia/Kolkata",19.863756,75.321188,,,,"Maharashtra Pollution Control Board","CPCB"
3409461,"Rachnakar Colony, Aurangabad - MPCB","pm10",55.83,"µg/m³","2025-07-10T07:15:00Z","2025-07-10T12:45:00+05:30","Asia/Kolkata",19.863756,75.321188,,,,"Maharashtra Pollution Control Board","CPCB"
3409461,"Rachnakar Colony, Aurangabad - MPCB","pm10",55.64,"µg/m³","2025-07-10T07:30:00Z","2025-07-10T13:00:00+05:30","Asia/Kolkata",19.863756,75.321188,,,,"Maharashtra Pollution Control Board","CPCB"
3409461,"Rachnakar Colony, Aurangabad - MPCB","pm10",55.64,"µg/m³","2025-07-10T07:45:00Z","2025-07-10T13:15:00+05:30","Asia/Kolkata",19.863756,75.321188,,,,"Maharashtra Pollution Control Board","CPCB"
3409461,"Rachnakar Colony, Aurangabad - MPCB","pm10",55.64,"µg/m³","2025-07-10T08:00:00Z","2025-07-10T13:30:00+05:30","Asia/Kolkata",19.863756,75.321188,,,,"Maharashtra Pollution Control Board","CPCB"
3409461,"Rachnakar Colony, Aurangabad - MPCB","pm10",53.5,"µg/m³","2025-07-10T08:15:00Z","2025-07-10T13:45:00+05:30","Asia/Kolkata",19.863756,75.321188,,,,"Maharashtra Pollution Control Board","CPCB"
3409461,"Rachnakar Colony, Aurangabad - MPCB","pm10",52.49,"µg/m³","2025-07-10T08:30:00Z","2025-07-10T14:00:00+05:30","Asia/Kolkata",19.863756,75.321188,,,,"Maharashtra Pollution Control Board","CPCB"
3409461,"Rachnakar Colony, Aurangabad - MPCB","pm10",52.49,"µg/m³","2025-07-10T08:45:00Z","2025-07-10T14:15:00+05:30","Asia/Kolkata",19.863756,75.321188,,,,"Maharashtra Pollution Control Board","CPCB"
3409461,"Rachnakar Colony, Aurangabad - MPCB","pm10",52.49,"µg/m³","2025-07-10T09:00:00Z","2025-07-10T14:30:00+05:30","Asia/Kolkata",19.863756,75.321188,,,,"Maharashtra Pollution Control Board","CPCB"
3409461,"Rachnakar Colony, Aurangabad - MPCB","pm10",53.74,"µg/m³","2025-07-10T09:15:00Z","2025-07-10T14:45:00+05:30","Asia/Kolkata",19.863756,75.321188,,,,"Maharashtra Pollution Control Board","CPCB"
3409461,"Rachnakar Colony, Aurangabad - MPCB","pm10",53.74,"µg/m³","2025-07-10T09:45:00Z","2025-07-10T15:15:00+05:30","Asia/Kolkata",19.863756,75.321188,,,,"Maharashtra Pollution Control Board","CPCB"
3409461,"Rachnakar Colony, Aurangabad - MPCB","pm10",53.74,"µg/m³","2025-07-10T10:00:00Z","2025-07-10T15:30:00+05:30","Asia/Kolkata",19.863756,75.321188,,,,"Maharashtra Pollution Control Board","CPCB"
3409461,"Rachnakar Colony, Aurangabad - MPCB","pm10",55.03,"µg/m³","2025-07-10T10:15:00Z","2025-07-10T15:45:00+05:30","Asia/Kolkata",19.863756,75.321188,,,,"Maharashtra Pollution Control Board","CPCB"
3409461,"Rachnakar Colony, Aurangabad - MPCB","pm10",55.64,"µg/m³","2025-07-10T10:30:00Z","2025-07-10T16:00:00+05:30","Asia/Kolkata",19.863756,75.321188,,,,"Maharashtra Pollution Control Board","CPCB"
3409461,"Rachnakar Colony, Aurangabad - MPCB","pm10",55.64,"µg/m³","2025-07-10T10:45:00Z","2025-07-10T16:15:00+05:30","Asia/Kolkata",19.863756,75.321188,,,,"Maharashtra Pollution Control Board","CPCB"
3409461,"Rachnakar Colony, Aurangabad - MPCB","pm10",55.64,"µg/m³","2025-07-10T11:00:00Z","2025-07-10T16:30:00+05:30","Asia/Kolkata",19.863756,75.321188,,,,"Maharashtra Pollution Control Board","CPCB"
3409461,"Rachnakar Colony, Aurangabad - MPCB","pm10",58.7,"µg/m³","2025-07-10T11:15:00Z","2025-07-10T16:45:00+05:30","Asia/Kolkata",19.863756,75.321188,,,,"Maharashtra Pollution Control Board","CPCB"
3409461,"Rachnakar Colony, Aurangabad - MPCB","pm10",60.15,"µg/m³","2025-07-10T11:30:00Z","2025-07-10T17:00:00+05:30","Asia/Kolkata",19.863756,75.321188,,,,"Maharashtra Pollution Control Board","CPCB"
3409461,"Rachnakar Colony, Aurangabad - MPCB","pm10",60.15,"µg/m³","2025-07-10T11:45:00Z","2025-07-10T17:15:00+05:30","Asia/Kolkata",19.863756,75.321188,,,,"Maharashtra Pollution Control Board","CPCB"
3409461,"Rachnakar Colony, Aurangabad - MPCB","pm10",60.15,"µg/m³","2025-07-10T12:00:00Z","2025-07-10T17:30:00+05:30","Asia/Kolkata",19.863756,75.321188,,,,"Maharashtra Pollution Control Board","CPCB"
3409461,"Rachnakar Colony, Aurangabad - MPCB","pm10",63.27,"µg/m³","2025-07-10T12:15:00Z","2025-07-10T17:45:00+05:30","Asia/Kolkata",19.863756,75.321188,,,,"Maharashtra Pollution Control Board","CPCB"
3409461,"Rachnakar Colony, Aurangabad - MPCB","pm10",64.81,"µg/m³","2025-07-10T12:30:00Z","2025-07-10T18:00:00+05:30","Asia/Kolkata",19.863756,75.321188,,,,"Maharashtra Pollution Control Board","CPCB"
3409461,"Rachnakar Colony, Aurangabad - MPCB","pm10",64.81,"µg/m³","2025-07-10T12:45:00Z","2025-07-10T18:15:00+05:30","Asia/Kolkata",19.863756,75.321188,,,,"Maharashtra Pollution Control Board","CPCB"
3409461,"Rachnakar Colony, Aurangabad - MPCB","pm10",64.81,"µg/m³","2025-07-10T13:00:00Z","2025-07-10T18:30:00+05:30","Asia/Kolkata",19.863756,75.321188,,,,"Maharashtra Pollution Control Board","CPCB"
3409461,"Rachnakar Colony, Aurangabad - MPCB","pm10",70.23,"µg/m³","2025-07-10T13:15:00Z","2025-07-10T18:45:00+05:30","Asia/Kolkata",19.863756,75.321188,,,,"Maharashtra Pollution Control Board","CPCB"
3409461,"Rachnakar Colony, Aurangabad - MPCB","pm10",72.81,"µg/m³","2025-07-10T13:30:00Z","2025-07-10T19:00:00+05:30","Asia/Kolkata",19.863756,75.321188,,,,"Maharashtra Pollution Control Board","CPCB"
3409461,"Rachnakar Colony, Aurangabad - MPCB","pm10",72.81,"µg/m³","2025-07-10T13:45:00Z","2025-07-10T19:15:00+05:30","Asia/Kolkata",19.863756,75.321188,,,,"Maharashtra Pollution Control Board","CPCB"
3409461,"Rachnakar Colony, Aurangabad - MPCB","pm10",72.81,"µg/m³","2025-07-10T14:00:00Z","2025-07-10T19:30:00+05:30","Asia/Kolkata",19.863756,75.321188,,,,"Maharashtra Pollution Control Board","CPCB"
3409461,"Rachnakar Colony, Aurangabad - MPCB","pm10",74.47,"µg/m³","2025-07-10T14:15:00Z","2025-07-10T19:45:00+05:30","Asia/Kolkata",19.863756,75.321188,,,,"Maharashtra Pollution Control Board","CPCB"
3409461,"Rachnakar Colony, Aurangabad - MPCB","pm10",75.26,"µg/m³","2025-07-10T14:30:00Z","2025-07-10T20:00:00+05:30","Asia/Kolkata",19.863756,75.321188,,,,"Maharashtra Pollution Control Board","CPCB"
3409461,"Rachnakar Colony, Aurangabad - MPCB","pm10",75.26,"µg/m³","2025-07-10T14:45:00Z","2025-07-10T20:15:00+05:30","Asia/Kolkata",19.863756,75.321188,,,,"Maharashtra Pollution Control Board","CPCB"
3409461,"Rachnakar Colony, Aurangabad - MPCB","pm10",75.26,"µg/m³","2025-07-10T15:00:00Z","2025-07-10T20:30:00+05:30","Asia/Kolkata",19.863756,75.321188,,,,"Maharashtra Pollution Control Board","CPCB"
3409461,"Rachnakar Colony, Aurangabad - MPCB","pm10",70.5,"µg/m³","2025-07-10T15:15:00Z","2025-07-10T20:45:00+05:30","Asia/Kolkata",19.863756,75.321188,,,,"Maharashtra Pollution Control Board","CPCB"
3409461,"Rachnakar Colony, Aurangabad - MPCB","pm10",68.23,"µg/m³","2025-07-10T15:30:00Z","2025-07-10T21:00:00+05:30","Asia/Kolkata",19.863756,75.321188,,,,"Maharashtra Pollution Control Board","CPCB"
3409461,"Rachnakar Colony, Aurangabad - MPCB","pm10",68.23,"µg/m³","2025-07-10T15:45:00Z","2025-07-10T21:15:00+05:30","Asia/Kolkata",19.863756,75.321188,,,,"Maharashtra Pollution Control Board","CPCB"
3409461,"Rachnakar Colony, Aurangabad - MPCB","pm10",68.23,"µg/m³","2025-07-10T16:00:00Z","2025-07-10T21:30:00+05:30","Asia/Kolkata",19.863756,75.321188,,,,"Maharashtra Pollution Control Board","CPCB"
3409461,"Rachnakar Colony, Aurangabad - MPCB","pm10",69.37,"µg/m³","2025-07-10T16:15:00Z","2025-07-10T21:45:00+05:30","Asia/Kolkata",19.863756,75.321188,,,,"Maharashtra Pollution Control Board","CPCB"
3409461,"Rachnakar Colony, Aurangabad - MPCB","pm10",69.9,"µg/m³","2025-07-10T16:30:00Z","2025-07-10T22:00:00+05:30","Asia/Kolkata",19.863756,75.321188,,,,"Maharashtra Pollution Control Board","CPCB"
3409461,"Rachnakar Colony, Aurangabad - MPCB","pm10",69.9,"µg/m³","2025-07-10T17:00:00Z","2025-07-10T22:30:00+05:30","Asia/Kolkata",19.863756,75.321188,,,,"Maharashtra Pollution Control Board","CPCB"
3409461,"Rachnakar Colony, Aurangabad - MPCB","pm10",66.74,"µg/m³","2025-07-10T17:15:00Z","2025-07-10T22:45:00+05:30","Asia/Kolkata",19.863756,75.321188,,,,"Maharashtra Pollution Control Board","CPCB"
3409461,"Rachnakar Colony, Aurangabad - MPCB","pm10",65.24,"µg/m³","2025-07-10T17:30:00Z","2025-07-10T23:00:00+05:30","Asia/Kolkata",19.863756,75.321188,,,,"Maharashtra Pollution Control Board","CPCB"
3409461,"Rachnakar Colony, Aurangabad - MPCB","pm10",65.24,"µg/m³","2025-07-10T17:45:00Z","2025-07-10T23:15:00+05:30","Asia/Kolkata",19.863756,75.321188,,,,"Maharashtra Pollution Control Board","CPCB"
3409461,"Rachnakar Colony, Aurangabad - MPCB","pm10",65.24,"µg/m³","2025-07-10T18:00:00Z","2025-07-10T23:30:00+05:30","Asia/Kolkata",19.863756,75.321188,,,,"Maharashtra Pollution Control Board","CPCB"
3409461,"Rachnakar Colony, Aurangabad - MPCB","pm10",65.95,"µg/m³","2025-07-10T18:15:00Z","2025-07-10T23:45:00+05:30","Asia/Kolkata",19.863756,75.321188,,,,"Maharashtra Pollution Control Board","CPCB"
3409461,"Rachnakar Colony, Aurangabad - MPCB","pm10",63.94,"µg/m³","2025-07-10T19:15:00Z","2025-07-11T00:45:00+05:30","Asia/Kolkata",19.863756,75.321188,,,,"Maharashtra Pollution Control Board","CPCB"
3409461,"Rachnakar Colony, Aurangabad - MPCB","pm10",62.85,"µg/m³","2025-07-10T19:30:00Z","2025-07-11T01:00:00+05:30","Asia/Kolkata",19.863756,75.321188,,,,"Maharashtra Pollution Control Board","CPCB"
3409461,"Rachnakar Colony, Aurangabad - MPCB","pm10",62.85,"µg/m³","2025-07-10T19:45:00Z","2025-07-11T01:15:00+05:30","Asia/Kolkata",19.863756,75.321188,,,,"Maharashtra Pollution Control Board","CPCB"
3409461,"Rachnakar Colony, Aurangabad - MPCB","pm10",62.85,"µg/m³","2025-07-10T20:00:00Z","2025-07-11T01:30:00+05:30","Asia/Kolkata",19.863756,75.321188,,,,"Maharashtra Pollution Control Board","CPCB"
3409461,"Rachnakar Colony, Aurangabad - MPCB","pm10",62.17,"µg/m³","2025-07-10T20:15:00Z","2025-07-11T01:45:00+05:30","Asia/Kolkata",19.863756,75.321188,,,,"Maharashtra Pollution Control Board","CPCB"
3409461,"Rachnakar Colony, Aurangabad - MPCB","pm10",61.85,"µg/m³","2025-07-10T20:30:00Z","2025-07-11T02:00:00+05:30","Asia/Kolkata",19.863756,75.321188,,,,"Maharashtra Pollution Control Board","CPCB"
3409461,"Rachnakar Colony, Aurangabad - MPCB","pm10",61.85,"µg/m³","2025-07-10T20:45:00Z","2025-07-11T02:15:00+05:30","Asia/Kolkata",19.863756,75.321188,,,,"Maharashtra Pollution Control Board","CPCB"
3409461,"Rachnakar Colony, Aurangabad - MPCB","pm10",61.85,"µg/m³","2025-07-10T21:00:00Z","2025-07-11T02:30:00+05:30","Asia/Kolkata",19.863756,75.321188,,,,"Maharashtra Pollution Control Board","CPCB"
3409461,"Rachnakar Colony, Aurangabad - MPCB","pm10",62.45,"µg/m³","2025-07-10T21:15:00Z","2025-07-11T02:45:00+05:30","Asia/Kolkata",19.863756,75.321188,,,,"Maharashtra Pollution Control Board","CPCB"
3409461,"Rachnakar Colony, Aurangabad - MPCB","pm10",62.73,"µg/m³","2025-07-10T21:30:00Z","2025-07-11T03:00:00+05:30","Asia/Kolkata",19.863756,75.321188,,,,"Maharashtra Pollution Control Board","CPCB"
3409461,"Rachnakar Colony, Aurangabad - MPCB","pm10",62.73,"µg/m³","2025-07-10T21:45:00Z","2025-07-11T03:15:00+05:30","Asia/Kolkata",19.863756,75.321188,,,,"Maharashtra Pollution Control Board","CPCB"
3409461,"Rachnakar Colony, Aurangabad - MPCB","pm10",62.73,"µg/m³","2025-07-10T22:00:00Z","2025-07-11T03:30:00+05:30","Asia/Kolkata",19.863756,75.321188,,,,"Maharashtra Pollution Control Board","CPCB"
3409461,"Rachnakar Colony, Aurangabad - MPCB","pm10",54,"µg/m³","2025-07-10T22:15:00Z","2025-07-11T03:45:00+05:30","Asia/Kolkata",19.863756,75.321188,,,,"Maharashtra Pollution Control Board","CPCB"
3409461,"Rachnakar Colony, Aurangabad - MPCB","pm10",49.85,"µg/m³","2025-07-10T22:30:00Z","2025-07-11T04:00:00+05:30","Asia/Kolkata",19.863756,75.321188,,,,"Maharashtra Pollution Control Board","CPCB"
3409461,"Rachnakar Colony, Aurangabad - MPCB","pm10",49.85,"µg/m³","2025-07-10T22:45:00Z","2025-07-11T04:15:00+05:30","Asia/Kolkata",19.863756,75.321188,,,,"Maharashtra Pollution Control Board","CPCB"
3409461,"Rachnakar Colony, Aurangabad - MPCB","pm10",49.85,"µg/m³","2025-07-10T23:00:00Z","2025-07-11T04:30:00+05:30","Asia/Kolkata",19.863756,75.321188,,,,"Maharashtra Pollution Control Board","CPCB"
3409461,"Rachnakar Colony, Aurangabad - MPCB","pm10",54.96,"µg/m³","2025-07-10T23:15:00Z","2025-07-11T04:45:00+05:30","Asia/Kolkata",19.863756,75.321188,,,,"Maharashtra Pollution Control Board","CPCB"
3409461,"Rachnakar Colony, Aurangabad - MPCB","pm10",57.39,"µg/m³","2025-07-10T23:30:00Z","2025-07-11T05:00:00+05:30","Asia/Kolkata",19.863756,75.321188,,,,"Maharashtra Pollution Control Board","CPCB"
3409461,"Rachnakar Colony, Aurangabad - MPCB","pm10",57.39,"µg/m³","2025-07-10T23:45:00Z","2025-07-11T05:15:00+05:30","Asia/Kolkata",19.863756,75.321188,,,,"Maharashtra Pollution Control Board","CPCB"
3409461,"Rachnakar Colony, Aurangabad - MPCB","pm10",57.39,"µg/m³","2025-07-11T00:00:00Z","2025-07-11T05:30:00+05:30","Asia/Kolkata",19.863756,75.321188,,,,"Maharashtra Pollution Control Board","CPCB"
3409461,"Rachnakar Colony, Aurangabad - MPCB","pm25",26.47,"µg/m³","2025-07-10T00:15:00Z","2025-07-10T05:45:00+05:30","Asia/Kolkata",19.863756,75.321188,,,,"Maharashtra Pollution Control Board","CPCB"
3409461,"Rachnakar Colony, Aurangabad - MPCB","pm25",28.25,"µg/m³","2025-07-10T00:30:00Z","2025-07-10T06:00:00+05:30","Asia/Kolkata",19.863756,75.321188,,,,"Maharashtra Pollution Control Board","CPCB"
3409461,"Rachnakar Colony, Aurangabad - MPCB","pm25",28.25,"µg/m³","2025-07-10T00:45:00Z","2025-07-10T06:15:00+05:30","Asia/Kolkata",19.863756,75.321188,,,,"Maharashtra Pollution Control Board","CPCB"
3409461,"Rachnakar Colony, Aurangabad - MPCB","pm25",28.25,"µg/m³","2025-07-10T01:00:00Z","2025-07-10T06:30:00+05:30","Asia/Kolkata",19.863756,75.321188,,,,"Maharashtra Pollution Control Board","CPCB"
3409461,"Rachnakar Colony, Aurangabad - MPCB","pm25",24.62,"µg/m³","2025-07-10T01:15:00Z","2025-07-10T06:45:00+05:30","Asia/Kolkata",19.863756,75.321188,,,,"Maharashtra Pollution Control Board","CPCB"
3409461,"Rachnakar Colony, Aurangabad - MPCB","pm25",22.89,"µg/m³","2025-07-10T01:30:00Z","2025-07-10T07:00:00+05:30","Asia/Kolkata",19.863756,75.321188,,,,"Maharashtra Pollution Control Board","CPCB"
3409461,"Rachnakar Colony, Aurangabad - MPCB","pm25",22.89,"µg/m³","2025-07-10T01:45:00Z","2025-07-10T07:15:00+05:30","Asia/Kolkata",19.863756,75.321188,,,,"Maharashtra Pollution Control Board","CPCB"
3409461,"Rachnakar Colony, Aurangabad - MPCB","pm25",22.89,"µg/m³","2025-07-10T02:00:00Z","2025-07-10T07:30:00+05:30","Asia/Kolkata",19.863756,75.321188,,,,"Maharashtra Pollution Control Board","CPCB"
3409461,"Rachnakar Colony, Aurangabad - MPCB","pm25",20.36,"µg/m³","2025-07-10T02:15:00Z","2025-07-10T07:45:00+05:30","Asia/Kolkata",19.863756,75.321188,,,,"Maharashtra Pollution Control Board","CPCB"
3409461,"Rachnakar Colony, Aurangabad - MPCB","pm25",19.15,"µg/m³","2025-07-10T02:30:00Z","2025-07-10T08:00:00+05:30","Asia/Kolkata",19.863756,75.321188,,,,"Maharashtra Pollution Control Board","CPCB"
3409461,"Rachnakar Colony, Aurangabad - MPCB","pm25",19.15,"µg/m³","2025-07-10T02:45:00Z","2025-07-10T08:15:00+05:30","Asia/Kolkata",19.863756,75.321188,,,,"Maharashtra Pollution Control Board","CPCB"
3409461,"Rachnakar Colony, Aurangabad - MPCB","pm25",19.15,"µg/m³","2025-07-10T03:00:00Z","2025-07-10T08:30:00+05:30","Asia/Kolkata",19.863756,75.321188,,,,"Maharashtra Pollution Control Board","CPCB"
3409461,"Rachnakar Colony, Aurangabad - MPCB","pm25",26.6,"µg/m³","2025-07-10T03:15:00Z","2025-07-10T08:45:00+05:30","Asia/Kolkata",19.863756,75.321188,,,,"Maharashtra Pollution Control Board","CPCB"
3409461,"Rachnakar Colony, Aurangabad - MPCB","pm25",30.15,"µg/m³","2025-07-10T03:30:00Z","2025-07-10T09:00:00+05:30","Asia/Kolkata",19.863756,75.321188,,,,"Maharashtra Pollution Control Board","CPCB"
3409461,"Rachnakar Colony, Aurangabad - MPCB","pm25",30.15,"µg/m³","2025-07-10T03:45:00Z","2025-07-10T09:15:00+05:30","Asia/Kolkata",19.863756,75.321188,,,,"Maharashtra Pollution Control Board","CPCB"
3409461,"Rachnakar Colony, Aurangabad - MPCB","pm25",30.15,"µg/m³","2025-07-10T04:00:00Z","2025-07-10T09:30:00+05:30","Asia/Kolkata",19.863756,75.321188,,,,"Maharashtra Pollution Control Board","CPCB"
3409461,"Rachnakar Colony, Aurangabad - MPCB","pm25",32.02,"µg/m³","2025-07-10T04:15:00Z","2025-07-10T09:45:00+05:30","Asia/Kolkata",19.863756,75.321188,,,,"Maharashtra Pollution Control Board","CPCB"
3409461,"Rachnakar Colony, Aurangabad - MPCB","pm25",33.16,"µg/m³","2025-07-10T04:30:00Z","2025-07-10T10:00:00+05:30","Asia/Kolkata",19.863756,75.321188,,,,"Maharashtra Pollution Control Board","CPCB"
3409461,"Rachnakar Colony, Aurangabad - MPCB","pm25",33.16,"µg/m³","2025-07-10T04:45:00Z","2025-07-10T10:15:00+05:30","Asia/Kolkata",19.863756,75.321188,,,,"Maharashtra Pollution Control Board","CPCB"
3409461,"Rachnakar Colony, Aurangabad - MPCB","pm25",33.16,"µg/m³","2025-07-10T05:00:00Z","2025-07-10T10:30:00+05:30","Asia/Kolkata",19.863756,75.321188,,,,"Maharashtra Pollution Control Board","CPCB"
3409461,"Rachnakar Colony, Aurangabad - MPCB","pm25",28.53,"µg/m³","2025-07-10T05:15:00Z","2025-07-10T10:45:00+05:30","Asia/Kolkata",19.863756,75.321188,,,,"Maharashtra Pollution Control Board","CPCB"
3409461,"Rachnakar Colony, Aurangabad - MPCB","pm25",26.33,"µg/m³","2025-07-10T05:30:00Z","2025-07-10T11:00:00+05:30","Asia/Kolkata",19.863756,75.321188,,,,"Maharashtra Pollution Control Board","CPCB"
3409461,"Rachnakar Colony, Aurangabad - MPCB","pm25",26.33,"µg/m³","2025-07-10T05:45:00Z","2025-07-10T11:15:00+05:30","Asia/Kolkata",19.863756,75.321188,,,,"Maharashtra Pollution Control Board","CPCB"
3409461,"Rachnakar Colony, Aurangabad - MPCB","pm25",26.33,"µg/m³","2025-07-10T06:00:00Z","2025-07-10T11:30:00+05:30","Asia/Kolkata",19.863756,75.321188,,,,"Maharashtra Pollution Control Board","CPCB"
3409461,"Rachnakar Colony, Aurangabad - MPCB","pm25",32.46,"µg/m³","2025-07-10T06:15:00Z","2025-07-10T11:45:00+05:30","Asia/Kolkata",19.863756,75.321188,,,,"Maharashtra Pollution Control Board","CPCB"
3409461,"Rachnakar Colony, Aurangabad - MPCB","pm25",35.27,"µg/m³","2025-07-10T06:30:00Z","2025-07-10T12:00:00+05:30","Asia/Kolkata",19.863756,75.321188,,,,"Maharashtra Pollution Control Board","CPCB"
3409461,"Rachnakar Colony, Aurangabad - MPCB","pm25",35.27,"µg/m³","2025-07-10T06:45:00Z","2025-07-10T12:15:00+05:30","Asia/Kolkata",19.863756,75.321188,,,,"Maharashtra Pollution Control Board","CPCB"
3409461,"Rachnakar Colony, Aurangabad - MPCB","pm25",35.27,"µg/m³","2025-07-10T07:00:00Z","2025-07-10T12:30:00+05:30","Asia/Kolkata",19.863756,75.321188,,,,"Maharashtra Pollution Control Board","CPCB"
3409461,"Rachnakar Colony, Aurangabad - MPCB","pm25",34.89,"µg/m³","2025-07-10T07:15:00Z","2025-07-10T12:45:00+05:30","Asia/Kolkata",19.863756,75.321188,,,,"Maharashtra Pollution Control Board","CPCB"
3409461,"Rachnakar Colony, Aurangabad - MPCB","pm25",34.72,"µg/m³","2025-07-10T07:30:00Z","2025-07-10T13:00:00+05:30","Asia/Kolkata",19.863756,75.321188,,,,"Maharashtra Pollution Control Board","CPCB"
3409461,"Rachnakar Colony, Aurangabad - MPCB","pm25",34.72,"µg/m³","2025-07-10T07:45:00Z","2025-07-10T13:15:00+05:30","Asia/Kolkata",19.863756,75.321188,,,,"Maharashtra Pollution Control Board","CPCB"
3409461,"Rachnakar Colony, Aurangabad - MPCB","pm25",34.72,"µg/m³","2025-07-10T08:00:00Z","2025-07-10T13:30:00+05:30","Asia/Kolkata",19.863756,75.321188,,,,"Maharashtra Pollution Control Board","CPCB"
3409461,"Rachnakar Colony, Aurangabad - MPCB","pm25",33.13,"µg/m³","2025-07-10T08:15:00Z","2025-07-10T13:45:00+05:30","Asia/Kolkata",19.863756,75.321188,,,,"Maharashtra Pollution Control Board","CPCB"
3409461,"Rachnakar Colony, Aurangabad - MPCB","pm25",32.37,"µg/m³","2025-07-10T08:30:00Z","2025-07-10T14:00:00+05:30","Asia/Kolkata",19.863756,75.321188,,,,"Maharashtra Pollution Control Board","CPCB"
3409461,"Rachnakar Colony, Aurangabad - MPCB","pm25",32.37,"µg/m³","2025-07-10T08:45:00Z","2025-07-10T14:15:00+05:30","Asia/Kolkata",19.863756,75.321188,,,,"Maharashtra Pollution Control Board","CPCB"
3409461,"Rachnakar Colony, Aurangabad - MPCB","pm25",32.37,"µg/m³","2025-07-10T09:00:00Z","2025-07-10T14:30:00+05:30","Asia/Kolkata",19.863756,75.321188,,,,"Maharashtra Pollution Control Board","CPCB"
3409461,"Rachnakar Colony, Aurangabad - MPCB","pm25",33.26,"µg/m³","2025-07-10T09:15:00Z","2025-07-10T14:45:00+05:30","Asia/Kolkata",19.863756,75.321188,,,,"Maharashtra Pollution Control Board","CPCB"
3409461,"Rachnakar Colony, Aurangabad - MPCB","pm25",33.26,"µg/m³","2025-07-10T09:45:00Z","2025-07-10T15:15:00+05:30","Asia/Kolkata",19.863756,75.321188,,,,"Maharashtra Pollution Control Board","CPCB"
3409461,"Rachnakar Colony, Aurangabad - MPCB","pm25",33.26,"µg/m³","2025-07-10T10:00:00Z","2025-07-10T15:30:00+05:30","Asia/Kolkata",19.863756,75.321188,,,,"Maharashtra Pollution Control Board","CPCB"
3409461,"Rachnakar Colony, Aurangabad - MPCB","pm25",33.83,"µg/m³","2025-07-10T10:15:00Z","2025-07-10T15:45:00+05:30","Asia/Kolkata",19.863756,75.321188,,,,"Maharashtra Pollution Control Board","CPCB"
3409461,"Rachnakar Colony, Aurangabad - MPCB","pm25",34.18,"µg/m³","2025-07-10T10:30:00Z","2025-07-10T16:00:00+05:30","Asia/Kolkata",19.863756,75.321188,,,,"Maharashtra Pollution Control Board","CPCB"
3409461,"Rachnakar Colony, Aurangabad - MPCB","pm25",34.18,"µg/m³","2025-07-10T10:45:00Z","2025-07-10T16:15:00+05:30","Asia/Kolkata",19.863756,75.321188,,,,"Maharashtra Pollution Control Board","CPCB"
3409461,"Rachnakar Colony, Aurangabad - MPCB","pm25",34.18,"µg/m³","2025-07-10T11:00:00Z","2025-07-10T16:30:00+05:30","Asia/Kolkata",19.863756,75.321188,,,,"Maharashtra Pollution Control Board","CPCB"
3409461,"Rachnakar Colony, Aurangabad - MPCB","pm25",35.95,"µg/m³","2025-07-10T11:15:00Z","2025-07-10T16:45:00+05:30","Asia/Kolkata",19.863756,75.321188,,,,"Maharashtra Pollution Control Board","CPCB"
3409461,"Rachnakar Colony, Aurangabad - MPCB","pm25",36.79,"µg/m³","2025-07-10T11:30:00Z","2025-07-10T17:00:00+05:30","Asia/Kolkata",19.863756,75.321188,,,,"Maharashtra Pollution Control Board","CPCB"
3409461,"Rachnakar Colony, Aurangabad - MPCB","pm25",36.79,"µg/m³","2025-07-10T11:45:00Z","2025-07-10T17:15:00+05:30","Asia/Kolkata",19.863756,75.321188,,,,"Maharashtra Pollution Control Board","CPCB"
3409461,"Rachnakar Colony, Aurangabad - MPCB","pm25",36.79,"µg/m³","2025-07-10T12:00:00Z","2025-07-10T17:30:00+05:30","Asia/Kolkata",19.863756,75.321188,,,,"Maharashtra Pollution Control Board","CPCB"
3409461,"Rachnakar Colony, Aurangabad - MPCB","pm25",40.01,"µg/m³","2025-07-10T12:15:00Z","2025-07-10T17:45:00+05:30","Asia/Kolkata",19.863756,75.321188,,,,"Maharashtra Pollution Control Board","CPCB"
3409461,"Rachnakar Colony, Aurangabad - MPCB","pm25",41.59,"µg/m³","2025-07-10T12:30:00Z","2025-07-10T18:00:00+05:30","Asia/Kolkata",19.863756,75.321188,,,,"Maharashtra Pollution Control Board","CPCB"
3409461,"Rachnakar Colony, Aurangabad - MPCB","pm25",41.59,"µg/m³","2025-07-10T12:45:00Z","2025-07-10T18:15:00+05:30","Asia/Kolkata",19.863756,75.321188,,,,"Maharashtra Pollution Control Board","CPCB"
3409461,"Rachnakar Colony, Aurangabad - MPCB","pm25",41.59,"µg/m³","2025-07-10T13:00:00Z","2025-07-10T18:30:00+05:30","Asia/Kolkata",19.863756,75.321188,,,,"Maharashtra Pollution Control Board","CPCB"
3409461,"Rachnakar Colony, Aurangabad - MPCB","pm25",43.62,"µg/m³","2025-07-10T13:15:00Z","2025-07-10T18:45:00+05:30","Asia/Kolkata",19.863756,75.321188,,,,"Maharashtra Pollution Control Board","CPCB"
3409461,"Rachnakar Colony, Aurangabad - MPCB","pm25",44.59,"µg/m³","2025-07-10T13:30:00Z","2025-07-10T19:00:00+05:30","Asia/Kolkata",19.863756,75.321188,,,,"Maharashtra Pollution Control Board","CPCB"
3409461,"Rachnakar Colony, Aurangabad - MPCB","pm25",44.59,"µg/m³","2025-07-10T13:45:00Z","2025-07-10T19:15:00+05:30","Asia/Kolkata",19.863756,75.321188,,,,"Maharashtra Pollution Control Board","CPCB"
3409461,"Rachnakar Colony, Aurangabad - MPCB","pm25",44.59,"µg/m³","2025-07-10T14:00:00Z","2025-07-10T19:30:00+05:30","Asia/Kolkata",19.863756,75.321188,,,,"Maharashtra Pollution Control Board","CPCB"
3409461,"Rachnakar Colony, Aurangabad - MPCB","pm25",37.48,"µg/m³","2025-07-10T14:15:00Z","2025-07-10T19:45:00+05:30","Asia/Kolkata",19.863756,75.321188,,,,"Maharashtra Pollution Control Board","CPCB"
3409461,"Rachnakar Colony, Aurangabad - MPCB","pm25",34.33,"µg/m³","2025-07-10T14:30:00Z","2025-07-10T20:00:00+05:30","Asia/Kolkata",19.863756,75.321188,,,,"Maharashtra Pollution Control Board","CPCB"
3409461,"Rachnakar Colony, Aurangabad - MPCB","pm25",34.33,"µg/m³","2025-07-10T14:45:00Z","2025-07-10T20:15:00+05:30","Asia/Kolkata",19.863756,75.321188,,,,"Maharashtra Pollution Control Board","CPCB"
3409461,"Rachnakar Colony, Aurangabad - MPCB","pm25",34.33,"µg/m³","2025-07-10T15:00:00Z","2025-07-10T20:30:00+05:30","Asia/Kolkata",19.863756,75.321188,,,,"Maharashtra Pollution Control Board","CPCB"
3409461,"Rachnakar Colony, Aurangabad - MPCB","pm25",33.59,"µg/m³","2025-07-10T15:15:00Z","2025-07-10T20:45:00+05:30","Asia/Kolkata",19.863756,75.321188,,,,"Maharashtra Pollution Control Board","CPCB"
3409461,"Rachnakar Colony, Aurangabad - MPCB","pm25",33.25,"µg/m³","2025-07-10T15:30:00Z","2025-07-10T21:00:00+05:30","Asia/Kolkata",19.863756,75.321188,,,,"Maharashtra Pollution Control Board","CPCB"
3409461,"Rachnakar Colony, Aurangabad - MPCB","pm25",33.25,"µg/m³","2025-07-10T15:45:00Z","2025-07-10T21:15:00+05:30","Asia/Kolkata",19.863756,75.321188,,,,"Maharashtra Pollution Control Board","CPCB"
3409461,"Rachnakar Colony, Aurangabad - MPCB","pm25",33.25,"µg/m³","2025-07-10T16:00:00Z","2025-07-10T21:30:00+05:30","Asia/Kolkata",19.863756,75.321188,,,,"Maharashtra Pollution Control Board","CPCB"
3409461,"Rachnakar Colony, Aurangabad - MPCB","pm25",31.93,"µg/m³","2025-07-10T16:15:00Z","2025-07-10T21:45:00+05:30","Asia/Kolkata",19.863756,75.321188,,,,"Maharashtra Pollution Control Board","CPCB"
3409461,"Rachnakar Colony, Aurangabad - MPCB","pm25",31.14,"µg/m³","2025-07-10T16:30:00Z","2025-07-10T22:00:00+05:30","Asia/Kolkata",19.863756,75.321188,,,,"Maharashtra Pollution Control Board","CPCB"
3409461,"Rachnakar Colony, Aurangabad - MPCB","pm25",31.14,"µg/m³","2025-07-10T17:00:00Z","2025-07-10T22:30:00+05:30","Asia/Kolkata",19.863756,75.321188,,,,"Maharashtra Pollution Control Board","CPCB"
3409461,"Rachnakar Colony, Aurangabad - MPCB","pm25",31.44,"µg/m³","2025-07-10T17:15:00Z","2025-07-10T22:45:00+05:30","Asia/Kolkata",19.863756,75.321188,,,,"Maharashtra Pollution Control Board","CPCB"
3409461,"Rachnakar Colony, Aurangabad - MPCB","pm25",31.58,"µg/m³","2025-07-10T17:30:00Z","2025-07-10T23:00:00+05:30","Asia/Kolkata",19.863756,75.321188,,,,"Maharashtra Pollution Control Board","CPCB"
3409461,"Rachnakar Colony, Aurangabad - MPCB","pm25",31.58,"µg/m³","2025-07-10T17:45:00Z","2025-07-10T23:15:00+05:30","Asia/Kolkata",19.863756,75.321188,,,,"Maharashtra Pollution Control Board","CPCB"
3409461,"Rachnakar Colony, Aurangabad - MPCB","pm25",31.58,"µg/m³","2025-07-10T18:00:00Z","2025-07-10T23:30:00+05:30","Asia/Kolkata",19.863756,75.321188,,,,"Maharashtra Pollution Control Board","CPCB"
3409461,"Rachnakar Colony, Aurangabad - MPCB","pm25",32.96,"µg/m³","2025-07-10T18:15:00Z","2025-07-10T23:45:00+05:30","Asia/Kolkata",19.863756,75.321188,,,,"Maharashtra Pollution Control Board","CPCB"
3409461,"Rachnakar Colony, Aurangabad - MPCB","pm25",30.59,"µg/m³","2025-07-10T19:15:00Z","2025-07-11T00:45:00+05:30","Asia/Kolkata",19.863756,75.321188,,,,"Maharashtra Pollution Control Board","CPCB"
3409461,"Rachnakar Colony, Aurangabad - MPCB","pm25",29.2,"µg/m³","2025-07-10T19:30:00Z","2025-07-11T01:00:00+05:30","Asia/Kolkata",19.863756,75.321188,,,,"Maharashtra Pollution Control Board","CPCB"
3409461,"Rachnakar Colony, Aurangabad - MPCB","pm25",29.2,"µg/m³","2025-07-10T19:45:00Z","2025-07-11T01:15:00+05:30","Asia/Kolkata",19.863756,75.321188,,,,"Maharashtra Pollution Control Board","CPCB"
3409461,"Rachnakar Colony, Aurangabad - MPCB","pm25",29.2,"µg/m³","2025-07-10T20:00:00Z","2025-07-11T01:30:00+05:30","Asia/Kolkata",19.863756,75.321188,,,,"Maharashtra Pollution Control Board","CPCB"
3409461,"Rachnakar Colony, Aurangabad - MPCB","pm25",30.24,"µg/m³","2025-07-10T20:15:00Z","2025-07-11T01:45:00+05:30","Asia/Kolkata",19.863756,75.321188,,,,"Maharashtra Pollution Control Board","CPCB"
3409461,"Rachnakar Colony, Aurangabad - MPCB","pm25",30.73,"µg/m³","2025-07-10T20:30:00Z","2025-07-11T02:00:00+05:30","Asia/Kolkata",19.863756,75.321188,,,,"Maharashtra Pollution Control Board","CPCB"
3409461,"Rachnakar Colony, Aurangabad - MPCB","pm25",30.73,"µg/m³","2025-07-10T20:45:00Z","2025-07-11T02:15:00+05:30","Asia/Kolkata",19.863756,75.321188,,,,"Maharashtra Pollution Control Board","CPCB"
3409461,"Rachnakar Colony, Aurangabad - MPCB","pm25",30.73,"µg/m³","2025-07-10T21:00:00Z","2025-07-11T02:30:00+05:30","Asia/Kolkata",19.863756,75.321188,,,,"Maharashtra Pollution Control Board","CPCB"
3409461,"Rachnakar Colony, Aurangabad - MPCB","pm25",29.36,"µg/m³","2025-07-10T21:15:00Z","2025-07-11T02:45:00+05:30","Asia/Kolkata",19.863756,75.321188,,,,"Maharashtra Pollution Control Board","CPCB"
3409461,"Rachnakar Colony, Aurangabad - MPCB","pm25",28.71,"µg/m³","2025-07-10T21:30:00Z","2025-07-11T03:00:00+05:30","Asia/Kolkata",19.863756,75.321188,,,,"Maharashtra Pollution Control Board","CPCB"
3409461,"Rachnakar Colony, Aurangabad - MPCB","pm25",28.71,"µg/m³","2025-07-10T21:45:00Z","2025-07-11T03:15:00+05:30","Asia/Kolkata",19.863756,75.321188,,,,"Maharashtra Pollution Control Board","CPCB"
3409461,"Rachnakar Colony, Aurangabad - MPCB","pm25",28.71,"µg/m³","2025-07-10T22:00:00Z","2025-07-11T03:30:00+05:30","Asia/Kolkata",19.863756,75.321188,,,,"Maharashtra Pollution Control Board","CPCB"
3409461,"Rachnakar Colony, Aurangabad - MPCB","pm25",25.82,"µg/m³","2025-07-10T22:15:00Z","2025-07-11T03:45:00+05:30","Asia/Kolkata",19.863756,75.321188,,,,"Maharashtra Pollution Control Board","CPCB"
3409461,"Rachnakar Colony, Aurangabad - MPCB","pm25",24.03,"µg/m³","2025-07-10T22:30:00Z","2025-07-11T04:00:00+05:30","Asia/Kolkata",19.863756,75.321188,,,,"Maharashtra Pollution Control Board","CPCB"
3409461,"Rachnakar Colony, Aurangabad - MPCB","pm25",24.03,"µg/m³","2025-07-10T22:45:00Z","2025-07-11T04:15:00+05:30","Asia/Kolkata",19.863756,75.321188,,,,"Maharashtra Pollution Control Board","CPCB"
3409461,"Rachnakar Colony, Aurangabad - MPCB","pm25",24.03,"µg/m³","2025-07-10T23:00:00Z","2025-07-11T04:30:00+05:30","Asia/Kolkata",19.863756,75.321188,,,,"Maharashtra Pollution Control Board","CPCB"
3409461,"Rachnakar Colony, Aurangabad - MPCB","pm25",23.33,"µg/m³","2025-07-10T23:15:00Z","2025-07-11T04:45:00+05:30","Asia/Kolkata",19.863756,75.321188,,,,"Maharashtra Pollution Control Board","CPCB"
3409461,"Rachnakar Colony, Aurangabad - MPCB","pm25",23,"µg/m³","2025-07-10T23:30:00Z","2025-07-11T05:00:00+05:30","Asia/Kolkata",19.863756,75.321188,,,,"Maharashtra Pollution Control Board","CPCB"
3409461,"Rachnakar Colony, Aurangabad - MPCB","pm25",23,"µg/m³","2025-07-10T23:45:00Z","2025-07-11T05:15:00+05:30","Asia/Kolkata",19.863756,75.321188,,,,"Maharashtra Pollution Control Board","CPCB"
3409461,"Rachnakar Colony, Aurangabad - MPCB","pm25",23,"µg/m³","2025-07-11T00:00:00Z","2025-07-11T05:30:00+05:30","Asia/Kolkata",19.863756,75.321188,,,,"Maharashtra Pollution Control Board","CPCB"
3409461,"Rachnakar Colony, Aurangabad - MPCB","relativehumidity",94.32,"%","2025-07-10T00:15:00Z","2025-07-10T05:45:00+05:30","Asia/Kolkata",19.863756,75.321188,,,,"Maharashtra Pollution Control Board","CPCB"
3409461,"Rachnakar Colony, Aurangabad - MPCB","relativehumidity",94.33,"%","2025-07-10T00:30:00Z","2025-07-10T06:00:00+05:30","Asia/Kolkata",19.863756,75.321188,,,,"Maharashtra Pollution Control Board","CPCB"
3409461,"Rachnakar Colony, Aurangabad - MPCB","relativehumidity",94.31,"%","2025-07-10T00:45:00Z","2025-07-10T06:15:00+05:30","Asia/Kolkata",19.863756,75.321188,,,,"Maharashtra Pollution Control Board","CPCB"
3409461,"Rachnakar Colony, Aurangabad - MPCB","relativehumidity",94.3,"%","2025-07-10T01:00:00Z","2025-07-10T06:30:00+05:30","Asia/Kolkata",19.863756,75.321188,,,,"Maharashtra Pollution Control Board","CPCB"
3409461,"Rachnakar Colony, Aurangabad - MPCB","relativehumidity",94.3,"%","2025-07-10T01:15:00Z","2025-07-10T06:45:00+05:30","Asia/Kolkata",19.863756,75.321188,,,,"Maharashtra Pollution Control Board","CPCB"
3409461,"Rachnakar Colony, Aurangabad - MPCB","relativehumidity",91.76,"%","2025-07-10T01:30:00Z","2025-07-10T07:00:00+05:30","Asia/Kolkata",19.863756,75.321188,,,,"Maharashtra Pollution Control Board","CPCB"
3409461,"Rachnakar Colony, Aurangabad - MPCB","relativehumidity",88.61,"%","2025-07-10T01:45:00Z","2025-07-10T07:15:00+05:30","Asia/Kolkata",19.863756,75.321188,,,,"Maharashtra Pollution Control Board","CPCB"
3409461,"Rachnakar Colony, Aurangabad - MPCB","relativehumidity",86.68,"%","2025-07-10T02:00:00Z","2025-07-10T07:30:00+05:30","Asia/Kolkata",19.863756,75.321188,,,,"Maharashtra Pollution Control Board","CPCB"
3409461,"Rachnakar Colony, Aurangabad - MPCB","relativehumidity",85.19,"%","2025-07-10T02:15:00Z","2025-07-10T07:45:00+05:30","Asia/Kolkata",19.863756,75.321188,,,,"Maharashtra Pollution Control Board","CPCB"
3409461,"Rachnakar Colony, Aurangabad - MPCB","relativehumidity",83.68,"%","2025-07-10T02:30:00Z","2025-07-10T08:00:00+05:30","Asia/Kolkata",19.863756,75.321188,,,,"Maharashtra Pollution Control Board","CPCB"
3409461,"Rachnakar Colony, Aurangabad - MPCB","relativehumidity",82.13,"%","2025-07-10T02:45:00Z","2025-07-10T08:15:00+05:30","Asia/Kolkata",19.863756,75.321188,,,,"Maharashtra Pollution Control Board","CPCB"
3409461,"Rachnakar Colony, Aurangabad - MPCB","relativehumidity",80.04,"%","2025-07-10T03:00:00Z","2025-07-10T08:30:00+05:30","Asia/Kolkata",19.863756,75.321188,,,,"Maharashtra Pollution Control Board","CPCB"
3409461,"Rachnakar Colony, Aurangabad - MPCB","relativehumidity",78.22,"%","2025-07-10T03:15:00Z","2025-07-10T08:45:00+05:30","Asia/Kolkata",19.863756,75.321188,,,,"Maharashtra Pollution Control Board","CPCB"
3409461,"Rachnakar Colony, Aurangabad - MPCB","relativehumidity",76.9,"%","2025-07-10T03:30:00Z","2025-07-10T09:00:00+05:30","Asia/Kolkata",19.863756,75.321188,,,,"Maharashtra Pollution Control Board","CPCB"
3409461,"Rachnakar Colony, Aurangabad - MPCB","relativehumidity",75.36,"%","2025-07-10T03:45:00Z","2025-07-10T09:15:00+05:30","Asia/Kolkata",19.863756,75.321188,,,,"Maharashtra Pollution Control Board","CPCB"
3409461,"Rachnakar Colony, Aurangabad - MPCB","relativehumidity",74.33,"%","2025-07-10T04:00:00Z","2025-07-10T09:30:00+05:30","Asia/Kolkata",19.863756,75.321188,,,,"Maharashtra Pollution Control Board","CPCB"
3409461,"Rachnakar Colony, Aurangabad - MPCB","relativehumidity",73.42,"%","2025-07-10T04:15:00Z","2025-07-10T09:45:00+05:30","Asia/Kolkata",19.863756,75.321188,,,,"Maharashtra Pollution Control Board","CPCB"
3409461,"Rachnakar Colony, Aurangabad - MPCB","relativehumidity",72.26,"%","2025-07-10T04:30:00Z","2025-07-10T10:00:00+05:30","Asia/Kolkata",19.863756,75.321188,,,,"Maharashtra Pollution Control Board","CPCB"
3409461,"Rachnakar Colony, Aurangabad - MPCB","relativehumidity",70.76,"%","2025-07-10T04:45:00Z","2025-07-10T10:15:00+05:30","Asia/Kolkata",19.863756,75.321188,,,,"Maharashtra Pollution Control Board","CPCB"
3409461,"Rachnakar Colony, Aurangabad - MPCB","relativehumidity",70.75,"%","2025-07-10T05:00:00Z","2025-07-10T10:30:00+05:30","Asia/Kolkata",19.863756,75.321188,,,,"Maharashtra Pollution Control Board","CPCB"
3409461,"Rachnakar Colony, Aurangabad - MPCB","relativehumidity",69.19,"%","2025-07-10T05:15:00Z","2025-07-10T10:45:00+05:30","Asia/Kolkata",19.863756,75.321188,,,,"Maharashtra Pollution Control Board","CPCB"
3409461,"Rachnakar Colony, Aurangabad - MPCB","relativehumidity",67.86,"%","2025-07-10T05:30:00Z","2025-07-10T11:00:00+05:30","Asia/Kolkata",19.863756,75.321188,,,,"Maharashtra Pollution Control Board","CPCB"
3409461,"Rachnakar Colony, Aurangabad - MPCB","relativehumidity",67.77,"%","2025-07-10T05:45:00Z","2025-07-10T11:15:00+05:30","Asia/Kolkata",19.863756,75.321188,,,,"Maharashtra Pollution Control Board","CPCB"
3409461,"Rachnakar Colony, Aurangabad - MPCB","relativehumidity",66.86,"%","2025-07-10T06:00:00Z","2025-07-10T11:30:00+05:30","Asia/Kolkata",19.863756,75.321188,,,,"Maharashtra Pollution Control Board","CPCB"
3409461,"Rachnakar Colony, Aurangabad - MPCB","relativehumidity",65.67,"%","2025-07-10T06:15:00Z","2025-07-10T11:45:00+05:30","Asia/Kolkata",19.863756,75.321188,,,,"Maharashtra Pollution Control Board","CPCB"
3409461,"Rachnakar Colony, Aurangabad - MPCB","relativehumidity",64.65,"%","2025-07-10T06:30:00Z","2025-07-10T12:00:00+05:30","Asia/Kolkata",19.863756,75.321188,,,,"Maharashtra Pollution Control Board","CPCB"
3409461,"Rachnakar Colony, Aurangabad - MPCB","relativehumidity",64.59,"%","2025-07-10T06:45:00Z","2025-07-10T12:15:00+05:30","Asia/Kolkata",19.863756,75.321188,,,,"Maharashtra Pollution Control Board","CPCB"
3409461,"Rachnakar Colony, Aurangabad - MPCB","relativehumidity",63.62,"%","2025-07-10T07:00:00Z","2025-07-10T12:30:00+05:30","Asia/Kolkata",19.863756,75.321188,,,,"Maharashtra Pollution Control Board","CPCB"
3409461,"Rachnakar Colony, Aurangabad - MPCB","relativehumidity",63.23,"%","2025-07-10T07:15:00Z","2025-07-10T12:45:00+05:30","Asia/Kolkata",19.863756,75.321188,,,,"Maharashtra Pollution Control Board","CPCB"
3409461,"Rachnakar Colony, Aurangabad - MPCB","relativehumidity",61.32,"%","2025-07-10T07:30:00Z","2025-07-10T13:00:00+05:30","Asia/Kolkata",19.863756,75.321188,,,,"Maharashtra Pollution Control Board","CPCB"
3409461,"Rachnakar Colony, Aurangabad - MPCB","relativehumidity",60.33,"%","2025-07-10T07:45:00Z","2025-07-10T13:15:00+05:30","Asia/Kolkata",19.863756,75.321188,,,,"Maharashtra Pollution Control Board","CPCB"
3409461,"Rachnakar Colony, Aurangabad - MPCB","relativehumidity",57.39,"%","2025-07-10T08:00:00Z","2025-07-10T13:30:00+05:30","Asia/Kolkata",19.863756,75.321188,,,,"Maharashtra Pollution Control Board","CPCB"
3409461,"Rachnakar Colony, Aurangabad - MPCB","relativehumidity",57.24,"%","2025-07-10T08:15:00Z","2025-07-10T13:45:00+05:30","Asia/Kolkata",19.863756,75.321188,,,,"Maharashtra Pollution Control Board","CPCB"
3409461,"Rachnakar Colony, Aurangabad - MPCB","relativehumidity",57.17,"%","2025-07-10T08:30:00Z","2025-07-10T14:00:00+05:30","Asia/Kolkata",19.863756,75.321188,,,,"Maharashtra Pollution Control Board","CPCB"
3409461,"Rachnakar Colony, Aurangabad - MPCB","relativehumidity",56.83,"%","2025-07-10T08:45:00Z","2025-07-10T14:15:00+05:30","Asia/Kolkata",19.863756,75.321188,,,,"Maharashtra Pollution Control Board","CPCB"
3409461,"Rachnakar Colony, Aurangabad - MPCB","relativehumidity",56.38,"%","2025-07-10T09:00:00Z","2025-07-10T14:30:00+05:30","Asia/Kolkata",19.863756,75.321188,,,,"Maharashtra Pollution Control Board","CPCB"
3409461,"Rachnakar Colony, Aurangabad - MPCB","relativehumidity",54.34,"%","2025-07-10T09:15:00Z","2025-07-10T14:45:00+05:30","Asia/Kolkata",19.863756,75.321188,,,,"Maharashtra Pollution Control Board","CPCB"
3409461,"Rachnakar Colony, Aurangabad - MPCB","relativehumidity",53.64,"%","2025-07-10T09:45:00Z","2025-07-10T15:15:00+05:30","Asia/Kolkata",19.863756,75.321188,,,,"Maharashtra Pollution Control Board","CPCB"
3409461,"Rachnakar Colony, Aurangabad - MPCB","relativehumidity",52.58,"%","2025-07-10T10:00:00Z","2025-07-10T15:30:00+05:30","Asia/Kolkata",19.863756,75.321188,,,,"Maharashtra Pollution Control Board","CPCB"
3409461,"Rachnakar Colony, Aurangabad - MPCB","relativehumidity",52.09,"%","2025-07-10T10:15:00Z","2025-07-10T15:45:00+05:30","Asia/Kolkata",19.863756,75.321188,,,,"Maharashtra Pollution Control Board","CPCB"
3409461,"Rachnakar Colony, Aurangabad - MPCB","relativehumidity",51.91,"%","2025-07-10T10:30:00Z","2025-07-10T16:00:00+05:30","Asia/Kolkata",19.863756,75.321188,,,,"Maharashtra Pollution Control Board","CPCB"
3409461,"Rachnakar Colony, Aurangabad - MPCB","relativehumidity",52.06,"%","2025-07-10T10:45:00Z","2025-07-10T16:15:00+05:30","Asia/Kolkata",19.863756,75.321188,,,,"Maharashtra Pollution Control Board","CPCB"
3409461,"Rachnakar Colony, Aurangabad - MPCB","relativehumidity",53.6,"%","2025-07-10T11:00:00Z","2025-07-10T16:30:00+05:30","Asia/Kolkata",19.863756,75.321188,,,,"Maharashtra Pollution Control Board","CPCB"
3409461,"Rachnakar Colony, Aurangabad - MPCB","relativehumidity",57.77,"%","2025-07-10T11:15:00Z","2025-07-10T16:45:00+05:30","Asia/Kolkata",19.863756,75.321188,,,,"Maharashtra Pollution Control Board","CPCB"
3409461,"Rachnakar Colony, Aurangabad - MPCB","relativehumidity",59.27,"%","2025-07-10T11:30:00Z","2025-07-10T17:00:00+05:30","Asia/Kolkata",19.863756,75.321188,,,,"Maharashtra Pollution Control Board","CPCB"
3409461,"Rachnakar Colony, Aurangabad - MPCB","relativehumidity",59.4,"%","2025-07-10T11:45:00Z","2025-07-10T17:15:00+05:30","Asia/Kolkata",19.863756,75.321188,,,,"Maharashtra Pollution Control Board","CPCB"
3409461,"Rachnakar Colony, Aurangabad - MPCB","relativehumidity",59.39,"%","2025-07-10T12:00:00Z","2025-07-10T17:30:00+05:30","Asia/Kolkata",19.863756,75.321188,,,,"Maharashtra Pollution Control Board","CPCB"
3409461,"Rachnakar Colony, Aurangabad - MPCB","relativehumidity",59.39,"%","2025-07-10T12:15:00Z","2025-07-10T17:45:00+05:30","Asia/Kolkata",19.863756,75.321188,,,,"Maharashtra Pollution Control Board","CPCB"
3409461,"Rachnakar Colony, Aurangabad - MPCB","relativehumidity",60.4,"%","2025-07-10T12:30:00Z","2025-07-10T18:00:00+05:30","Asia/Kolkata",19.863756,75.321188,,,,"Maharashtra Pollution Control Board","CPCB"
3409461,"Rachnakar Colony, Aurangabad - MPCB","relativehumidity",61.87,"%","2025-07-10T12:45:00Z","2025-07-10T18:15:00+05:30","Asia/Kolkata",19.863756,75.321188,,,,"Maharashtra Pollution Control Board","CPCB"
3409461,"Rachnakar Colony, Aurangabad - MPCB","relativehumidity",62.92,"%","2025-07-10T13:00:00Z","2025-07-10T18:30:00+05:30","Asia/Kolkata",19.863756,75.321188,,,,"Maharashtra Pollution Control Board","CPCB"
3409461,"Rachnakar Colony, Aurangabad - MPCB","relativehumidity",68.6,"%","2025-07-10T13:15:00Z","2025-07-10T18:45:00+05:30","Asia/Kolkata",19.863756,75.321188,,,,"Maharashtra Pollution Control Board","CPCB"
3409461,"Rachnakar Colony, Aurangabad - MPCB","relativehumidity",82.13,"%","2025-07-10T13:30:00Z","2025-07-10T19:00:00+05:30","Asia/Kolkata",19.863756,75.321188,,,,"Maharashtra Pollution Control Board","CPCB"
3409461,"Rachnakar Colony, Aurangabad - MPCB","relativehumidity",82.66,"%","2025-07-10T13:45:00Z","2025-07-10T19:15:00+05:30","Asia/Kolkata",19.863756,75.321188,,,,"Maharashtra Pollution Control Board","CPCB"
3409461,"Rachnakar Colony, Aurangabad - MPCB","relativehumidity",83.9,"%","2025-07-10T14:00:00Z","2025-07-10T19:30:00+05:30","Asia/Kolkata",19.863756,75.321188,,,,"Maharashtra Pollution Control Board","CPCB"
3409461,"Rachnakar Colony, Aurangabad - MPCB","relativehumidity",84.06,"%","2025-07-10T14:15:00Z","2025-07-10T19:45:00+05:30","Asia/Kolkata",19.863756,75.321188,,,,"Maharashtra Pollution Control Board","CPCB"
3409461,"Rachnakar Colony, Aurangabad - MPCB","relativehumidity",83.64,"%","2025-07-10T14:30:00Z","2025-07-10T20:00:00+05:30","Asia/Kolkata",19.863756,75.321188,,,,"Maharashtra Pollution Control Board","CPCB"
3409461,"Rachnakar Colony, Aurangabad - MPCB","relativehumidity",85.57,"%","2025-07-10T14:45:00Z","2025-07-10T20:15:00+05:30","Asia/Kolkata",19.863756,75.321188,,,,"Maharashtra Pollution Control Board","CPCB"
3409461,"Rachnakar Colony, Aurangabad - MPCB","relativehumidity",85.33,"%","2025-07-10T15:00:00Z","2025-07-10T20:30:00+05:30","Asia/Kolkata",19.863756,75.321188,,,,"Maharashtra Pollution Control Board","CPCB"
3409461,"Rachnakar Colony, Aurangabad - MPCB","relativehumidity",82.7,"%","2025-07-10T15:15:00Z","2025-07-10T20:45:00+05:30","Asia/Kolkata",19.863756,75.321188,,,,"Maharashtra Pollution Control Board","CPCB"
3409461,"Rachnakar Colony, Aurangabad - MPCB","relativehumidity",83.66,"%","2025-07-10T15:30:00Z","2025-07-10T21:00:00+05:30","Asia/Kolkata",19.863756,75.321188,,,,"Maharashtra Pollution Control Board","CPCB"
3409461,"Rachnakar Colony, Aurangabad - MPCB","relativehumidity",84.47,"%","2025-07-10T15:45:00Z","2025-07-10T21:15:00+05:30","Asia/Kolkata",19.863756,75.321188,,,,"Maharashtra Pollution Control Board","CPCB"
3409461,"Rachnakar Colony, Aurangabad - MPCB","relativehumidity",84.59,"%","2025-07-10T16:00:00Z","2025-07-10T21:30:00+05:30","Asia/Kolkata",19.863756,75.321188,,,,"Maharashtra Pollution Control Board","CPCB"
3409461,"Rachnakar Colony, Aurangabad - MPCB","relativehumidity",82.11,"%","2025-07-10T16:15:00Z","2025-07-10T21:45:00+05:30","Asia/Kolkata",19.863756,75.321188,,,,"Maharashtra Pollution Control Board","CPCB"
3409461,"Rachnakar Colony, Aurangabad - MPCB","relativehumidity",81.61,"%","2025-07-10T16:30:00Z","2025-07-10T22:00:00+05:30","Asia/Kolkata",19.863756,75.321188,,,,"Maharashtra Pollution Control Board","CPCB"
3409461,"Rachnakar Colony, Aurangabad - MPCB","relativehumidity",80.43,"%","2025-07-10T17:00:00Z","2025-07-10T22:30:00+05:30","Asia/Kolkata",19.863756,75.321188,,,,"Maharashtra Pollution Control Board","CPCB"
3409461,"Rachnakar Colony, Aurangabad - MPCB","relativehumidity",81.41,"%","2025-07-10T17:15:00Z","2025-07-10T22:45:00+05:30","Asia/Kolkata",19.863756,75.321188,,,,"Maharashtra Pollution Control Board","CPCB"
3409461,"Rachnakar Colony, Aurangabad - MPCB","relativehumidity",82.4,"%","2025-07-10T17:30:00Z","2025-07-10T23:00:00+05:30","Asia/Kolkata",19.863756,75.321188,,,,"Maharashtra Pollution Control Board","CPCB"
3409461,"Rachnakar Colony, Aurangabad - MPCB","relativehumidity",84.4,"%","2025-07-10T17:45:00Z","2025-07-10T23:15:00+05:30","Asia/Kolkata",19.863756,75.321188,,,,"Maharashtra Pollution Control Board","CPCB"
3409461,"Rachnakar Colony, Aurangabad - MPCB","relativehumidity",84.32,"%","2025-07-10T18:00:00Z","2025-07-10T23:30:00+05:30","Asia/Kolkata",19.863756,75.321188,,,,"Maharashtra Pollution Control Board","CPCB"
3409461,"Rachnakar Colony, Aurangabad - MPCB","relativehumidity",83.18,"%","2025-07-10T18:15:00Z","2025-07-10T23:45:00+05:30","Asia/Kolkata",19.863756,75.321188,,,,"Maharashtra Pollution Control Board","CPCB"
3409461,"Rachnakar Colony, Aurangabad - MPCB","relativehumidity",84.43,"%","2025-07-10T19:15:00Z","2025-07-11T00:45:00+05:30","Asia/Kolkata",19.863756,75.321188,,,,"Maharashtra Pollution Control Board","CPCB"
3409461,"Rachnakar Colony, Aurangabad - MPCB","relativehumidity",84.8,"%","2025-07-10T19:30:00Z","2025-07-11T01:00:00+05:30","Asia/Kolkata",19.863756,75.321188,,,,"Maharashtra Pollution Control Board","CPCB"
3409461,"Rachnakar Colony, Aurangabad - MPCB","relativehumidity",85.16,"%","2025-07-10T19:45:00Z","2025-07-11T01:15:00+05:30","Asia/Kolkata",19.863756,75.321188,,,,"Maharashtra Pollution Control Board","CPCB"
3409461,"Rachnakar Colony, Aurangabad - MPCB","relativehumidity",85.39,"%","2025-07-10T20:00:00Z","2025-07-11T01:30:00+05:30","Asia/Kolkata",19.863756,75.321188,,,,"Maharashtra Pollution Control Board","CPCB"
3409461,"Rachnakar Colony, Aurangabad - MPCB","relativehumidity",85.78,"%","2025-07-10T20:15:00Z","2025-07-11T01:45:00+05:30","Asia/Kolkata",19.863756,75.321188,,,,"Maharashtra Pollution Control Board","CPCB"
3409461,"Rachnakar Colony, Aurangabad - MPCB","relativehumidity",85.79,"%","2025-07-10T20:30:00Z","2025-07-11T02:00:00+05:30","Asia/Kolkata",19.863756,75.321188,,,,"Maharashtra Pollution Control Board","CPCB"
3409461,"Rachnakar Colony, Aurangabad - MPCB","relativehumidity",85.99,"%","2025-07-10T20:45:00Z","2025-07-11T02:15:00+05:30","Asia/Kolkata",19.863756,75.321188,,,,"Maharashtra Pollution Control Board","CPCB"
3409461,"Rachnakar Colony, Aurangabad - MPCB","relativehumidity",86.13,"%","2025-07-10T21:00:00Z","2025-07-11T02:30:00+05:30","Asia/Kolkata",19.863756,75.321188,,,,"Maharashtra Pollution Control Board","CPCB"
3409461,"Rachnakar Colony, Aurangabad - MPCB","relativehumidity",86.62,"%","2025-07-10T21:15:00Z","2025-07-11T02:45:00+05:30","Asia/Kolkata",19.863756,75.321188,,,,"Maharashtra Pollution Control Board","CPCB"
3409461,"Rachnakar Colony, Aurangabad - MPCB","relativehumidity",87.42,"%","2025-07-10T21:30:00Z","2025-07-11T03:00:00+05:30","Asia/Kolkata",19.863756,75.321188,,,,"Maharashtra Pollution Control Board","CPCB"
3409461,"Rachnakar Colony, Aurangabad - MPCB","relativehumidity",87.63,"%","2025-07-10T21:45:00Z","2025-07-11T03:15:00+05:30","Asia/Kolkata",19.863756,75.321188,,,,"Maharashtra Pollution Control Board","CPCB"
3409461,"Rachnakar Colony, Aurangabad - MPCB","relativehumidity",87.92,"%","2025-07-10T22:00:00Z","2025-07-11T03:30:00+05:30","Asia/Kolkata",19.863756,75.321188,,,,"Maharashtra Pollution Control Board","CPCB"
3409461,"Rachnakar Colony, Aurangabad - MPCB","relativehumidity",88.08,"%","2025-07-10T22:15:00Z","2025-07-11T03:45:00+05:30","Asia/Kolkata",19.863756,75.321188,,,,"Maharashtra Pollution Control Board","CPCB"
3409461,"Rachnakar Colony, Aurangabad - MPCB","relativehumidity",88.32,"%","2025-07-10T22:30:00Z","2025-07-11T04:00:00+05:30","Asia/Kolkata",19.863756,75.321188,,,,"Maharashtra Pollution Control Board","CPCB"
3409461,"Rachnakar Colony, Aurangabad - MPCB","relativehumidity",88.46,"%","2025-07-10T22:45:00Z","2025-07-11T04:15:00+05:30","Asia/Kolkata",19.863756,75.321188,,,,"Maharashtra Pollution Control Board","CPCB"
3409461,"Rachnakar Colony, Aurangabad - MPCB","relativehumidity",88.44,"%","2025-07-10T23:00:00Z","2025-07-11T04:30:00+05:30","Asia/Kolkata",19.863756,75.321188,,,,"Maharashtra Pollution Control Board","CPCB"
3409461,"Rachnakar Colony, Aurangabad - MPCB","relativehumidity",88.35,"%","2025-07-10T23:15:00Z","2025-07-11T04:45:00+05:30","Asia/Kolkata",19.863756,75.321188,,,,"Maharashtra Pollution Control Board","CPCB"
3409461,"Rachnakar Colony, Aurangabad - MPCB","relativehumidity",88.72,"%","2025-07-10T23:30:00Z","2025-07-11T05:00:00+05:30","Asia/Kolkata",19.863756,75.321188,,,,"Maharashtra Pollution Control Board","CPCB"
3409461,"Rachnakar Colony, Aurangabad - MPCB","relativehumidity",89.12,"%","2025-07-10T23:45:00Z","2025-07-11T05:15:00+05:30","Asia/Kolkata",19.863756,75.321188,,,,"Maharashtra Pollution Control Board","CPCB"
3409461,"Rachnakar Colony, Aurangabad - MPCB","relativehumidity",89.28,"%","2025-07-11T00:00:00Z","2025-07-11T05:30:00+05:30","Asia/Kolkata",19.863756,75.321188,,,,"Maharashtra Pollution Control Board","CPCB"
3409461,"Rachnakar Colony, Aurangabad - MPCB","so2",17.03,"ppb","2025-07-10T00:15:00Z","2025-07-10T05:45:00+05:30","Asia/Kolkata",19.863756,75.321188,,,,"Maharashtra Pollution Control Board","CPCB"
3409461,"Rachnakar Colony, Aurangabad - MPCB","so2",19.66,"ppb","2025-07-10T00:30:00Z","2025-07-10T06:00:00+05:30","Asia/Kolkata",19.863756,75.321188,,,,"Maharashtra Pollution Control Board","CPCB"
3409461,"Rachnakar Colony, Aurangabad - MPCB","so2",15.69,"ppb","2025-07-10T00:45:00Z","2025-07-10T06:15:00+05:30","Asia/Kolkata",19.863756,75.321188,,,,"Maharashtra Pollution Control Board","CPCB"
3409461,"Rachnakar Colony, Aurangabad - MPCB","so2",21.42,"ppb","2025-07-10T01:00:00Z","2025-07-10T06:30:00+05:30","Asia/Kolkata",19.863756,75.321188,,,,"Maharashtra Pollution Control Board","CPCB"
3409461,"Rachnakar Colony, Aurangabad - MPCB","so2",18.71,"ppb","2025-07-10T01:15:00Z","2025-07-10T06:45:00+05:30","Asia/Kolkata",19.863756,75.321188,,,,"Maharashtra Pollution Control Board","CPCB"
3409461,"Rachnakar Colony, Aurangabad - MPCB","so2",20.75,"ppb","2025-07-10T01:30:00Z","2025-07-10T07:00:00+05:30","Asia/Kolkata",19.863756,75.321188,,,,"Maharashtra Pollution Control Board","CPCB"
3409461,"Rachnakar Colony, Aurangabad - MPCB","so2",18.29,"ppb","2025-07-10T01:45:00Z","2025-07-10T07:15:00+05:30","Asia/Kolkata",19.863756,75.321188,,,,"Maharashtra Pollution Control Board","CPCB"
3409461,"Rachnakar Colony, Aurangabad - MPCB","so2",14.94,"ppb","2025-07-10T02:00:00Z","2025-07-10T07:30:00+05:30","Asia/Kolkata",19.863756,75.321188,,,,"Maharashtra Pollution Control Board","CPCB"
3409461,"Rachnakar Colony, Aurangabad - MPCB","so2",19.5,"ppb","2025-07-10T02:15:00Z","2025-07-10T07:45:00+05:30","Asia/Kolkata",19.863756,75.321188,,,,"Maharashtra Pollution Control Board","CPCB"
3409461,"Rachnakar Colony, Aurangabad - MPCB","so2",18.42,"ppb","2025-07-10T02:30:00Z","2025-07-10T08:00:00+05:30","Asia/Kolkata",19.863756,75.321188,,,,"Maharashtra Pollution Control Board","CPCB"
3409461,"Rachnakar Colony, Aurangabad - MPCB","so2",19.06,"ppb","2025-07-10T02:45:00Z","2025-07-10T08:15:00+05:30","Asia/Kolkata",19.863756,75.321188,,,,"Maharashtra Pollution Control Board","CPCB"
3409461,"Rachnakar Colony, Aurangabad - MPCB","so2",16.8,"ppb","2025-07-10T03:00:00Z","2025-07-10T08:30:00+05:30","Asia/Kolkata",19.863756,75.321188,,,,"Maharashtra Pollution Control Board","CPCB"
3409461,"Rachnakar Colony, Aurangabad - MPCB","so2",14.13,"ppb","2025-07-10T03:15:00Z","2025-07-10T08:45:00+05:30","Asia/Kolkata",19.863756,75.321188,,,,"Maharashtra Pollution Control Board","CPCB"
3409461,"Rachnakar Colony, Aurangabad - MPCB","so2",11.58,"ppb","2025-07-10T03:30:00Z","2025-07-10T09:00:00+05:30","Asia/Kolkata",19.863756,75.321188,,,,"Maharashtra Pollution Control Board","CPCB"
3409461,"Rachnakar Colony, Aurangabad - MPCB","so2",11.92,"ppb","2025-07-10T03:45:00Z","2025-07-10T09:15:00+05:30","Asia/Kolkata",19.863756,75.321188,,,,"Maharashtra Pollution Control Board","CPCB"
3409461,"Rachnakar Colony, Aurangabad - MPCB","so2",9.62,"ppb","2025-07-10T04:00:00Z","2025-07-10T09:30:00+05:30","Asia/Kolkata",19.863756,75.321188,,,,"Maharashtra Pollution Control Board","CPCB"
3409461,"Rachnakar Colony, Aurangabad - MPCB","so2",10.18,"ppb","2025-07-10T04:15:00Z","2025-07-10T09:45:00+05:30","Asia/Kolkata",19.863756,75.321188,,,,"Maharashtra Pollution Control Board","CPCB"
3409461,"Rachnakar Colony, Aurangabad - MPCB","so2",7.33,"ppb","2025-07-10T04:30:00Z","2025-07-10T10:00:00+05:30","Asia/Kolkata",19.863756,75.321188,,,,"Maharashtra Pollution Control Board","CPCB"
3409461,"Rachnakar Colony, Aurangabad - MPCB","so2",11.6,"ppb","2025-07-10T04:45:00Z","2025-07-10T10:15:00+05:30","Asia/Kolkata",19.863756,75.321188,,,,"Maharashtra Pollution Control Board","CPCB"
3409461,"Rachnakar Colony, Aurangabad - MPCB","so2",5.66,"ppb","2025-07-10T05:00:00Z","2025-07-10T10:30:00+05:30","Asia/Kolkata",19.863756,75.321188,,,,"Maharashtra Pollution Control Board","CPCB"
3409461,"Rachnakar Colony, Aurangabad - MPCB","so2",6.93,"ppb","2025-07-10T05:15:00Z","2025-07-10T10:45:00+05:30","Asia/Kolkata",19.863756,75.321188,,,,"Maharashtra Pollution Control Board","CPCB"
3409461,"Rachnakar Colony, Aurangabad - MPCB","so2",7.98,"ppb","2025-07-10T05:30:00Z","2025-07-10T11:00:00+05:30","Asia/Kolkata",19.863756,75.321188,,,,"Maharashtra Pollution Control Board","CPCB"
3409461,"Rachnakar Colony, Aurangabad - MPCB","so2",9.83,"ppb","2025-07-10T05:45:00Z","2025-07-10T11:15:00+05:30","Asia/Kolkata",19.863756,75.321188,,,,"Maharashtra Pollution Control Board","CPCB"
3409461,"Rachnakar Colony, Aurangabad - MPCB","so2",6.75,"ppb","2025-07-10T06:00:00Z","2025-07-10T11:30:00+05:30","Asia/Kolkata",19.863756,75.321188,,,,"Maharashtra Pollution Control Board","CPCB"
3409461,"Rachnakar Colony, Aurangabad - MPCB","so2",9.64,"ppb","2025-07-10T06:15:00Z","2025-07-10T11:45:00+05:30","Asia/Kolkata",19.863756,75.321188,,,,"Maharashtra Pollution Control Board","CPCB"
3409461,"Rachnakar Colony, Aurangabad - MPCB","so2",10.05,"ppb","2025-07-10T06:30:00Z","2025-07-10T12:00:00+05:30","Asia/Kolkata",19.863756,75.321188,,,,"Maharashtra Pollution Control Board","CPCB"
3409461,"Rachnakar Colony, Aurangabad - MPCB","so2",9.38,"ppb","2025-07-10T06:45:00Z","2025-07-10T12:15:00+05:30","Asia/Kolkata",19.863756,75.321188,,,,"Maharashtra Pollution Control Board","CPCB"
3409461,"Rachnakar Colony, Aurangabad - MPCB","so2",9.13,"ppb","2025-07-10T07:00:00Z","2025-07-10T12:30:00+05:30","Asia/Kolkata",19.863756,75.321188,,,,"Maharashtra Pollution Control Board","CPCB"
3409461,"Rachnakar Colony, Aurangabad - MPCB","so2",6.54,"ppb","2025-07-10T07:15:00Z","2025-07-10T12:45:00+05:30","Asia/Kolkata",19.863756,75.321188,,,,"Maharashtra Pollution Control Board","CPCB"
3409461,"Rachnakar Colony, Aurangabad - MPCB","so2",7.21,"ppb","2025-07-10T07:30:00Z","2025-07-10T13:00:00+05:30","Asia/Kolkata",19.863756,75.321188,,,,"Maharashtra Pollution Control Board","CPCB"
3409461,"Rachnakar Colony, Aurangabad - MPCB","so2",9.25,"ppb","2025-07-10T07:45:00Z","2025-07-10T13:15:00+05:30","Asia/Kolkata",19.863756,75.321188,,,,"Maharashtra Pollution Control Board","CPCB"
3409461,"Rachnakar Colony, Aurangabad - MPCB","so2",3.43,"ppb","2025-07-10T08:00:00Z","2025-07-10T13:30:00+05:30","Asia/Kolkata",19.863756,75.321188,,,,"Maharashtra Pollution Control Board","CPCB"
3409461,"Rachnakar Colony, Aurangabad - MPCB","so2",12.22,"ppb","2025-07-10T08:15:00Z","2025-07-10T13:45:00+05:30","Asia/Kolkata",19.863756,75.321188,,,,"Maharashtra Pollution Control Board","CPCB"
3409461,"Rachnakar Colony, Aurangabad - MPCB","so2",11.42,"ppb","2025-07-10T08:30:00Z","2025-07-10T14:00:00+05:30","Asia/Kolkata",19.863756,75.321188,,,,"Maharashtra Pollution Control Board","CPCB"
3409461,"Rachnakar Colony, Aurangabad - MPCB","so2",7.09,"ppb","2025-07-10T08:45:00Z","2025-07-10T14:15:00+05:30","Asia/Kolkata",19.863756,75.321188,,,,"Maharashtra Pollution Control Board","CPCB"
3409461,"Rachnakar Colony, Aurangabad - MPCB","so2",8.2,"ppb","2025-07-10T09:00:00Z","2025-07-10T14:30:00+05:30","Asia/Kolkata",19.863756,75.321188,,,,"Maharashtra Pollution Control Board","CPCB"
3409461,"Rachnakar Colony, Aurangabad - MPCB","so2",8.73,"ppb","2025-07-10T09:15:00Z","2025-07-10T14:45:00+05:30","Asia/Kolkata",19.863756,75.321188,,,,"Maharashtra Pollution Control Board","CPCB"
3409461,"Rachnakar Colony, Aurangabad - MPCB","so2",10.92,"ppb","2025-07-10T09:45:00Z","2025-07-10T15:15:00+05:30","Asia/Kolkata",19.863756,75.321188,,,,"Maharashtra Pollution Control Board","CPCB"
3409461,"Rachnakar Colony, Aurangabad - MPCB","so2",9.51,"ppb","2025-07-10T10:00:00Z","2025-07-10T15:30:00+05:30","Asia/Kolkata",19.863756,75.321188,,,,"Maharashtra Pollution Control Board","CPCB"
3409461,"Rachnakar Colony, Aurangabad - MPCB","so2",10.78,"ppb","2025-07-10T10:15:00Z","2025-07-10T15:45:00+05:30","Asia/Kolkata",19.863756,75.321188,,,,"Maharashtra Pollution Control Board","CPCB"
3409461,"Rachnakar Colony, Aurangabad - MPCB","so2",10.55,"ppb","2025-07-10T10:30:00Z","2025-07-10T16:00:00+05:30","Asia/Kolkata",19.863756,75.321188,,,,"Maharashtra Pollution Control Board","CPCB"
3409461,"Rachnakar Colony, Aurangabad - MPCB","so2",8.42,"ppb","2025-07-10T10:45:00Z","2025-07-10T16:15:00+05:30","Asia/Kolkata",19.863756,75.321188,,,,"Maharashtra Pollution Control Board","CPCB"
3409461,"Rachnakar Colony, Aurangabad - MPCB","so2",7.6,"ppb","2025-07-10T11:00:00Z","2025-07-10T16:30:00+05:30","Asia/Kolkata",19.863756,75.321188,,,,"Maharashtra Pollution Control Board","CPCB"
3409461,"Rachnakar Colony, Aurangabad - MPCB","so2",6.61,"ppb","2025-07-10T11:15:00Z","2025-07-10T16:45:00+05:30","Asia/Kolkata",19.863756,75.321188,,,,"Maharashtra Pollution Control Board","CPCB"
3409461,"Rachnakar Colony, Aurangabad - MPCB","so2",6.53,"ppb","2025-07-10T11:30:00Z","2025-07-10T17:00:00+05:30","Asia/Kolkata",19.863756,75.321188,,,,"Maharashtra Pollution Control Board","CPCB"
3409461,"Rachnakar Colony, Aurangabad - MPCB","so2",6.49,"ppb","2025-07-10T11:45:00Z","2025-07-10T17:15:00+05:30","Asia/Kolkata",19.863756,75.321188,,,,"Maharashtra Pollution Control Board","CPCB"
3409461,"Rachnakar Colony, Aurangabad - MPCB","so2",7.44,"ppb","2025-07-10T12:00:00Z","2025-07-10T17:30:00+05:30","Asia/Kolkata",19.863756,75.321188,,,,"Maharashtra Pollution Control Board","CPCB"
3409461,"Rachnakar Colony, Aurangabad - MPCB","so2",3.28,"ppb","2025-07-10T12:15:00Z","2025-07-10T17:45:00+05:30","Asia/Kolkata",19.863756,75.321188,,,,"Maharashtra Pollution Control Board","CPCB"
3409461,"Rachnakar Colony, Aurangabad - MPCB","so2",8.36,"ppb","2025-07-10T12:30:00Z","2025-07-10T18:00:00+05:30","Asia/Kolkata",19.863756,75.321188,,,,"Maharashtra Pollution Control Board","CPCB"
3409461,"Rachnakar Colony, Aurangabad - MPCB","so2",9.32,"ppb","2025-07-10T12:45:00Z","2025-07-10T18:15:00+05:30","Asia/Kolkata",19.863756,75.321188,,,,"Maharashtra Pollution Control Board","CPCB"
3409461,"Rachnakar Colony, Aurangabad - MPCB","so2",8,"ppb","2025-07-10T13:00:00Z","2025-07-10T18:30:00+05:30","Asia/Kolkata",19.863756,75.321188,,,,"Maharashtra Pollution Control Board","CPCB"
3409461,"Rachnakar Colony, Aurangabad - MPCB","so2",6.62,"ppb","2025-07-10T13:15:00Z","2025-07-10T18:45:00+05:30","Asia/Kolkata",19.863756,75.321188,,,,"Maharashtra Pollution Control Board","CPCB"
3409461,"Rachnakar Colony, Aurangabad - MPCB","so2",8.56,"ppb","2025-07-10T13:30:00Z","2025-07-10T19:00:00+05:30","Asia/Kolkata",19.863756,75.321188,,,,"Maharashtra Pollution Control Board","CPCB"
3409461,"Rachnakar Colony, Aurangabad - MPCB","so2",9.2,"ppb","2025-07-10T13:45:00Z","2025-07-10T19:15:00+05:30","Asia/Kolkata",19.863756,75.321188,,,,"Maharashtra Pollution Control Board","CPCB"
3409461,"Rachnakar Colony, Aurangabad - MPCB","so2",8.86,"ppb","2025-07-10T14:00:00Z","2025-07-10T19:30:00+05:30","Asia/Kolkata",19.863756,75.321188,,,,"Maharashtra Pollution Control Board","CPCB"
3409461,"Rachnakar Colony, Aurangabad - MPCB","so2",6.95,"ppb","2025-07-10T14:15:00Z","2025-07-10T19:45:00+05:30","Asia/Kolkata",19.863756,75.321188,,,,"Maharashtra Pollution Control Board","CPCB"
3409461,"Rachnakar Colony, Aurangabad - MPCB","so2",12.25,"ppb","2025-07-10T14:30:00Z","2025-07-10T20:00:00+05:30","Asia/Kolkata",19.863756,75.321188,,,,"Maharashtra Pollution Control Board","CPCB"
3409461,"Rachnakar Colony, Aurangabad - MPCB","so2",8.22,"ppb","2025-07-10T14:45:00Z","2025-07-10T20:15:00+05:30","Asia/Kolkata",19.863756,75.321188,,,,"Maharashtra Pollution Control Board","CPCB"
3409461,"Rachnakar Colony, Aurangabad - MPCB","so2",16.16,"ppb","2025-07-10T15:00:00Z","2025-07-10T20:30:00+05:30","Asia/Kolkata",19.863756,75.321188,,,,"Maharashtra Pollution Control Board","CPCB"
3409461,"Rachnakar Colony, Aurangabad - MPCB","so2",18.88,"ppb","2025-07-10T15:15:00Z","2025-07-10T20:45:00+05:30","Asia/Kolkata",19.863756,75.321188,,,,"Maharashtra Pollution Control Board","CPCB"
3409461,"Rachnakar Colony, Aurangabad - MPCB","so2",19.84,"ppb","2025-07-10T15:30:00Z","2025-07-10T21:00:00+05:30","Asia/Kolkata",19.863756,75.321188,,,,"Maharashtra Pollution Control Board","CPCB"
3409461,"Rachnakar Colony, Aurangabad - MPCB","so2",13.41,"ppb","2025-07-10T15:45:00Z","2025-07-10T21:15:00+05:30","Asia/Kolkata",19.863756,75.321188,,,,"Maharashtra Pollution Control Board","CPCB"
3409461,"Rachnakar Colony, Aurangabad - MPCB","so2",21.17,"ppb","2025-07-10T16:00:00Z","2025-07-10T21:30:00+05:30","Asia/Kolkata",19.863756,75.321188,,,,"Maharashtra Pollution Control Board","CPCB"
3409461,"Rachnakar Colony, Aurangabad - MPCB","so2",18.69,"ppb","2025-07-10T16:15:00Z","2025-07-10T21:45:00+05:30","Asia/Kolkata",19.863756,75.321188,,,,"Maharashtra Pollution Control Board","CPCB"
3409461,"Rachnakar Colony, Aurangabad - MPCB","so2",15.5,"ppb","2025-07-10T16:30:00Z","2025-07-10T22:00:00+05:30","Asia/Kolkata",19.863756,75.321188,,,,"Maharashtra Pollution Control Board","CPCB"
3409461,"Rachnakar Colony, Aurangabad - MPCB","so2",20.3,"ppb","2025-07-10T17:00:00Z","2025-07-10T22:30:00+05:30","Asia/Kolkata",19.863756,75.321188,,,,"Maharashtra Pollution Control Board","CPCB"
3409461,"Rachnakar Colony, Aurangabad - MPCB","so2",18.99,"ppb","2025-07-10T17:15:00Z","2025-07-10T22:45:00+05:30","Asia/Kolkata",19.863756,75.321188,,,,"Maharashtra Pollution Control Board","CPCB"
3409461,"Rachnakar Colony, Aurangabad - MPCB","so2",15.12,"ppb","2025-07-10T17:30:00Z","2025-07-10T23:00:00+05:30","Asia/Kolkata",19.863756,75.321188,,,,"Maharashtra Pollution Control Board","CPCB"
3409461,"Rachnakar Colony, Aurangabad - MPCB","so2",23.1,"ppb","2025-07-10T17:45:00Z","2025-07-10T23:15:00+05:30","Asia/Kolkata",19.863756,75.321188,,,,"Maharashtra Pollution Control Board","CPCB"
3409461,"Rachnakar Colony, Aurangabad - MPCB","so2",22.32,"ppb","2025-07-10T18:00:00Z","2025-07-10T23:30:00+05:30","Asia/Kolkata",19.863756,75.321188,,,,"Maharashtra Pollution Control Board","CPCB"
3409461,"Rachnakar Colony, Aurangabad - MPCB","so2",21.43,"ppb","2025-07-10T18:15:00Z","2025-07-10T23:45:00+05:30","Asia/Kolkata",19.863756,75.321188,,,,"Maharashtra Pollution Control Board","CPCB"
3409461,"Rachnakar Colony, Aurangabad - MPCB","so2",21.19,"ppb","2025-07-10T19:15:00Z","2025-07-11T00:45:00+05:30","Asia/Kolkata",19.863756,75.321188,,,,"Maharashtra Pollution Control Board","CPCB"
3409461,"Rachnakar Colony, Aurangabad - MPCB","so2",21.19,"ppb","2025-07-10T19:30:00Z","2025-07-11T01:00:00+05:30","Asia/Kolkata",19.863756,75.321188,,,,"Maharashtra Pollution Control Board","CPCB"
3409461,"Rachnakar Colony, Aurangabad - MPCB","so2",20.72,"ppb","2025-07-10T19:45:00Z","2025-07-11T01:15:00+05:30","Asia/Kolkata",19.863756,75.321188,,,,"Maharashtra Pollution Control Board","CPCB"
3409461,"Rachnakar Colony, Aurangabad - MPCB","so2",21.73,"ppb","2025-07-10T20:00:00Z","2025-07-11T01:30:00+05:30","Asia/Kolkata",19.863756,75.321188,,,,"Maharashtra Pollution Control Board","CPCB"
3409461,"Rachnakar Colony, Aurangabad - MPCB","so2",17.67,"ppb","2025-07-10T20:15:00Z","2025-07-11T01:45:00+05:30","Asia/Kolkata",19.863756,75.321188,,,,"Maharashtra Pollution Control Board","CPCB"
3409461,"Rachnakar Colony, Aurangabad - MPCB","so2",22.01,"ppb","2025-07-10T20:30:00Z","2025-07-11T02:00:00+05:30","Asia/Kolkata",19.863756,75.321188,,,,"Maharashtra Pollution Control Board","CPCB"
3409461,"Rachnakar Colony, Aurangabad - MPCB","so2",18,"ppb","2025-07-10T20:45:00Z","2025-07-11T02:15:00+05:30","Asia/Kolkata",19.863756,75.321188,,,,"Maharashtra Pollution Control Board","CPCB"
3409461,"Rachnakar Colony, Aurangabad - MPCB","so2",22.39,"ppb","2025-07-10T21:00:00Z","2025-07-11T02:30:00+05:30","Asia/Kolkata",19.863756,75.321188,,,,"Maharashtra Pollution Control Board","CPCB"
3409461,"Rachnakar Colony, Aurangabad - MPCB","so2",19.88,"ppb","2025-07-10T21:15:00Z","2025-07-11T02:45:00+05:30","Asia/Kolkata",19.863756,75.321188,,,,"Maharashtra Pollution Control Board","CPCB"
3409461,"Rachnakar Colony, Aurangabad - MPCB","so2",17.51,"ppb","2025-07-10T21:30:00Z","2025-07-11T03:00:00+05:30","Asia/Kolkata",19.863756,75.321188,,,,"Maharashtra Pollution Control Board","CPCB"
3409461,"Rachnakar Colony, Aurangabad - MPCB","so2",21.21,"ppb","2025-07-10T21:45:00Z","2025-07-11T03:15:00+05:30","Asia/Kolkata",19.863756,75.321188,,,,"Maharashtra Pollution Control Board","CPCB"
3409461,"Rachnakar Colony, Aurangabad - MPCB","so2",15.15,"ppb","2025-07-10T22:00:00Z","2025-07-11T03:30:00+05:30","Asia/Kolkata",19.863756,75.321188,,,,"Maharashtra Pollution Control Board","CPCB"
3409461,"Rachnakar Colony, Aurangabad - MPCB","so2",19.09,"ppb","2025-07-10T22:15:00Z","2025-07-11T03:45:00+05:30","Asia/Kolkata",19.863756,75.321188,,,,"Maharashtra Pollution Control Board","CPCB"
3409461,"Rachnakar Colony, Aurangabad - MPCB","so2",18.14,"ppb","2025-07-10T22:30:00Z","2025-07-11T04:00:00+05:30","Asia/Kolkata",19.863756,75.321188,,,,"Maharashtra Pollution Control Board","CPCB"
3409461,"Rachnakar Colony, Aurangabad - MPCB","so2",18.99,"ppb","2025-07-10T22:45:00Z","2025-07-11T04:15:00+05:30","Asia/Kolkata",19.863756,75.321188,,,,"Maharashtra Pollution Control Board","CPCB"
3409461,"Rachnakar Colony, Aurangabad - MPCB","so2",16.95,"ppb","2025-07-10T23:00:00Z","2025-07-11T04:30:00+05:30","Asia/Kolkata",19.863756,75.321188,,,,"Maharashtra Pollution Control Board","CPCB"
3409461,"Rachnakar Colony, Aurangabad - MPCB","so2",19.68,"ppb","2025-07-10T23:15:00Z","2025-07-11T04:45:00+05:30","Asia/Kolkata",19.863756,75.321188,,,,"Maharashtra Pollution Control Board","CPCB"
3409461,"Rachnakar Colony, Aurangabad - MPCB","so2",17.59,"ppb","2025-07-10T23:30:00Z","2025-07-11T05:00:00+05:30","Asia/Kolkata",19.863756,75.321188,,,,"Maharashtra Pollution Control Board","CPCB"
3409461,"Rachnakar Colony, Aurangabad - MPCB","so2",17.44,"ppb","2025-07-10T23:45:00Z","2025-07-11T05:15:00+05:30","Asia/Kolkata",19.863756,75.321188,,,,"Maharashtra Pollution Control Board","CPCB"
3409461,"Rachnakar Colony, Aurangabad - MPCB","so2",17.72,"ppb","2025-07-11T00:00:00Z","2025-07-11T05:30:00+05:30","Asia/Kolkata",19.863756,75.321188,,,,"Maharashtra Pollution Control Board","CPCB"
3409461,"Rachnakar Colony, Aurangabad - MPCB","temperature",26.07,"c","2025-07-10T00:15:00Z","2025-07-10T05:45:00+05:30","Asia/Kolkata",19.863756,75.321188,,,,"Maharashtra Pollution Control Board","CPCB"
3409461,"Rachnakar Colony, Aurangabad - MPCB","temperature",26.1,"c","2025-07-10T00:30:00Z","2025-07-10T06:00:00+05:30","Asia/Kolkata",19.863756,75.321188,,,,"Maharashtra Pollution Control Board","CPCB"
3409461,"Rachnakar Colony, Aurangabad - MPCB","temperature",26.18,"c","2025-07-10T00:45:00Z","2025-07-10T06:15:00+05:30","Asia/Kolkata",19.863756,75.321188,,,,"Maharashtra Pollution Control Board","CPCB"
3409461,"Rachnakar Colony, Aurangabad - MPCB","temperature",26.36,"c","2025-07-10T01:00:00Z","2025-07-10T06:30:00+05:30","Asia/Kolkata",19.863756,75.321188,,,,"Maharashtra Pollution Control Board","CPCB"
3409461,"Rachnakar Colony, Aurangabad - MPCB","temperature",26.6,"c","2025-07-10T01:15:00Z","2025-07-10T06:45:00+05:30","Asia/Kolkata",19.863756,75.321188,,,,"Maharashtra Pollution Control Board","CPCB"
3409461,"Rachnakar Colony, Aurangabad - MPCB","temperature",27,"c","2025-07-10T01:30:00Z","2025-07-10T07:00:00+05:30","Asia/Kolkata",19.863756,75.321188,,,,"Maharashtra Pollution Control Board","CPCB"
3409461,"Rachnakar Colony, Aurangabad - MPCB","temperature",27.28,"c","2025-07-10T01:45:00Z","2025-07-10T07:15:00+05:30","Asia/Kolkata",19.863756,75.321188,,,,"Maharashtra Pollution Control Board","CPCB"
3409461,"Rachnakar Colony, Aurangabad - MPCB","temperature",27.59,"c","2025-07-10T02:00:00Z","2025-07-10T07:30:00+05:30","Asia/Kolkata",19.863756,75.321188,,,,"Maharashtra Pollution Control Board","CPCB"
3409461,"Rachnakar Colony, Aurangabad - MPCB","temperature",27.83,"c","2025-07-10T02:15:00Z","2025-07-10T07:45:00+05:30","Asia/Kolkata",19.863756,75.321188,,,,"Maharashtra Pollution Control Board","CPCB"
3409461,"Rachnakar Colony, Aurangabad - MPCB","temperature",28,"c","2025-07-10T02:30:00Z","2025-07-10T08:00:00+05:30","Asia/Kolkata",19.863756,75.321188,,,,"Maharashtra Pollution Control Board","CPCB"
3409461,"Rachnakar Colony, Aurangabad - MPCB","temperature",28.23,"c","2025-07-10T02:45:00Z","2025-07-10T08:15:00+05:30","Asia/Kolkata",19.863756,75.321188,,,,"Maharashtra Pollution Control Board","CPCB"
3409461,"Rachnakar Colony, Aurangabad - MPCB","temperature",28.58,"c","2025-07-10T03:00:00Z","2025-07-10T08:30:00+05:30","Asia/Kolkata",19.863756,75.321188,,,,"Maharashtra Pollution Control Board","CPCB"
3409461,"Rachnakar Colony, Aurangabad - MPCB","temperature",29.02,"c","2025-07-10T03:15:00Z","2025-07-10T08:45:00+05:30","Asia/Kolkata",19.863756,75.321188,,,,"Maharashtra Pollution Control Board","CPCB"
3409461,"Rachnakar Colony, Aurangabad - MPCB","temperature",29.11,"c","2025-07-10T03:30:00Z","2025-07-10T09:00:00+05:30","Asia/Kolkata",19.863756,75.321188,,,,"Maharashtra Pollution Control Board","CPCB"
3409461,"Rachnakar Colony, Aurangabad - MPCB","temperature",29.54,"c","2025-07-10T03:45:00Z","2025-07-10T09:15:00+05:30","Asia/Kolkata",19.863756,75.321188,,,,"Maharashtra Pollution Control Board","CPCB"
3409461,"Rachnakar Colony, Aurangabad - MPCB","temperature",29.75,"c","2025-07-10T04:00:00Z","2025-07-10T09:30:00+05:30","Asia/Kolkata",19.863756,75.321188,,,,"Maharashtra Pollution Control Board","CPCB"
3409461,"Rachnakar Colony, Aurangabad - MPCB","temperature",29.9,"c","2025-07-10T04:15:00Z","2025-07-10T09:45:00+05:30","Asia/Kolkata",19.863756,75.321188,,,,"Maharashtra Pollution Control Board","CPCB"
3409461,"Rachnakar Colony, Aurangabad - MPCB","temperature",30,"c","2025-07-10T04:30:00Z","2025-07-10T10:00:00+05:30","Asia/Kolkata",19.863756,75.321188,,,,"Maharashtra Pollution Control Board","CPCB"
3409461,"Rachnakar Colony, Aurangabad - MPCB","temperature",30.45,"c","2025-07-10T04:45:00Z","2025-07-10T10:15:00+05:30","Asia/Kolkata",19.863756,75.321188,,,,"Maharashtra Pollution Control Board","CPCB"
3409461,"Rachnakar Colony, Aurangabad - MPCB","temperature",30.49,"c","2025-07-10T05:00:00Z","2025-07-10T10:30:00+05:30","Asia/Kolkata",19.863756,75.321188,,,,"Maharashtra Pollution Control Board","CPCB"
3409461,"Rachnakar Colony, Aurangabad - MPCB","temperature",31.04,"c","2025-07-10T05:15:00Z","2025-07-10T10:45:00+05:30","Asia/Kolkata",19.863756,75.321188,,,,"Maharashtra Pollution Control Board","CPCB"
3409461,"Rachnakar Colony, Aurangabad - MPCB","temperature",31.14,"c","2025-07-10T05:30:00Z","2025-07-10T11:00:00+05:30","Asia/Kolkata",19.863756,75.321188,,,,"Maharashtra Pollution Control Board","CPCB"
3409461,"Rachnakar Colony, Aurangabad - MPCB","temperature",30.9,"c","2025-07-10T05:45:00Z","2025-07-10T11:15:00+05:30","Asia/Kolkata",19.863756,75.321188,,,,"Maharashtra Pollution Control Board","CPCB"
3409461,"Rachnakar Colony, Aurangabad - MPCB","temperature",31.28,"c","2025-07-10T06:00:00Z","2025-07-10T11:30:00+05:30","Asia/Kolkata",19.863756,75.321188,,,,"Maharashtra Pollution Control Board","CPCB"
3409461,"Rachnakar Colony, Aurangabad - MPCB","temperature",31.6,"c","2025-07-10T06:15:00Z","2025-07-10T11:45:00+05:30","Asia/Kolkata",19.863756,75.321188,,,,"Maharashtra Pollution Control Board","CPCB"
3409461,"Rachnakar Colony, Aurangabad - MPCB","temperature",31.81,"c","2025-07-10T06:30:00Z","2025-07-10T12:00:00+05:30","Asia/Kolkata",19.863756,75.321188,,,,"Maharashtra Pollution Control Board","CPCB"
3409461,"Rachnakar Colony, Aurangabad - MPCB","temperature",31.66,"c","2025-07-10T06:45:00Z","2025-07-10T12:15:00+05:30","Asia/Kolkata",19.863756,75.321188,,,,"Maharashtra Pollution Control Board","CPCB"
3409461,"Rachnakar Colony, Aurangabad - MPCB","temperature",32.12,"c","2025-07-10T07:00:00Z","2025-07-10T12:30:00+05:30","Asia/Kolkata",19.863756,75.321188,,,,"Maharashtra Pollution Control Board","CPCB"
3409461,"Rachnakar Colony, Aurangabad - MPCB","temperature",32.39,"c","2025-07-10T07:15:00Z","2025-07-10T12:45:00+05:30","Asia/Kolkata",19.863756,75.321188,,,,"Maharashtra Pollution Control Board","CPCB"
3409461,"Rachnakar Colony, Aurangabad - MPCB","temperature",32.51,"c","2025-07-10T07:30:00Z","2025-07-10T13:00:00+05:30","Asia/Kolkata",19.863756,75.321188,,,,"Maharashtra Pollution Control Board","CPCB"
3409461,"Rachnakar Colony, Aurangabad - MPCB","temperature",32.56,"c","2025-07-10T07:45:00Z","2025-07-10T13:15:00+05:30","Asia/Kolkata",19.863756,75.321188,,,,"Maharashtra Pollution Control Board","CPCB"
3409461,"Rachnakar Colony, Aurangabad - MPCB","temperature",32.98,"c","2025-07-10T08:00:00Z","2025-07-10T13:30:00+05:30","Asia/Kolkata",19.863756,75.321188,,,,"Maharashtra Pollution Control Board","CPCB"
3409461,"Rachnakar Colony, Aurangabad - MPCB","temperature",33,"c","2025-07-10T08:15:00Z","2025-07-10T13:45:00+05:30","Asia/Kolkata",19.863756,75.321188,,,,"Maharashtra Pollution Control Board","CPCB"
3409461,"Rachnakar Colony, Aurangabad - MPCB","temperature",32.95,"c","2025-07-10T08:30:00Z","2025-07-10T14:00:00+05:30","Asia/Kolkata",19.863756,75.321188,,,,"Maharashtra Pollution Control Board","CPCB"
3409461,"Rachnakar Colony, Aurangabad - MPCB","temperature",33.23,"c","2025-07-10T08:45:00Z","2025-07-10T14:15:00+05:30","Asia/Kolkata",19.863756,75.321188,,,,"Maharashtra Pollution Control Board","CPCB"
3409461,"Rachnakar Colony, Aurangabad - MPCB","temperature",33.12,"c","2025-07-10T09:00:00Z","2025-07-10T14:30:00+05:30","Asia/Kolkata",19.863756,75.321188,,,,"Maharashtra Pollution Control Board","CPCB"
3409461,"Rachnakar Colony, Aurangabad - MPCB","temperature",33.36,"c","2025-07-10T09:15:00Z","2025-07-10T14:45:00+05:30","Asia/Kolkata",19.863756,75.321188,,,,"Maharashtra Pollution Control Board","CPCB"
3409461,"Rachnakar Colony, Aurangabad - MPCB","temperature",33.41,"c","2025-07-10T09:45:00Z","2025-07-10T15:15:00+05:30","Asia/Kolkata",19.863756,75.321188,,,,"Maharashtra Pollution Control Board","CPCB"
3409461,"Rachnakar Colony, Aurangabad - MPCB","temperature",33.6,"c","2025-07-10T10:00:00Z","2025-07-10T15:30:00+05:30","Asia/Kolkata",19.863756,75.321188,,,,"Maharashtra Pollution Control Board","CPCB"
3409461,"Rachnakar Colony, Aurangabad - MPCB","temperature",33.7,"c","2025-07-10T10:15:00Z","2025-07-10T15:45:00+05:30","Asia/Kolkata",19.863756,75.321188,,,,"Maharashtra Pollution Control Board","CPCB"
3409461,"Rachnakar Colony, Aurangabad - MPCB","temperature",33.89,"c","2025-07-10T10:30:00Z","2025-07-10T16:00:00+05:30","Asia/Kolkata",19.863756,75.321188,,,,"Maharashtra Pollution Control Board","CPCB"
3409461,"Rachnakar Colony, Aurangabad - MPCB","temperature",33.74,"c","2025-07-10T10:45:00Z","2025-07-10T16:15:00+05:30","Asia/Kolkata",19.863756,75.321188,,,,"Maharashtra Pollution Control Board","CPCB"
3409461,"Rachnakar Colony, Aurangabad - MPCB","temperature",33.36,"c","2025-07-10T11:00:00Z","2025-07-10T16:30:00+05:30","Asia/Kolkata",19.863756,75.321188,,,,"Maharashtra Pollution Control Board","CPCB"
3409461,"Rachnakar Colony, Aurangabad - MPCB","temperature",32.92,"c","2025-07-10T11:15:00Z","2025-07-10T16:45:00+05:30","Asia/Kolkata",19.863756,75.321188,,,,"Maharashtra Pollution Control Board","CPCB"
3409461,"Rachnakar Colony, Aurangabad - MPCB","temperature",32.68,"c","2025-07-10T11:30:00Z","2025-07-10T17:00:00+05:30","Asia/Kolkata",19.863756,75.321188,,,,"Maharashtra Pollution Control Board","CPCB"
3409461,"Rachnakar Colony, Aurangabad - MPCB","temperature",32.64,"c","2025-07-10T11:45:00Z","2025-07-10T17:15:00+05:30","Asia/Kolkata",19.863756,75.321188,,,,"Maharashtra Pollution Control Board","CPCB"
3409461,"Rachnakar Colony, Aurangabad - MPCB","temperature",32.47,"c","2025-07-10T12:00:00Z","2025-07-10T17:30:00+05:30","Asia/Kolkata",19.863756,75.321188,,,,"Maharashtra Pollution Control Board","CPCB"
3409461,"Rachnakar Colony, Aurangabad - MPCB","temperature",32.42,"c","2025-07-10T12:15:00Z","2025-07-10T17:45:00+05:30","Asia/Kolkata",19.863756,75.321188,,,,"Maharashtra Pollution Control Board","CPCB"
3409461,"Rachnakar Colony, Aurangabad - MPCB","temperature",32.27,"c","2025-07-10T12:30:00Z","2025-07-10T18:00:00+05:30","Asia/Kolkata",19.863756,75.321188,,,,"Maharashtra Pollution Control Board","CPCB"
3409461,"Rachnakar Colony, Aurangabad - MPCB","temperature",32.03,"c","2025-07-10T12:45:00Z","2025-07-10T18:15:00+05:30","Asia/Kolkata",19.863756,75.321188,,,,"Maharashtra Pollution Control Board","CPCB"
3409461,"Rachnakar Colony, Aurangabad - MPCB","temperature",31.76,"c","2025-07-10T13:00:00Z","2025-07-10T18:30:00+05:30","Asia/Kolkata",19.863756,75.321188,,,,"Maharashtra Pollution Control Board","CPCB"
3409461,"Rachnakar Colony, Aurangabad - MPCB","temperature",30.7,"c","2025-07-10T13:15:00Z","2025-07-10T18:45:00+05:30","Asia/Kolkata",19.863756,75.321188,,,,"Maharashtra Pollution Control Board","CPCB"
3409461,"Rachnakar Colony, Aurangabad - MPCB","temperature",28.32,"c","2025-07-10T13:30:00Z","2025-07-10T19:00:00+05:30","Asia/Kolkata",19.863756,75.321188,,,,"Maharashtra Pollution Control Board","CPCB"
3409461,"Rachnakar Colony, Aurangabad - MPCB","temperature",27.89,"c","2025-07-10T13:45:00Z","2025-07-10T19:15:00+05:30","Asia/Kolkata",19.863756,75.321188,,,,"Maharashtra Pollution Control Board","CPCB"
3409461,"Rachnakar Colony, Aurangabad - MPCB","temperature",27.87,"c","2025-07-10T14:00:00Z","2025-07-10T19:30:00+05:30","Asia/Kolkata",19.863756,75.321188,,,,"Maharashtra Pollution Control Board","CPCB"
3409461,"Rachnakar Colony, Aurangabad - MPCB","temperature",27.97,"c","2025-07-10T14:15:00Z","2025-07-10T19:45:00+05:30","Asia/Kolkata",19.863756,75.321188,,,,"Maharashtra Pollution Control Board","CPCB"
3409461,"Rachnakar Colony, Aurangabad - MPCB","temperature",28.1,"c","2025-07-10T14:30:00Z","2025-07-10T20:00:00+05:30","Asia/Kolkata",19.863756,75.321188,,,,"Maharashtra Pollution Control Board","CPCB"
3409461,"Rachnakar Colony, Aurangabad - MPCB","temperature",28,"c","2025-07-10T14:45:00Z","2025-07-10T20:15:00+05:30","Asia/Kolkata",19.863756,75.321188,,,,"Maharashtra Pollution Control Board","CPCB"
3409461,"Rachnakar Colony, Aurangabad - MPCB","temperature",27.92,"c","2025-07-10T15:00:00Z","2025-07-10T20:30:00+05:30","Asia/Kolkata",19.863756,75.321188,,,,"Maharashtra Pollution Control Board","CPCB"
3409461,"Rachnakar Colony, Aurangabad - MPCB","temperature",28.11,"c","2025-07-10T15:15:00Z","2025-07-10T20:45:00+05:30","Asia/Kolkata",19.863756,75.321188,,,,"Maharashtra Pollution Control Board","CPCB"
3409461,"Rachnakar Colony, Aurangabad - MPCB","temperature",28.09,"c","2025-07-10T15:30:00Z","2025-07-10T21:00:00+05:30","Asia/Kolkata",19.863756,75.321188,,,,"Maharashtra Pollution Control Board","CPCB"
3409461,"Rachnakar Colony, Aurangabad - MPCB","temperature",27.9,"c","2025-07-10T15:45:00Z","2025-07-10T21:15:00+05:30","Asia/Kolkata",19.863756,75.321188,,,,"Maharashtra Pollution Control Board","CPCB"
3409461,"Rachnakar Colony, Aurangabad - MPCB","temperature",27.84,"c","2025-07-10T16:00:00Z","2025-07-10T21:30:00+05:30","Asia/Kolkata",19.863756,75.321188,,,,"Maharashtra Pollution Control Board","CPCB"
3409461,"Rachnakar Colony, Aurangabad - MPCB","temperature",28.06,"c","2025-07-10T16:15:00Z","2025-07-10T21:45:00+05:30","Asia/Kolkata",19.863756,75.321188,,,,"Maharashtra Pollution Control Board","CPCB"
3409461,"Rachnakar Colony, Aurangabad - MPCB","temperature",28.07,"c","2025-07-10T16:30:00Z","2025-07-10T22:00:00+05:30","Asia/Kolkata",19.863756,75.321188,,,,"Maharashtra Pollution Control Board","CPCB"
3409461,"Rachnakar Colony, Aurangabad - MPCB","temperature",28.12,"c","2025-07-10T17:00:00Z","2025-07-10T22:30:00+05:30","Asia/Kolkata",19.863756,75.321188,,,,"Maharashtra Pollution Control Board","CPCB"
3409461,"Rachnakar Colony, Aurangabad - MPCB","temperature",27.99,"c","2025-07-10T17:15:00Z","2025-07-10T22:45:00+05:30","Asia/Kolkata",19.863756,75.321188,,,,"Maharashtra Pollution Control Board","CPCB"
3409461,"Rachnakar Colony, Aurangabad - MPCB","temperature",27.84,"c","2025-07-10T17:30:00Z","2025-07-10T23:00:00+05:30","Asia/Kolkata",19.863756,75.321188,,,,"Maharashtra Pollution Control Board","CPCB"
3409461,"Rachnakar Colony, Aurangabad - MPCB","temperature",27.55,"c","2025-07-10T17:45:00Z","2025-07-10T23:15:00+05:30","Asia/Kolkata",19.863756,75.321188,,,,"Maharashtra Pollution Control Board","CPCB"
3409461,"Rachnakar Colony, Aurangabad - MPCB","temperature",27.54,"c","2025-07-10T18:00:00Z","2025-07-10T23:30:00+05:30","Asia/Kolkata",19.863756,75.321188,,,,"Maharashtra Pollution Control Board","CPCB"
3409461,"Rachnakar Colony, Aurangabad - MPCB","temperature",27.67,"c","2025-07-10T18:15:00Z","2025-07-10T23:45:00+05:30","Asia/Kolkata",19.863756,75.321188,,,,"Maharashtra Pollution Control Board","CPCB"
3409461,"Rachnakar Colony, Aurangabad - MPCB","temperature",27.33,"c","2025-07-10T19:15:00Z","2025-07-11T00:45:00+05:30","Asia/Kolkata",19.863756,75.321188,,,,"Maharashtra Pollution Control Board","CPCB"
3409461,"Rachnakar Colony, Aurangabad - MPCB","temperature",27.27,"c","2025-07-10T19:30:00Z","2025-07-11T01:00:00+05:30","Asia/Kolkata",19.863756,75.321188,,,,"Maharashtra Pollution Control Board","CPCB"
3409461,"Rachnakar Colony, Aurangabad - MPCB","temperature",27.21,"c","2025-07-10T19:45:00Z","2025-07-11T01:15:00+05:30","Asia/Kolkata",19.863756,75.321188,,,,"Maharashtra Pollution Control Board","CPCB"
3409461,"Rachnakar Colony, Aurangabad - MPCB","temperature",27.2,"c","2025-07-10T20:00:00Z","2025-07-11T01:30:00+05:30","Asia/Kolkata",19.863756,75.321188,,,,"Maharashtra Pollution Control Board","CPCB"
3409461,"Rachnakar Colony, Aurangabad - MPCB","temperature",27.14,"c","2025-07-10T20:15:00Z","2025-07-11T01:45:00+05:30","Asia/Kolkata",19.863756,75.321188,,,,"Maharashtra Pollution Control Board","CPCB"
3409461,"Rachnakar Colony, Aurangabad - MPCB","temperature",27.14,"c","2025-07-10T20:30:00Z","2025-07-11T02:00:00+05:30","Asia/Kolkata",19.863756,75.321188,,,,"Maharashtra Pollution Control Board","CPCB"
3409461,"Rachnakar Colony, Aurangabad - MPCB","temperature",27.08,"c","2025-07-10T20:45:00Z","2025-07-11T02:15:00+05:30","Asia/Kolkata",19.863756,75.321188,,,,"Maharashtra Pollution Control Board","CPCB"
3409461,"Rachnakar Colony, Aurangabad - MPCB","temperature",27.05,"c","2025-07-10T21:00:00Z","2025-07-11T02:30:00+05:30","Asia/Kolkata",19.863756,75.321188,,,,"Maharashtra Pollution Control Board","CPCB"
3409461,"Rachnakar Colony, Aurangabad - MPCB","temperature",26.97,"c","2025-07-10T21:15:00Z","2025-07-11T02:45:00+05:30","Asia/Kolkata",19.863756,75.321188,,,,"Maharashtra Pollution Control Board","CPCB"
3409461,"Rachnakar Colony, Aurangabad - MPCB","temperature",26.84,"c","2025-07-10T21:30:00Z","2025-07-11T03:00:00+05:30","Asia/Kolkata",19.863756,75.321188,,,,"Maharashtra Pollution Control Board","CPCB"
3409461,"Rachnakar Colony, Aurangabad - MPCB","temperature",26.8,"c","2025-07-10T21:45:00Z","2025-07-11T03:15:00+05:30","Asia/Kolkata",19.863756,75.321188,,,,"Maharashtra Pollution Control Board","CPCB"
3409461,"Rachnakar Colony, Aurangabad - MPCB","temperature",26.74,"c","2025-07-10T22:00:00Z","2025-07-11T03:30:00+05:30","Asia/Kolkata",19.863756,75.321188,,,,"Maharashtra Pollution Control Board","CPCB"
3409461,"Rachnakar Colony, Aurangabad - MPCB","temperature",26.71,"c","2025-07-10T22:15:00Z","2025-07-11T03:45:00+05:30","Asia/Kolkata",19.863756,75.321188,,,,"Maharashtra Pollution Control Board","CPCB"
3409461,"Rachnakar Colony, Aurangabad - MPCB","temperature",26.67,"c","2025-07-10T22:30:00Z","2025-07-11T04:00:00+05:30","Asia/Kolkata",19.863756,75.321188,,,,"Maharashtra Pollution Control Board","CPCB"
3409461,"Rachnakar Colony, Aurangabad - MPCB","temperature",26.62,"c","2025-07-10T22:45:00Z","2025-07-11T04:15:00+05:30","Asia/Kolkata",19.863756,75.321188,,,,"Maharashtra Pollution Control Board","CPCB"
3409461,"Rachnakar Colony, Aurangabad - MPCB","temperature",26.61,"c","2025-07-10T23:00:00Z","2025-07-11T04:30:00+05:30","Asia/Kolkata",19.863756,75.321188,,,,"Maharashtra Pollution Control Board","CPCB"
3409461,"Rachnakar Colony, Aurangabad - MPCB","temperature",26.62,"c","2025-07-10T23:15:00Z","2025-07-11T04:45:00+05:30","Asia/Kolkata",19.863756,75.321188,,,,"Maharashtra Pollution Control Board","CPCB"
3409461,"Rachnakar Colony, Aurangabad - MPCB","temperature",26.56,"c","2025-07-10T23:30:00Z","2025-07-11T05:00:00+05:30","Asia/Kolkata",19.863756,75.321188,,,,"Maharashtra Pollution Control Board","CPCB"
3409461,"Rachnakar Colony, Aurangabad - MPCB","temperature",26.48,"c","2025-07-10T23:45:00Z","2025-07-11T05:15:00+05:30","Asia/Kolkata",19.863756,75.321188,,,,"Maharashtra Pollution Control Board","CPCB"
3409461,"Rachnakar Colony, Aurangabad - MPCB","temperature",26.46,"c","2025-07-11T00:00:00Z","2025-07-11T05:30:00+05:30","Asia/Kolkata",19.863756,75.321188,,,,"Maharashtra Pollution Control Board","CPCB"