location_id,location_name,parameter,value,unit,datetimeUtc,datetimeLocal,timezone,latitude,longitude,country_iso,isMobile,isMonitor,owner_name,provider
10903,"Railway Colony, Guwahati - APCB","co",0.48,"ppb","2025-07-10T00:15:00Z","2025-07-10T05:45:00+05:30","Asia/Kolkata",26.181742,91.78063,,,,"Unknown Governmental Organization","CPCB"
10903,"Railway Colony, Guwahati - APCB","co",0.52,"ppb","2025-07-10T00:30:00Z","2025-07-10T06:00:00+05:30","Asia/Kolkata",26.181742,91.78063,,,,"Unknown Governmental Organization","CPCB"
10903,"Railway Colony, Guwahati - APCB","co",0.51,"ppb","2025-07-10T00:45:00Z","2025-07-10T06:15:00+05:30","Asia/Kolkata",26.181742,91.78063,,,,"Unknown Governmental Organization","CPCB"
10903,"Railway Colony, Guwahati - APCB","co",0.52,"ppb","2025-07-10T01:00:00Z","2025-07-10T06:30:00+05:30","Asia/Kolkata",26.181742,91.78063,,,,"Unknown Governmental Organization","CPCB"
10903,"Railway Colony, Guwahati - APCB","co",0.49,"ppb","2025-07-10T01:15:00Z","2025-07-10T06:45:00+05:30","Asia/Kolkata",26.181742,91.78063,,,,"Unknown Governmental Organization","CPCB"
10903,"Railway Colony, Guwahati - APCB","co",0.4,"ppb","2025-07-10T01:30:00Z","2025-07-10T07:00:00+05:30","Asia/Kolkata",26.181742,91.78063,,,,"Unknown Governmental Organization","CPCB"
10903,"Railway Colony, Guwahati - APCB","co",0.45,"ppb","2025-07-10T01:45:00Z","2025-07-10T07:15:00+05:30","Asia/Kolkata",26.181742,91.78063,,,,"Unknown Governmental Organization","CPCB"
10903,"Railway Colony, Guwahati - APCB","co",0.48,"ppb","2025-07-10T02:00:00Z","2025-07-10T07:30:00+05:30","Asia/Kolkata",26.181742,91.78063,,,,"Unknown Governmental Organization","CPCB"
10903,"Railway Colony, Guwahati - APCB","co",0.46,"ppb","2025-07-10T02:15:00Z","2025-07-10T07:45:00+05:30","Asia/Kolkata",26.181742,91.78063,,,,"Unknown Governmental Organization","CPCB"
10903,"Railway Colony, Guwahati - APCB","co",0.47,"ppb","2025-07-10T02:30:00Z","2025-07-10T08:00:00+05:30","Asia/Kolkata",26.181742,91.78063,,,,"Unknown Governmental Organization","CPCB"
10903,"Railway Colony, Guwahati - APCB","co",0.47,"ppb","2025-07-10T02:45:00Z","2025-07-10T08:15:00+05:30","Asia/Kolkata",26.181742,91.78063,,,,"Unknown Governmental Organization","CPCB"
10903,"Railway Colony, Guwahati - APCB","co",0.46,"ppb","2025-07-10T03:00:00Z","2025-07-10T08:30:00+05:30","Asia/Kolkata",26.181742,91.78063,,,,"Unknown Governmental Organization","CPCB"
10903,"Railway Colony, Guwahati - APCB","co",0.46,"ppb","2025-07-10T03:15:00Z","2025-07-10T08:45:00+05:30","Asia/Kolkata",26.181742,91.78063,,,,"Unknown Governmental Organization","CPCB"
10903,"Railway Colony, Guwahati - APCB","co",0.48,"ppb","2025-07-10T03:45:00Z","2025-07-10T09:15:00+05:30","Asia/Kolkata",26.181742,91.78063,,,,"Unknown Governmental Organization","CPCB"
10903,"Railway Colony, Guwahati - APCB","co",0.51,"ppb","2025-07-10T04:00:00Z","2025-07-10T09:30:00+05:30","Asia/Kolkata",26.181742,91.78063,,,,"Unknown Governmental Organization","CPCB"
10903,"Railway Colony, Guwahati - APCB","co",0.52,"ppb","2025-07-10T04:15:00Z","2025-07-10T09:45:00+05:30","Asia/Kolkata",26.181742,91.78063,,,,"Unknown Governmental Organization","CPCB"
10903,"Railway Colony, Guwahati - APCB","co",0.53,"ppb","2025-07-10T04:30:00Z","2025-07-10T10:00:00+05:30","Asia/Kolkata",26.181742,91.78063,,,,"Unknown Governmental Organization","CPCB"
10903,"Railway Colony, Guwahati - APCB","co",0.52,"ppb","2025-07-10T04:45:00Z","2025-07-10T10:15:00+05:30","Asia/Kolkata",26.181742,91.78063,,,,"Unknown Governmental Organization","CPCB"
10903,"Railway Colony, Guwahati - APCB","co",0.5,"ppb","2025-07-10T05:00:00Z","2025-07-10T10:30:00+05:30","Asia/Kolkata",26.181742,91.78063,,,,"Unknown Governmental Organization","CPCB"
10903,"Railway Colony, Guwahati - APCB","co",0.51,"ppb","2025-07-10T05:15:00Z","2025-07-10T10:45:00+05:30","Asia/Kolkata",26.181742,91.78063,,,,"Unknown Governmental Organization","CPCB"
10903,"Railway Colony, Guwahati - APCB","co",0.51,"ppb","2025-07-10T05:30:00Z","2025-07-10T11:00:00+05:30","Asia/Kolkata",26.181742,91.78063,,,,"Unknown Governmental Organization","CPCB"
10903,"Railway Colony, Guwahati - APCB","co",0.45,"ppb","2025-07-10T05:45:00Z","2025-07-10T11:15:00+05:30","Asia/Kolkata",26.181742,91.78063,,,,"Unknown Governmental Organization","CPCB"
10903,"Railway Colony, Guwahati - APCB","co",0.5,"ppb","2025-07-10T06:00:00Z","2025-07-10T11:30:00+05:30","Asia/Kolkata",26.181742,91.78063,,,,"Unknown Governmental Organization","CPCB"
10903,"Railway Colony, Guwahati - APCB","co",0.52,"ppb","2025-07-10T06:15:00Z","2025-07-10T11:45:00+05:30","Asia/Kolkata",26.181742,91.78063,,,,"Unknown Governmental Organization","CPCB"
10903,"Railway Colony, Guwahati - APCB","co",0.5,"ppb","2025-07-10T06:30:00Z","2025-07-10T12:00:00+05:30","Asia/Kolkata",26.181742,91.78063,,,,"Unknown Governmental Organization","CPCB"
10903,"Railway Colony, Guwahati - APCB","co",0.5,"ppb","2025-07-10T06:45:00Z","2025-07-10T12:15:00+05:30","Asia/Kolkata",26.181742,91.78063,,,,"Unknown Governmental Organization","CPCB"
10903,"Railway Colony, Guwahati - APCB","co",0.47,"ppb","2025-07-10T07:00:00Z","2025-07-10T12:30:00+05:30","Asia/Kolkata",26.181742,91.78063,,,,"Unknown Governmental Organization","CPCB"
10903,"Railway Colony, Guwahati - APCB","co",0.46,"ppb","2025-07-10T07:15:00Z","2025-07-10T12:45:00+05:30","Asia/Kolkata",26.181742,91.78063,,,,"Unknown Governmental Organization","CPCB"
10903,"Railway Colony, Guwahati - APCB","co",0.47,"ppb","2025-07-10T07:30:00Z","2025-07-10T13:00:00+05:30","Asia/Kolkata",26.181742,91.78063,,,,"Unknown Governmental Organization","CPCB"
10903,"Railway Colony, Guwahati - APCB","co",0.49,"ppb","2025-07-10T07:45:00Z","2025-07-10T13:15:00+05:30","Asia/Kolkata",26.181742,91.78063,,,,"Unknown Governmental Organization","CPCB"
10903,"Railway Colony, Guwahati - APCB","co",0.51,"ppb","2025-07-10T08:00:00Z","2025-07-10T13:30:00+05:30","Asia/Kolkata",26.181742,91.78063,,,,"Unknown Governmental Organization","CPCB"
10903,"Railway Colony, Guwahati - APCB","co",0.44,"ppb","2025-07-10T08:15:00Z","2025-07-10T13:45:00+05:30","Asia/Kolkata",26.181742,91.78063,,,,"Unknown Governmental Organization","CPCB"
10903,"Railway Colony, Guwahati - APCB","co",0.41,"ppb","2025-07-10T08:30:00Z","2025-07-10T14:00:00+05:30","Asia/Kolkata",26.181742,91.78063,,,,"Unknown Governmental Organization","CPCB"
10903,"Railway Colony, Guwahati - APCB","co",0.43,"ppb","2025-07-10T08:45:00Z","2025-07-10T14:15:00+05:30","Asia/Kolkata",26.181742,91.78063,,,,"Unknown Governmental Organization","CPCB"
10903,"Railway Colony, Guwahati - APCB","co",0.46,"ppb","2025-07-10T09:00:00Z","2025-07-10T14:30:00+05:30","Asia/Kolkata",26.181742,91.78063,,,,"Unknown Governmental Organization","CPCB"
10903,"Railway Colony, Guwahati - APCB","co",0.51,"ppb","2025-07-10T09:15:00Z","2025-07-10T14:45:00+05:30","Asia/Kolkata",26.181742,91.78063,,,,"Unknown Governmental Organization","CPCB"
10903,"Railway Colony, Guwahati - APCB","co",0.51,"ppb","2025-07-10T09:30:00Z","2025-07-10T15:00:00+05:30","Asia/Kolkata",26.181742,91.78063,,,,"Unknown Governmental Organization","CPCB"
10903,"Railway Colony, Guwahati - APCB","co",0.53,"ppb","2025-07-10T09:45:00Z","2025-07-10T15:15:00+05:30","Asia/Kolkata",26.181742,91.78063,,,,"Unknown Governmental Organization","CPCB"
10903,"Railway Colony, Guwahati - APCB","co",0.53,"ppb","2025-07-10T10:00:00Z","2025-07-10T15:30:00+05:30","Asia/Kolkata",26.181742,91.78063,,,,"Unknown Governmental Organization","CPCB"
10903,"Railway Colony, Guwahati - APCB","co",0.57,"ppb","2025-07-10T10:15:00Z","2025-07-10T15:45:00+05:30","Asia/Kolkata",26.181742,91.78063,,,,"Unknown Governmental Organization","CPCB"
10903,"Railway Colony, Guwahati - APCB","co",0.53,"ppb","2025-07-10T10:30:00Z","2025-07-10T16:00:00+05:30","Asia/Kolkata",26.181742,91.78063,,,,"Unknown Governmental Organization","CPCB"
10903,"Railway Colony, Guwahati - APCB","co",0.54,"ppb","2025-07-10T10:45:00Z","2025-07-10T16:15:00+05:30","Asia/Kolkata",26.181742,91.78063,,,,"Unknown Governmental Organization","CPCB"
10903,"Railway Colony, Guwahati - APCB","co",0.56,"ppb","2025-07-10T11:00:00Z","2025-07-10T16:30:00+05:30","Asia/Kolkata",26.181742,91.78063,,,,"Unknown Governmental Organization","CPCB"
10903,"Railway Colony, Guwahati - APCB","co",0.59,"ppb","2025-07-10T11:15:00Z","2025-07-10T16:45:00+05:30","Asia/Kolkata",26.181742,91.78063,,,,"Unknown Governmental Organization","CPCB"
10903,"Railway Colony, Guwahati - APCB","co",0.58,"ppb","2025-07-10T11:30:00Z","2025-07-10T17:00:00+05:30","Asia/Kolkata",26.181742,91.78063,,,,"Unknown Governmental Organization","CPCB"
10903,"Railway Colony, Guwahati - APCB","co",0.58,"ppb","2025-07-10T11:45:00Z","2025-07-10T17:15:00+05:30","Asia/Kolkata",26.181742,91.78063,,,,"Unknown Governmental Organization","CPCB"
10903,"Railway Colony, Guwahati - APCB","co",0.62,"ppb","2025-07-10T12:00:00Z","2025-07-10T17:30:00+05:30","Asia/Kolkata",26.181742,91.78063,,,,"Unknown Governmental Organization","CPCB"
10903,"Railway Colony, Guwahati - APCB","co",0.65,"ppb","2025-07-10T12:15:00Z","2025-07-10T17:45:00+05:30","Asia/Kolkata",26.181742,91.78063,,,,"Unknown Governmental Organization","CPCB"
10903,"Railway Colony, Guwahati - APCB","co",0.65,"ppb","2025-07-10T12:30:00Z","2025-07-10T18:00:00+05:30","Asia/Kolkata",26.181742,91.78063,,,,"Unknown Governmental Organization","CPCB"
10903,"Railway Colony, Guwahati - APCB","co",0.67,"ppb","2025-07-10T12:45:00Z","2025-07-10T18:15:00+05:30","Asia/Kolkata",26.181742,91.78063,,,,"Unknown Governmental Organization","CPCB"
10903,"Railway Colony, Guwahati - APCB","co",0.71,"ppb","2025-07-10T13:00:00Z","2025-07-10T18:30:00+05:30","Asia/Kolkata",26.181742,91.78063,,,,"Unknown Governmental Organization","CPCB"
10903,"Railway Colony, Guwahati - APCB","co",0.74,"ppb","2025-07-10T13:15:00Z","2025-07-10T18:45:00+05:30","Asia/Kolkata",26.181742,91.78063,,,,"Unknown Governmental Organization","CPCB"
10903,"Railway Colony, Guwahati - APCB","co",0.69,"ppb","2025-07-10T13:30:00Z","2025-07-10T19:00:00+05:30","Asia/Kolkata",26.181742,91.78063,,,,"Unknown Governmental Organization","CPCB"
10903,"Railway Colony, Guwahati - APCB","co",0.78,"ppb","2025-07-10T13:45:00Z","2025-07-10T19:15:00+05:30","Asia/Kolkata",26.181742,91.78063,,,,"Unknown Governmental Organization","CPCB"
10903,"Railway Colony, Guwahati - APCB","co",0.77,"ppb","2025-07-10T14:00:00Z","2025-07-10T19:30:00+05:30","Asia/Kolkata",26.181742,91.78063,,,,"Unknown Governmental Organization","CPCB"
10903,"Railway Colony, Guwahati - APCB","co",0.79,"ppb","2025-07-10T14:15:00Z","2025-07-10T19:45:00+05:30","Asia/Kolkata",26.181742,91.78063,,,,"Unknown Governmental Organization","CPCB"
10903,"Railway Colony, Guwahati - APCB","co",0.76,"ppb","2025-07-10T14:30:00Z","2025-07-10T20:00:00+05:30","Asia/Kolkata",26.181742,91.78063,,,,"Unknown Governmental Organization","CPCB"
10903,"Railway Colony, Guwahati - APCB","co",0.75,"ppb","2025-07-10T14:45:00Z","2025-07-10T20:15:00+05:30","Asia/Kolkata",26.181742,91.78063,,,,"Unknown Governmental Organization","CPCB"
10903,"Railway Colony, Guwahati - APCB","co",0.8,"ppb","2025-07-10T15:00:00Z","2025-07-10T20:30:00+05:30","Asia/Kolkata",26.181742,91.78063,,,,"Unknown Governmental Organization","CPCB"
10903,"Railway Colony, Guwahati - APCB","co",0.78,"ppb","2025-07-10T15:15:00Z","2025-07-10T20:45:00+05:30","Asia/Kolkata",26.181742,91.78063,,,,"Unknown Governmental Organization","CPCB"
10903,"Railway Colony, Guwahati - APCB","co",0.96,"ppb","2025-07-10T15:30:00Z","2025-07-10T21:00:00+05:30","Asia/Kolkata",26.181742,91.78063,,,,"Unknown Governmental Organization","CPCB"
10903,"Railway Colony, Guwahati - APCB","co",1.07,"ppb","2025-07-10T15:45:00Z","2025-07-10T21:15:00+05:30","Asia/Kolkata",26.181742,91.78063,,,,"Unknown Governmental Organization","CPCB"
10903,"Railway Colony, Guwahati - APCB","co",0.87,"ppb","2025-07-10T16:00:00Z","2025-07-10T21:30:00+05:30","Asia/Kolkata",26.181742,91.78063,,,,"Unknown Governmental Organization","CPCB"
10903,"Railway Colony, Guwahati - APCB","co",0.73,"ppb","2025-07-10T16:15:00Z","2025-07-10T21:45:00+05:30","Asia/Kolkata",26.181742,91.78063,,,,"Unknown Governmental Organization","CPCB"
10903,"Railway Colony, Guwahati - APCB","co",0.72,"ppb","2025-07-10T16:30:00Z","2025-07-10T22:00:00+05:30","Asia/Kolkata",26.181742,91.78063,,,,"Unknown Governmental Organization","CPCB"
10903,"Railway Colony, Guwahati - APCB","co",0.67,"ppb","2025-07-10T16:45:00Z","2025-07-10T22:15:00+05:30","Asia/Kolkata",26.181742,91.78063,,,,"Unknown Governmental Organization","CPCB"
10903,"Railway Colony, Guwahati - APCB","co",0.62,"ppb","2025-07-10T17:00:00Z","2025-07-10T22:30:00+05:30","Asia/Kolkata",26.181742,91.78063,,,,"Unknown Governmental Organization","CPCB"
10903,"Railway Colony, Guwahati - APCB","co",0.56,"ppb","2025-07-10T17:15:00Z","2025-07-10T22:45:00+05:30","Asia/Kolkata",26.181742,91.78063,,,,"Unknown Governmental Organization","CPCB"
10903,"Railway Colony, Guwahati - APCB","co",0.53,"ppb","2025-07-10T17:30:00Z","2025-07-10T23:00:00+05:30","Asia/Kolkata",26.181742,91.78063,,,,"Unknown Governmental Organization","CPCB"
10903,"Railway Colony, Guwahati - APCB","co",0.54,"ppb","2025-07-10T17:45:00Z","2025-07-10T23:15:00+05:30","Asia/Kolkata",26.181742,91.78063,,,,"Unknown Governmental Organization","CPCB"
10903,"Railway Colony, Guwahati - APCB","co",0.55,"ppb","2025-07-10T18:00:00Z","2025-07-10T23:30:00+05:30","Asia/Kolkata",26.181742,91.78063,,,,"Unknown Governmental Organization","CPCB"
10903,"Railway Colony, Guwahati - APCB","co",0.56,"ppb","2025-07-10T18:15:00Z","2025-07-10T23:45:00+05:30","Asia/Kolkata",26.181742,91.78063,,,,"Unknown Governmental Organization","CPCB"
10903,"Railway Colony, Guwahati - APCB","co",0.49,"ppb","2025-07-10T19:15:00Z","2025-07-11T00:45:00+05:30","Asia/Kolkata",26.181742,91.78063,,,,"Unknown Governmental Organization","CPCB"
10903,"Railway Colony, Guwahati - APCB","co",0.48,"ppb","2025-07-10T19:30:00Z","2025-07-11T01:00:00+05:30","Asia/Kolkata",26.181742,91.78063,,,,"Unknown Governmental Organization","CPCB"
10903,"Railway Colony, Guwahati - APCB","co",0.45,"ppb","2025-07-10T19:45:00Z","2025-07-11T01:15:00+05:30","Asia/Kolkata",26.181742,91.78063,,,,"Unknown Governmental Organization","CPCB"
10903,"Railway Colony, Guwahati - APCB","co",0.45,"ppb","2025-07-10T20:00:00Z","2025-07-11T01:30:00+05:30","Asia/Kolkata",26.181742,91.78063,,,,"Unknown Governmental Organization","CPCB"
10903,"Railway Colony, Guwahati - APCB","co",0.48,"ppb","2025-07-10T20:15:00Z","2025-07-11T01:45:00+05:30","Asia/Kolkata",26.181742,91.78063,,,,"Unknown Governmental Organization","CPCB"
10903,"Railway Colony, Guwahati - APCB","co",0.46,"ppb","2025-07-10T20:30:00Z","2025-07-11T02:00:00+05:30","Asia/Kolkata",26.181742,91.78063,,,,"Unknown Governmental Organization","CPCB"
10903,"Railway Colony, Guwahati - APCB","co",0.46,"ppb","2025-07-10T20:45:00Z","2025-07-11T02:15:00+05:30","Asia/Kolkata",26.181742,91.78063,,,,"Unknown Governmental Organization","CPCB"
10903,"Railway Colony, Guwahati - APCB","co",0.46,"ppb","2025-07-10T21:00:00Z","2025-07-11T02:30:00+05:30","Asia/Kolkata",26.181742,91.78063,,,,"Unknown Governmental Organization","CPCB"
10903,"Railway Colony, Guwahati - APCB","co",0.47,"ppb","2025-07-10T21:15:00Z","2025-07-11T02:45:00+05:30","Asia/Kolkata",26.181742,91.78063,,,,"Unknown Governmental Organization","CPCB"
10903,"Railway Colony, Guwahati - APCB","co",0.46,"ppb","2025-07-10T21:30:00Z","2025-07-11T03:00:00+05:30","Asia/Kolkata",26.181742,91.78063,,,,"Unknown Governmental Organization","CPCB"
10903,"Railway Colony, Guwahati - APCB","co",0.46,"ppb","2025-07-10T21:45:00Z","2025-07-11T03:15:00+05:30","Asia/Kolkata",26.181742,91.78063,,,,"Unknown Governmental Organization","CPCB"
10903,"Railway Colony, Guwahati - APCB","co",0.48,"ppb","2025-07-10T22:00:00Z","2025-07-11T03:30:00+05:30","Asia/Kolkata",26.181742,91.78063,,,,"Unknown Governmental Organization","CPCB"
10903,"Railway Colony, Guwahati - APCB","co",0.46,"ppb","2025-07-10T22:15:00Z","2025-07-11T03:45:00+05:30","Asia/Kolkata",26.181742,91.78063,,,,"Unknown Governmental Organization","CPCB"
10903,"Railway Colony, Guwahati - APCB","co",0.47,"ppb","2025-07-10T22:30:00Z","2025-07-11T04:00:00+05:30","Asia/Kolkata",26.181742,91.78063,,,,"Unknown Governmental Organization","CPCB"
10903,"Railway Colony, Guwahati - APCB","co",0.48,"ppb","2025-07-10T22:45:00Z","2025-07-11T04:15:00+05:30","Asia/Kolkata",26.181742,91.78063,,,,"Unknown Governmental Organization","CPCB"
10903,"Railway Colony, Guwahati - APCB","co",0.54,"ppb","2025-07-10T23:15:00Z","2025-07-11T04:45:00+05:30","Asia/Kolkata",26.181742,91.78063,,,,"Unknown Governmental Organization","CPCB"
10903,"Railway Colony, Guwahati - APCB","co",0.54,"ppb","2025-07-10T23:30:00Z","2025-07-11T05:00:00+05:30","Asia/Kolkata",26.181742,91.78063,,,,"Unknown Governmental Organization","CPCB"
10903,"Railway Colony, Guwahati - APCB","co",0.57,"ppb","2025-07-10T23:45:00Z","2025-07-11T05:15:00+05:30","Asia/Kolkata",26.181742,91.78063,,,,"Unknown Governmental Organization","CPCB"
10903,"Railway Colony, Guwahati - APCB","co",0.6,"ppb","2025-07-11T00:00:00Z","2025-07-11T05:30:00+05:30","Asia/Kolkata",26.181742,91.78063,,,,"Unknown Governmental Organization","CPCB"
10903,"Railway Colony, Guwahati - APCB","no",5.07,"ppb","2025-07-10T00:15:00Z","2025-07-10T05:45:00+05:30","Asia/Kolkata",26.181742,91.78063,,,,"Unknown Governmental Organization","CPCB"
10903,"Railway Colony, Guwahati - APCB","no",5.01,"ppb","2025-07-10T00:30:00Z","2025-07-10T06:00:00+05:30","Asia/Kolkata",26.181742,91.78063,,,,"Unknown Governmental Organization","CPCB"
10903,"Railway Colony, Guwahati - APCB","no",5.13,"ppb","2025-07-10T00:45:00Z","2025-07-10T06:15:00+05:30","Asia/Kolkata",26.181742,91.78063,,,,"Unknown Governmental Organization","CPCB"
10903,"Railway Colony, Guwahati - APCB","no",5.26,"ppb","2025-07-10T01:00:00Z","2025-07-10T06:30:00+05:30","Asia/Kolkata",26.181742,91.78063,,,,"Unknown Governmental Organization","CPCB"
10903,"Railway Colony, Guwahati - APCB","no",5.28,"ppb","2025-07-10T01:15:00Z","2025-07-10T06:45:00+05:30","Asia/Kolkata",26.181742,91.78063,,,,"Unknown Governmental Organization","CPCB"
10903,"Railway Colony, Guwahati - APCB","no",5.42,"ppb","2025-07-10T01:30:00Z","2025-07-10T07:00:00+05:30","Asia/Kolkata",26.181742,91.78063,,,,"Unknown Governmental Organization","CPCB"
10903,"Railway Colony, Guwahati - APCB","no",5.21,"ppb","2025-07-10T01:45:00Z","2025-07-10T07:15:00+05:30","Asia/Kolkata",26.181742,91.78063,,,,"Unknown Governmental Organization","CPCB"
10903,"Railway Colony, Guwahati - APCB","no",5.15,"ppb","2025-07-10T02:00:00Z","2025-07-10T07:30:00+05:30","Asia/Kolkata",26.181742,91.78063,,,,"Unknown Governmental Organization","CPCB"
10903,"Railway Colony, Guwahati - APCB","no",5.51,"ppb","2025-07-10T02:15:00Z","2025-07-10T07:45:00+05:30","Asia/Kolkata",26.181742,91.78063,,,,"Unknown Governmental Organization","CPCB"
10903,"Railway Colony, Guwahati - APCB","no",5.23,"ppb","2025-07-10T02:30:00Z","2025-07-10T08:00:00+05:30","Asia/Kolkata",26.181742,91.78063,,,,"Unknown Governmental Organization","CPCB"
10903,"Railway Colony, Guwahati - APCB","no",5.17,"ppb","2025-07-10T02:45:00Z","2025-07-10T08:15:00+05:30","Asia/Kolkata",26.181742,91.78063,,,,"Unknown Governmental Organization","CPCB"
10903,"Railway Colony, Guwahati - APCB","no",5.13,"ppb","2025-07-10T03:00:00Z","2025-07-10T08:30:00+05:30","Asia/Kolkata",26.181742,91.78063,,,,"Unknown Governmental Organization","CPCB"
10903,"Railway Colony, Guwahati - APCB","no",5.11,"ppb","2025-07-10T03:15:00Z","2025-07-10T08:45:00+05:30","Asia/Kolkata",26.181742,91.78063,,,,"Unknown Governmental Organization","CPCB"
10903,"Railway Colony, Guwahati - APCB","no",5.19,"ppb","2025-07-10T03:45:00Z","2025-07-10T09:15:00+05:30","Asia/Kolkata",26.181742,91.78063,,,,"Unknown Governmental Organization","CPCB"
10903,"Railway Colony, Guwahati - APCB","no",5.3,"ppb","2025-07-10T04:00:00Z","2025-07-10T09:30:00+05:30","Asia/Kolkata",26.181742,91.78063,,,,"Unknown Governmental Organization","CPCB"
10903,"Railway Colony, Guwahati - APCB","no",5.03,"ppb","2025-07-10T04:15:00Z","2025-07-10T09:45:00+05:30","Asia/Kolkata",26.181742,91.78063,,,,"Unknown Governmental Organization","CPCB"
10903,"Railway Colony, Guwahati - APCB","no",5.03,"ppb","2025-07-10T04:30:00Z","2025-07-10T10:00:00+05:30","Asia/Kolkata",26.181742,91.78063,,,,"Unknown Governmental Organization","CPCB"
10903,"Railway Colony, Guwahati - APCB","no",5.38,"ppb","2025-07-10T04:45:00Z","2025-07-10T10:15:00+05:30","Asia/Kolkata",26.181742,91.78063,,,,"Unknown Governmental Organization","CPCB"
10903,"Railway Colony, Guwahati - APCB","no",5.3,"ppb","2025-07-10T05:00:00Z","2025-07-10T10:30:00+05:30","Asia/Kolkata",26.181742,91.78063,,,,"Unknown Governmental Organization","CPCB"
10903,"Railway Colony, Guwahati - APCB","no",5.15,"ppb","2025-07-10T05:15:00Z","2025-07-10T10:45:00+05:30","Asia/Kolkata",26.181742,91.78063,,,,"Unknown Governmental Organization","CPCB"
10903,"Railway Colony, Guwahati - APCB","no",5.26,"ppb","2025-07-10T05:30:00Z","2025-07-10T11:00:00+05:30","Asia/Kolkata",26.181742,91.78063,,,,"Unknown Governmental Organization","CPCB"
10903,"Railway Colony, Guwahati - APCB","no",5.23,"ppb","2025-07-10T05:45:00Z","2025-07-10T11:15:00+05:30","Asia/Kolkata",26.181742,91.78063,,,,"Unknown Governmental Organization","CPCB"
10903,"Railway Colony, Guwahati - APCB","no",5.14,"ppb","2025-07-10T06:00:00Z","2025-07-10T11:30:00+05:30","Asia/Kolkata",26.181742,91.78063,,,,"Unknown Governmental Organization","CPCB"
10903,"Railway Colony, Guwahati - APCB","no",5.4,"ppb","2025-07-10T06:15:00Z","2025-07-10T11:45:00+05:30","Asia/Kolkata",26.181742,91.78063,,,,"Unknown Governmental Organization","CPCB"
10903,"Railway Colony, Guwahati - APCB","no",5.27,"ppb","2025-07-10T06:30:00Z","2025-07-10T12:00:00+05:30","Asia/Kolkata",26.181742,91.78063,,,,"Unknown Governmental Organization","CPCB"
10903,"Railway Colony, Guwahati - APCB","no",5.23,"ppb","2025-07-10T06:45:00Z","2025-07-10T12:15:00+05:30","Asia/Kolkata",26.181742,91.78063,,,,"Unknown Governmental Organization","CPCB"
10903,"Railway Colony, Guwahati - APCB","no",5.09,"ppb","2025-07-10T07:00:00Z","2025-07-10T12:30:00+05:30","Asia/Kolkata",26.181742,91.78063,,,,"Unknown Governmental Organization","CPCB"
10903,"Railway Colony, Guwahati - APCB","no",5.3,"ppb","2025-07-10T07:15:00Z","2025-07-10T12:45:00+05:30","Asia/Kolkata",26.181742,91.78063,,,,"Unknown Governmental Organization","CPCB"
10903,"Railway Colony, Guwahati - APCB","no",5.32,"ppb","2025-07-10T07:30:00Z","2025-07-10T13:00:00+05:30","Asia/Kolkata",26.181742,91.78063,,,,"Unknown Governmental Organization","CPCB"
10903,"Railway Colony, Guwahati - APCB","no",5.21,"ppb","2025-07-10T07:45:00Z","2025-07-10T13:15:00+05:30","Asia/Kolkata",26.181742,91.78063,,,,"Unknown Governmental Organization","CPCB"
10903,"Railway Colony, Guwahati - APCB","no",5.36,"ppb","2025-07-10T08:00:00Z","2025-07-10T13:30:00+05:30","Asia/Kolkata",26.181742,91.78063,,,,"Unknown Governmental Organization","CPCB"
10903,"Railway Colony, Guwahati - APCB","no",5.42,"ppb","2025-07-10T08:15:00Z","2025-07-10T13:45:00+05:30","Asia/Kolkata",26.181742,91.78063,,,,"Unknown Governmental Organization","CPCB"
10903,"Railway Colony, Guwahati - APCB","no",5.23,"ppb","2025-07-10T08:30:00Z","2025-07-10T14:00:00+05:30","Asia/Kolkata",26.181742,91.78063,,,,"Unknown Governmental Organization","CPCB"
10903,"Railway Colony, Guwahati - APCB","no",5.36,"ppb","2025-07-10T08:45:00Z","2025-07-10T14:15:00+05:30","Asia/Kolkata",26.181742,91.78063,,,,"Unknown Governmental Organization","CPCB"
10903,"Railway Colony, Guwahati - APCB","no",5.11,"ppb","2025-07-10T09:00:00Z","2025-07-10T14:30:00+05:30","Asia/Kolkata",26.181742,91.78063,,,,"Unknown Governmental Organization","CPCB"
10903,"Railway Colony, Guwahati - APCB","no",5.29,"ppb","2025-07-10T09:15:00Z","2025-07-10T14:45:00+05:30","Asia/Kolkata",26.181742,91.78063,,,,"Unknown Governmental Organization","CPCB"
10903,"Railway Colony, Guwahati - APCB","no",5.44,"ppb","2025-07-10T09:30:00Z","2025-07-10T15:00:00+05:30","Asia/Kolkata",26.181742,91.78063,,,,"Unknown Governmental Organization","CPCB"
10903,"Railway Colony, Guwahati - APCB","no",5.42,"ppb","2025-07-10T09:45:00Z","2025-07-10T15:15:00+05:30","Asia/Kolkata",26.181742,91.78063,,,,"Unknown Governmental Organization","CPCB"
10903,"Railway Colony, Guwahati - APCB","no",5.47,"ppb","2025-07-10T10:00:00Z","2025-07-10T15:30:00+05:30","Asia/Kolkata",26.181742,91.78063,,,,"Unknown Governmental Organization","CPCB"
10903,"Railway Colony, Guwahati - APCB","no",5.38,"ppb","2025-07-10T10:15:00Z","2025-07-10T15:45:00+05:30","Asia/Kolkata",26.181742,91.78063,,,,"Unknown Governmental Organization","CPCB"
10903,"Railway Colony, Guwahati - APCB","no",5.32,"ppb","2025-07-10T10:30:00Z","2025-07-10T16:00:00+05:30","Asia/Kolkata",26.181742,91.78063,,,,"Unknown Governmental Organization","CPCB"
10903,"Railway Colony, Guwahati - APCB","no",5.59,"ppb","2025-07-10T10:45:00Z","2025-07-10T16:15:00+05:30","Asia/Kolkata",26.181742,91.78063,,,,"Unknown Governmental Organization","CPCB"
10903,"Railway Colony, Guwahati - APCB","no",5.3,"ppb","2025-07-10T11:00:00Z","2025-07-10T16:30:00+05:30","Asia/Kolkata",26.181742,91.78063,,,,"Unknown Governmental Organization","CPCB"
10903,"Railway Colony, Guwahati - APCB","no",5.34,"ppb","2025-07-10T11:15:00Z","2025-07-10T16:45:00+05:30","Asia/Kolkata",26.181742,91.78063,,,,"Unknown Governmental Organization","CPCB"
10903,"Railway Colony, Guwahati - APCB","no",5.3,"ppb","2025-07-10T11:30:00Z","2025-07-10T17:00:00+05:30","Asia/Kolkata",26.181742,91.78063,,,,"Unknown Governmental Organization","CPCB"
10903,"Railway Colony, Guwahati - APCB","no",5.48,"ppb","2025-07-10T11:45:00Z","2025-07-10T17:15:00+05:30","Asia/Kolkata",26.181742,91.78063,,,,"Unknown Governmental Organization","CPCB"
10903,"Railway Colony, Guwahati - APCB","no",5.17,"ppb","2025-07-10T12:00:00Z","2025-07-10T17:30:00+05:30","Asia/Kolkata",26.181742,91.78063,,,,"Unknown Governmental Organization","CPCB"
10903,"Railway Colony, Guwahati - APCB","no",5.32,"ppb","2025-07-10T12:15:00Z","2025-07-10T17:45:00+05:30","Asia/Kolkata",26.181742,91.78063,,,,"Unknown Governmental Organization","CPCB"
10903,"Railway Colony, Guwahati - APCB","no",5.22,"ppb","2025-07-10T12:30:00Z","2025-07-10T18:00:00+05:30","Asia/Kolkata",26.181742,91.78063,,,,"Unknown Governmental Organization","CPCB"
10903,"Railway Colony, Guwahati - APCB","no",5.42,"ppb","2025-07-10T12:45:00Z","2025-07-10T18:15:00+05:30","Asia/Kolkata",26.181742,91.78063,,,,"Unknown Governmental Organization","CPCB"
10903,"Railway Colony, Guwahati - APCB","no",5.42,"ppb","2025-07-10T13:00:00Z","2025-07-10T18:30:00+05:30","Asia/Kolkata",26.181742,91.78063,,,,"Unknown Governmental Organization","CPCB"
10903,"Railway Colony, Guwahati - APCB","no",5.34,"ppb","2025-07-10T13:15:00Z","2025-07-10T18:45:00+05:30","Asia/Kolkata",26.181742,91.78063,,,,"Unknown Governmental Organization","CPCB"
10903,"Railway Colony, Guwahati - APCB","no",5.34,"ppb","2025-07-10T13:30:00Z","2025-07-10T19:00:00+05:30","Asia/Kolkata",26.181742,91.78063,,,,"Unknown Governmental Organization","CPCB"
10903,"Railway Colony, Guwahati - APCB","no",5.36,"ppb","2025-07-10T13:45:00Z","2025-07-10T19:15:00+05:30","Asia/Kolkata",26.181742,91.78063,,,,"Unknown Governmental Organization","CPCB"
10903,"Railway Colony, Guwahati - APCB","no",5.4,"ppb","2025-07-10T14:00:00Z","2025-07-10T19:30:00+05:30","Asia/Kolkata",26.181742,91.78063,,,,"Unknown Governmental Organization","CPCB"
10903,"Railway Colony, Guwahati - APCB","no",5.36,"ppb","2025-07-10T14:15:00Z","2025-07-10T19:45:00+05:30","Asia/Kolkata",26.181742,91.78063,,,,"Unknown Governmental Organization","CPCB"
10903,"Railway Colony, Guwahati - APCB","no",5.24,"ppb","2025-07-10T14:30:00Z","2025-07-10T20:00:00+05:30","Asia/Kolkata",26.181742,91.78063,,,,"Unknown Governmental Organization","CPCB"
10903,"Railway Colony, Guwahati - APCB","no",5.04,"ppb","2025-07-10T14:45:00Z","2025-07-10T20:15:00+05:30","Asia/Kolkata",26.181742,91.78063,,,,"Unknown Governmental Organization","CPCB"
10903,"Railway Colony, Guwahati - APCB","no",5.15,"ppb","2025-07-10T15:00:00Z","2025-07-10T20:30:00+05:30","Asia/Kolkata",26.181742,91.78063,,,,"Unknown Governmental Organization","CPCB"
10903,"Railway Colony, Guwahati - APCB","no",5.32,"ppb","2025-07-10T15:15:00Z","2025-07-10T20:45:00+05:30","Asia/Kolkata",26.181742,91.78063,,,,"Unknown Governmental Organization","CPCB"
10903,"Railway Colony, Guwahati - APCB","no",5.36,"ppb","2025-07-10T15:30:00Z","2025-07-10T21:00:00+05:30","Asia/Kolkata",26.181742,91.78063,,,,"Unknown Governmental Organization","CPCB"
10903,"Railway Colony, Guwahati - APCB","no",5.17,"ppb","2025-07-10T15:45:00Z","2025-07-10T21:15:00+05:30","Asia/Kolkata",26.181742,91.78063,,,,"Unknown Governmental Organization","CPCB"
10903,"Railway Colony, Guwahati - APCB","no",5.32,"ppb","2025-07-10T16:00:00Z","2025-07-10T21:30:00+05:30","Asia/Kolkata",26.181742,91.78063,,,,"Unknown Governmental Organization","CPCB"
10903,"Railway Colony, Guwahati - APCB","no",5.17,"ppb","2025-07-10T16:15:00Z","2025-07-10T21:45:00+05:30","Asia/Kolkata",26.181742,91.78063,,,,"Unknown Governmental Organization","CPCB"
10903,"Railway Colony, Guwahati - APCB","no",5.4,"ppb","2025-07-10T16:30:00Z","2025-07-10T22:00:00+05:30","Asia/Kolkata",26.181742,91.78063,,,,"Unknown Governmental Organization","CPCB"
10903,"Railway Colony, Guwahati - APCB","no",5.34,"ppb","2025-07-10T16:45:00Z","2025-07-10T22:15:00+05:30","Asia/Kolkata",26.181742,91.78063,,,,"Unknown Governmental Organization","CPCB"
10903,"Railway Colony, Guwahati - APCB","no",5.53,"ppb","2025-07-10T17:00:00Z","2025-07-10T22:30:00+05:30","Asia/Kolkata",26.181742,91.78063,,,,"Unknown Governmental Organization","CPCB"
10903,"Railway Colony, Guwahati - APCB","no",5.17,"ppb","2025-07-10T17:15:00Z","2025-07-10T22:45:00+05:30","Asia/Kolkata",26.181742,91.78063,,,,"Unknown Governmental Organization","CPCB"
10903,"Railway Colony, Guwahati - APCB","no",5.17,"ppb","2025-07-10T17:30:00Z","2025-07-10T23:00:00+05:30","Asia/Kolkata",26.181742,91.78063,,,,"Unknown Governmental Organization","CPCB"
10903,"Railway Colony, Guwahati - APCB","no",5.4,"ppb","2025-07-10T17:45:00Z","2025-07-10T23:15:00+05:30","Asia/Kolkata",26.181742,91.78063,,,,"Unknown Governmental Organization","CPCB"
10903,"Railway Colony, Guwahati - APCB","no",5.15,"ppb","2025-07-10T18:00:00Z","2025-07-10T23:30:00+05:30","Asia/Kolkata",26.181742,91.78063,,,,"Unknown Governmental Organization","CPCB"
10903,"Railway Colony, Guwahati - APCB","no",5.24,"ppb","2025-07-10T18:15:00Z","2025-07-10T23:45:00+05:30","Asia/Kolkata",26.181742,91.78063,,,,"Unknown Governmental Organization","CPCB"
10903,"Railway Colony, Guwahati - APCB","no",5.32,"ppb","2025-07-10T19:15:00Z","2025-07-11T00:45:00+05:30","Asia/Kolkata",26.181742,91.78063,,,,"Unknown Governmental Organization","CPCB"
10903,"Railway Colony, Guwahati - APCB","no",5.36,"ppb","2025-07-10T19:30:00Z","2025-07-11T01:00:00+05:30","Asia/Kolkata",26.181742,91.78063,,,,"Unknown Governmental Organization","CPCB"
10903,"Railway Colony, Guwahati - APCB","no",5.13,"ppb","2025-07-10T19:45:00Z","2025-07-11T01:15:00+05:30","Asia/Kolkata",26.181742,91.78063,,,,"Unknown Governmental Organization","CPCB"
10903,"Railway Colony, Guwahati - APCB","no",5.13,"ppb","2025-07-10T20:00:00Z","2025-07-11T01:30:00+05:30","Asia/Kolkata",26.181742,91.78063,,,,"Unknown Governmental Organization","CPCB"
10903,"Railway Colony, Guwahati - APCB","no",5.38,"ppb","2025-07-10T20:15:00Z","2025-07-11T01:45:00+05:30","Asia/Kolkata",26.181742,91.78063,,,,"Unknown Governmental Organization","CPCB"
10903,"Railway Colony, Guwahati - APCB","no",5.25,"ppb","2025-07-10T20:30:00Z","2025-07-11T02:00:00+05:30","Asia/Kolkata",26.181742,91.78063,,,,"Unknown Governmental Organization","CPCB"
10903,"Railway Colony, Guwahati - APCB","no",5.38,"ppb","2025-07-10T20:45:00Z","2025-07-11T02:15:00+05:30","Asia/Kolkata",26.181742,91.78063,,,,"Unknown Governmental Organization","CPCB"
10903,"Railway Colony, Guwahati - APCB","no",5.28,"ppb","2025-07-10T21:00:00Z","2025-07-11T02:30:00+05:30","Asia/Kolkata",26.181742,91.78063,,,,"Unknown Governmental Organization","CPCB"
10903,"Railway Colony, Guwahati - APCB","no",5.28,"ppb","2025-07-10T21:15:00Z","2025-07-11T02:45:00+05:30","Asia/Kolkata",26.181742,91.78063,,,,"Unknown Governmental Organization","CPCB"
10903,"Railway Colony, Guwahati - APCB","no",5.25,"ppb","2025-07-10T21:30:00Z","2025-07-11T03:00:00+05:30","Asia/Kolkata",26.181742,91.78063,,,,"Unknown Governmental Organization","CPCB"
10903,"Railway Colony, Guwahati - APCB","no",5.63,"ppb","2025-07-10T21:45:00Z","2025-07-11T03:15:00+05:30","Asia/Kolkata",26.181742,91.78063,,,,"Unknown Governmental Organization","CPCB"
10903,"Railway Colony, Guwahati - APCB","no",5.15,"ppb","2025-07-10T22:00:00Z","2025-07-11T03:30:00+05:30","Asia/Kolkata",26.181742,91.78063,,,,"Unknown Governmental Organization","CPCB"
10903,"Railway Colony, Guwahati - APCB","no",5.44,"ppb","2025-07-10T22:15:00Z","2025-07-11T03:45:00+05:30","Asia/Kolkata",26.181742,91.78063,,,,"Unknown Governmental Organization","CPCB"
10903,"Railway Colony, Guwahati - APCB","no",5.13,"ppb","2025-07-10T22:30:00Z","2025-07-11T04:00:00+05:30","Asia/Kolkata",26.181742,91.78063,,,,"Unknown Governmental Organization","CPCB"
10903,"Railway Colony, Guwahati - APCB","no",5.28,"ppb","2025-07-10T22:45:00Z","2025-07-11T04:15:00+05:30","Asia/Kolkata",26.181742,91.78063,,,,"Unknown Governmental Organization","CPCB"
10903,"Railway Colony, Guwahati - APCB","no",5.24,"ppb","2025-07-10T23:15:00Z","2025-07-11T04:45:00+05:30","Asia/Kolkata",26.181742,91.78063,,,,"Unknown Governmental Organization","CPCB"
10903,"Railway Colony, Guwahati - APCB","no",5.19,"ppb","2025-07-10T23:30:00Z","2025-07-11T05:00:00+05:30","Asia/Kolkata",26.181742,91.78063,,,,"Unknown Governmental Organization","CPCB"
10903,"Railway Colony, Guwahati - APCB","no",5.42,"ppb","2025-07-10T23:45:00Z","2025-07-11T05:15:00+05:30","Asia/Kolkata",26.181742,91.78063,,,,"Unknown Governmental Organization","CPCB"
10903,"Railway Colony, Guwahati - APCB","no",5.23,"ppb","2025-07-11T00:00:00Z","2025-07-11T05:30:00+05:30","Asia/Kolkata",26.181742,91.78063,,,,"Unknown Governmental Organization","CPCB"
10903,"Railway Colony, Guwahati - APCB","no2",2.58,"ppb","2025-07-10T00:15:00Z","2025-07-10T05:45:00+05:30","Asia/Kolkata",26.181742,91.78063,,,,"Unknown Governmental Organization","CPCB"
10903,"Railway Colony, Guwahati - APCB","no2",2.79,"ppb","2025-07-10T00:30:00Z","2025-07-10T06:00:00+05:30","Asia/Kolkata",26.181742,91.78063,,,,"Unknown Governmental Organization","CPCB"
10903,"Railway Colony, Guwahati - APCB","no2",2.47,"ppb","2025-07-10T00:45:00Z","2025-07-10T06:15:00+05:30","Asia/Kolkata",26.181742,91.78063,,,,"Unknown Governmental Organization","CPCB"
10903,"Railway Colony, Guwahati - APCB","no2",2.64,"ppb","2025-07-10T01:00:00Z","2025-07-10T06:30:00+05:30","Asia/Kolkata",26.181742,91.78063,,,,"Unknown Governmental Organization","CPCB"
10903,"Railway Colony, Guwahati - APCB","no2",2.99,"ppb","2025-07-10T01:15:00Z","2025-07-10T06:45:00+05:30","Asia/Kolkata",26.181742,91.78063,,,,"Unknown Governmental Organization","CPCB"
10903,"Railway Colony, Guwahati - APCB","no2",2.46,"ppb","2025-07-10T01:30:00Z","2025-07-10T07:00:00+05:30","Asia/Kolkata",26.181742,91.78063,,,,"Unknown Governmental Organization","CPCB"
10903,"Railway Colony, Guwahati - APCB","no2",2.75,"ppb","2025-07-10T01:45:00Z","2025-07-10T07:15:00+05:30","Asia/Kolkata",26.181742,91.78063,,,,"Unknown Governmental Organization","CPCB"
10903,"Railway Colony, Guwahati - APCB","no2",3.06,"ppb","2025-07-10T02:00:00Z","2025-07-10T07:30:00+05:30","Asia/Kolkata",26.181742,91.78063,,,,"Unknown Governmental Organization","CPCB"
10903,"Railway Colony, Guwahati - APCB","no2",2.77,"ppb","2025-07-10T02:15:00Z","2025-07-10T07:45:00+05:30","Asia/Kolkata",26.181742,91.78063,,,,"Unknown Governmental Organization","CPCB"
10903,"Railway Colony, Guwahati - APCB","no2",2.7,"ppb","2025-07-10T02:30:00Z","2025-07-10T08:00:00+05:30","Asia/Kolkata",26.181742,91.78063,,,,"Unknown Governmental Organization","CPCB"
10903,"Railway Colony, Guwahati - APCB","no2",2.82,"ppb","2025-07-10T02:45:00Z","2025-07-10T08:15:00+05:30","Asia/Kolkata",26.181742,91.78063,,,,"Unknown Governmental Organization","CPCB"
10903,"Railway Colony, Guwahati - APCB","no2",2.96,"ppb","2025-07-10T03:00:00Z","2025-07-10T08:30:00+05:30","Asia/Kolkata",26.181742,91.78063,,,,"Unknown Governmental Organization","CPCB"
10903,"Railway Colony, Guwahati - APCB","no2",2.52,"ppb","2025-07-10T03:15:00Z","2025-07-10T08:45:00+05:30","Asia/Kolkata",26.181742,91.78063,,,,"Unknown Governmental Organization","CPCB"
10903,"Railway Colony, Guwahati - APCB","no2",2.91,"ppb","2025-07-10T03:45:00Z","2025-07-10T09:15:00+05:30","Asia/Kolkata",26.181742,91.78063,,,,"Unknown Governmental Organization","CPCB"
10903,"Railway Colony, Guwahati - APCB","no2",2.88,"ppb","2025-07-10T04:00:00Z","2025-07-10T09:30:00+05:30","Asia/Kolkata",26.181742,91.78063,,,,"Unknown Governmental Organization","CPCB"
10903,"Railway Colony, Guwahati - APCB","no2",2.58,"ppb","2025-07-10T04:15:00Z","2025-07-10T09:45:00+05:30","Asia/Kolkata",26.181742,91.78063,,,,"Unknown Governmental Organization","CPCB"
10903,"Railway Colony, Guwahati - APCB","no2",3.14,"ppb","2025-07-10T04:30:00Z","2025-07-10T10:00:00+05:30","Asia/Kolkata",26.181742,91.78063,,,,"Unknown Governmental Organization","CPCB"
10903,"Railway Colony, Guwahati - APCB","no2",2.32,"ppb","2025-07-10T04:45:00Z","2025-07-10T10:15:00+05:30","Asia/Kolkata",26.181742,91.78063,,,,"Unknown Governmental Organization","CPCB"
10903,"Railway Colony, Guwahati - APCB","no2",2.43,"ppb","2025-07-10T05:00:00Z","2025-07-10T10:30:00+05:30","Asia/Kolkata",26.181742,91.78063,,,,"Unknown Governmental Organization","CPCB"
10903,"Railway Colony, Guwahati - APCB","no2",2.91,"ppb","2025-07-10T05:15:00Z","2025-07-10T10:45:00+05:30","Asia/Kolkata",26.181742,91.78063,,,,"Unknown Governmental Organization","CPCB"
10903,"Railway Colony, Guwahati - APCB","no2",2.73,"ppb","2025-07-10T05:30:00Z","2025-07-10T11:00:00+05:30","Asia/Kolkata",26.181742,91.78063,,,,"Unknown Governmental Organization","CPCB"
10903,"Railway Colony, Guwahati - APCB","no2",2.93,"ppb","2025-07-10T05:45:00Z","2025-07-10T11:15:00+05:30","Asia/Kolkata",26.181742,91.78063,,,,"Unknown Governmental Organization","CPCB"
10903,"Railway Colony, Guwahati - APCB","no2",2.64,"ppb","2025-07-10T06:00:00Z","2025-07-10T11:30:00+05:30","Asia/Kolkata",26.181742,91.78063,,,,"Unknown Governmental Organization","CPCB"
10903,"Railway Colony, Guwahati - APCB","no2",2.2,"ppb","2025-07-10T06:15:00Z","2025-07-10T11:45:00+05:30","Asia/Kolkata",26.181742,91.78063,,,,"Unknown Governmental Organization","CPCB"
10903,"Railway Colony, Guwahati - APCB","no2",2.26,"ppb","2025-07-10T06:30:00Z","2025-07-10T12:00:00+05:30","Asia/Kolkata",26.181742,91.78063,,,,"Unknown Governmental Organization","CPCB"
10903,"Railway Colony, Guwahati - APCB","no2",2.47,"ppb","2025-07-10T06:45:00Z","2025-07-10T12:15:00+05:30","Asia/Kolkata",26.181742,91.78063,,,,"Unknown Governmental Organization","CPCB"
10903,"Railway Colony, Guwahati - APCB","no2",2.7,"ppb","2025-07-10T07:00:00Z","2025-07-10T12:30:00+05:30","Asia/Kolkata",26.181742,91.78063,,,,"Unknown Governmental Organization","CPCB"
10903,"Railway Colony, Guwahati - APCB","no2",2.53,"ppb","2025-07-10T07:15:00Z","2025-07-10T12:45:00+05:30","Asia/Kolkata",26.181742,91.78063,,,,"Unknown Governmental Organization","CPCB"
10903,"Railway Colony, Guwahati - APCB","no2",3.02,"ppb","2025-07-10T07:30:00Z","2025-07-10T13:00:00+05:30","Asia/Kolkata",26.181742,91.78063,,,,"Unknown Governmental Organization","CPCB"
10903,"Railway Colony, Guwahati - APCB","no2",2.61,"ppb","2025-07-10T07:45:00Z","2025-07-10T13:15:00+05:30","Asia/Kolkata",26.181742,91.78063,,,,"Unknown Governmental Organization","CPCB"
10903,"Railway Colony, Guwahati - APCB","no2",2.44,"ppb","2025-07-10T08:00:00Z","2025-07-10T13:30:00+05:30","Asia/Kolkata",26.181742,91.78063,,,,"Unknown Governmental Organization","CPCB"
10903,"Railway Colony, Guwahati - APCB","no2",2.47,"ppb","2025-07-10T08:15:00Z","2025-07-10T13:45:00+05:30","Asia/Kolkata",26.181742,91.78063,,,,"Unknown Governmental Organization","CPCB"
10903,"Railway Colony, Guwahati - APCB","no2",2.8,"ppb","2025-07-10T08:30:00Z","2025-07-10T14:00:00+05:30","Asia/Kolkata",26.181742,91.78063,,,,"Unknown Governmental Organization","CPCB"
10903,"Railway Colony, Guwahati - APCB","no2",2.62,"ppb","2025-07-10T08:45:00Z","2025-07-10T14:15:00+05:30","Asia/Kolkata",26.181742,91.78063,,,,"Unknown Governmental Organization","CPCB"
10903,"Railway Colony, Guwahati - APCB","no2",2.39,"ppb","2025-07-10T09:00:00Z","2025-07-10T14:30:00+05:30","Asia/Kolkata",26.181742,91.78063,,,,"Unknown Governmental Organization","CPCB"
10903,"Railway Colony, Guwahati - APCB","no2",2.82,"ppb","2025-07-10T09:15:00Z","2025-07-10T14:45:00+05:30","Asia/Kolkata",26.181742,91.78063,,,,"Unknown Governmental Organization","CPCB"
10903,"Railway Colony, Guwahati - APCB","no2",2.58,"ppb","2025-07-10T09:30:00Z","2025-07-10T15:00:00+05:30","Asia/Kolkata",26.181742,91.78063,,,,"Unknown Governmental Organization","CPCB"
10903,"Railway Colony, Guwahati - APCB","no2",2.26,"ppb","2025-07-10T09:45:00Z","2025-07-10T15:15:00+05:30","Asia/Kolkata",26.181742,91.78063,,,,"Unknown Governmental Organization","CPCB"
10903,"Railway Colony, Guwahati - APCB","no2",2.58,"ppb","2025-07-10T10:00:00Z","2025-07-10T15:30:00+05:30","Asia/Kolkata",26.181742,91.78063,,,,"Unknown Governmental Organization","CPCB"
10903,"Railway Colony, Guwahati - APCB","no2",2.26,"ppb","2025-07-10T10:15:00Z","2025-07-10T15:45:00+05:30","Asia/Kolkata",26.181742,91.78063,,,,"Unknown Governmental Organization","CPCB"
10903,"Railway Colony, Guwahati - APCB","no2",2.41,"ppb","2025-07-10T10:30:00Z","2025-07-10T16:00:00+05:30","Asia/Kolkata",26.181742,91.78063,,,,"Unknown Governmental Organization","CPCB"
10903,"Railway Colony, Guwahati - APCB","no2",2.41,"ppb","2025-07-10T10:45:00Z","2025-07-10T16:15:00+05:30","Asia/Kolkata",26.181742,91.78063,,,,"Unknown Governmental Organization","CPCB"
10903,"Railway Colony, Guwahati - APCB","no2",2.32,"ppb","2025-07-10T11:00:00Z","2025-07-10T16:30:00+05:30","Asia/Kolkata",26.181742,91.78063,,,,"Unknown Governmental Organization","CPCB"
10903,"Railway Colony, Guwahati - APCB","no2",2.67,"ppb","2025-07-10T11:15:00Z","2025-07-10T16:45:00+05:30","Asia/Kolkata",26.181742,91.78063,,,,"Unknown Governmental Organization","CPCB"
10903,"Railway Colony, Guwahati - APCB","no2",2.61,"ppb","2025-07-10T11:30:00Z","2025-07-10T17:00:00+05:30","Asia/Kolkata",26.181742,91.78063,,,,"Unknown Governmental Organization","CPCB"
10903,"Railway Colony, Guwahati - APCB","no2",2.44,"ppb","2025-07-10T11:45:00Z","2025-07-10T17:15:00+05:30","Asia/Kolkata",26.181742,91.78063,,,,"Unknown Governmental Organization","CPCB"
10903,"Railway Colony, Guwahati - APCB","no2",2.88,"ppb","2025-07-10T12:00:00Z","2025-07-10T17:30:00+05:30","Asia/Kolkata",26.181742,91.78063,,,,"Unknown Governmental Organization","CPCB"
10903,"Railway Colony, Guwahati - APCB","no2",2.67,"ppb","2025-07-10T12:15:00Z","2025-07-10T17:45:00+05:30","Asia/Kolkata",26.181742,91.78063,,,,"Unknown Governmental Organization","CPCB"
10903,"Railway Colony, Guwahati - APCB","no2",2.39,"ppb","2025-07-10T12:30:00Z","2025-07-10T18:00:00+05:30","Asia/Kolkata",26.181742,91.78063,,,,"Unknown Governmental Organization","CPCB"
10903,"Railway Colony, Guwahati - APCB","no2",2.49,"ppb","2025-07-10T12:45:00Z","2025-07-10T18:15:00+05:30","Asia/Kolkata",26.181742,91.78063,,,,"Unknown Governmental Organization","CPCB"
10903,"Railway Colony, Guwahati - APCB","no2",2.62,"ppb","2025-07-10T13:00:00Z","2025-07-10T18:30:00+05:30","Asia/Kolkata",26.181742,91.78063,,,,"Unknown Governmental Organization","CPCB"
10903,"Railway Colony, Guwahati - APCB","no2",2.85,"ppb","2025-07-10T13:15:00Z","2025-07-10T18:45:00+05:30","Asia/Kolkata",26.181742,91.78063,,,,"Unknown Governmental Organization","CPCB"
10903,"Railway Colony, Guwahati - APCB","no2",2.44,"ppb","2025-07-10T13:30:00Z","2025-07-10T19:00:00+05:30","Asia/Kolkata",26.181742,91.78063,,,,"Unknown Governmental Organization","CPCB"
10903,"Railway Colony, Guwahati - APCB","no2",2.41,"ppb","2025-07-10T13:45:00Z","2025-07-10T19:15:00+05:30","Asia/Kolkata",26.181742,91.78063,,,,"Unknown Governmental Organization","CPCB"
10903,"Railway Colony, Guwahati - APCB","no2",2.82,"ppb","2025-07-10T14:00:00Z","2025-07-10T19:30:00+05:30","Asia/Kolkata",26.181742,91.78063,,,,"Unknown Governmental Organization","CPCB"
10903,"Railway Colony, Guwahati - APCB","no2",2.85,"ppb","2025-07-10T14:15:00Z","2025-07-10T19:45:00+05:30","Asia/Kolkata",26.181742,91.78063,,,,"Unknown Governmental Organization","CPCB"
10903,"Railway Colony, Guwahati - APCB","no2",2.52,"ppb","2025-07-10T14:30:00Z","2025-07-10T20:00:00+05:30","Asia/Kolkata",26.181742,91.78063,,,,"Unknown Governmental Organization","CPCB"
10903,"Railway Colony, Guwahati - APCB","no2",2.64,"ppb","2025-07-10T14:45:00Z","2025-07-10T20:15:00+05:30","Asia/Kolkata",26.181742,91.78063,,,,"Unknown Governmental Organization","CPCB"
10903,"Railway Colony, Guwahati - APCB","no2",2.43,"ppb","2025-07-10T15:00:00Z","2025-07-10T20:30:00+05:30","Asia/Kolkata",26.181742,91.78063,,,,"Unknown Governmental Organization","CPCB"
10903,"Railway Colony, Guwahati - APCB","no2",2.88,"ppb","2025-07-10T15:15:00Z","2025-07-10T20:45:00+05:30","Asia/Kolkata",26.181742,91.78063,,,,"Unknown Governmental Organization","CPCB"
10903,"Railway Colony, Guwahati - APCB","no2",2.49,"ppb","2025-07-10T15:30:00Z","2025-07-10T21:00:00+05:30","Asia/Kolkata",26.181742,91.78063,,,,"Unknown Governmental Organization","CPCB"
10903,"Railway Colony, Guwahati - APCB","no2",2.82,"ppb","2025-07-10T15:45:00Z","2025-07-10T21:15:00+05:30","Asia/Kolkata",26.181742,91.78063,,,,"Unknown Governmental Organization","CPCB"
10903,"Railway Colony, Guwahati - APCB","no2",2.49,"ppb","2025-07-10T16:00:00Z","2025-07-10T21:30:00+05:30","Asia/Kolkata",26.181742,91.78063,,,,"Unknown Governmental Organization","CPCB"
10903,"Railway Colony, Guwahati - APCB","no2",2.94,"ppb","2025-07-10T16:15:00Z","2025-07-10T21:45:00+05:30","Asia/Kolkata",26.181742,91.78063,,,,"Unknown Governmental Organization","CPCB"
10903,"Railway Colony, Guwahati - APCB","no2",2.64,"ppb","2025-07-10T16:30:00Z","2025-07-10T22:00:00+05:30","Asia/Kolkata",26.181742,91.78063,,,,"Unknown Governmental Organization","CPCB"
10903,"Railway Colony, Guwahati - APCB","no2",2.44,"ppb","2025-07-10T16:45:00Z","2025-07-10T22:15:00+05:30","Asia/Kolkata",26.181742,91.78063,,,,"Unknown Governmental Organization","CPCB"
10903,"Railway Colony, Guwahati - APCB","no2",2.49,"ppb","2025-07-10T17:00:00Z","2025-07-10T22:30:00+05:30","Asia/Kolkata",26.181742,91.78063,,,,"Unknown Governmental Organization","CPCB"
10903,"Railway Colony, Guwahati - APCB","no2",2.49,"ppb","2025-07-10T17:15:00Z","2025-07-10T22:45:00+05:30","Asia/Kolkata",26.181742,91.78063,,,,"Unknown Governmental Organization","CPCB"
10903,"Railway Colony, Guwahati - APCB","no2",2.65,"ppb","2025-07-10T17:30:00Z","2025-07-10T23:00:00+05:30","Asia/Kolkata",26.181742,91.78063,,,,"Unknown Governmental Organization","CPCB"
10903,"Railway Colony, Guwahati - APCB","no2",2.52,"ppb","2025-07-10T17:45:00Z","2025-07-10T23:15:00+05:30","Asia/Kolkata",26.181742,91.78063,,,,"Unknown Governmental Organization","CPCB"
10903,"Railway Colony, Guwahati - APCB","no2",3.08,"ppb","2025-07-10T18:00:00Z","2025-07-10T23:30:00+05:30","Asia/Kolkata",26.181742,91.78063,,,,"Unknown Governmental Organization","CPCB"
10903,"Railway Colony, Guwahati - APCB","no2",3.17,"ppb","2025-07-10T18:15:00Z","2025-07-10T23:45:00+05:30","Asia/Kolkata",26.181742,91.78063,,,,"Unknown Governmental Organization","CPCB"
10903,"Railway Colony, Guwahati - APCB","no2",2.46,"ppb","2025-07-10T19:15:00Z","2025-07-11T00:45:00+05:30","Asia/Kolkata",26.181742,91.78063,,,,"Unknown Governmental Organization","CPCB"
10903,"Railway Colony, Guwahati - APCB","no2",2.61,"ppb","2025-07-10T19:30:00Z","2025-07-11T01:00:00+05:30","Asia/Kolkata",26.181742,91.78063,,,,"Unknown Governmental Organization","CPCB"
10903,"Railway Colony, Guwahati - APCB","no2",2.52,"ppb","2025-07-10T19:45:00Z","2025-07-11T01:15:00+05:30","Asia/Kolkata",26.181742,91.78063,,,,"Unknown Governmental Organization","CPCB"
10903,"Railway Colony, Guwahati - APCB","no2",2.7,"ppb","2025-07-10T20:00:00Z","2025-07-11T01:30:00+05:30","Asia/Kolkata",26.181742,91.78063,,,,"Unknown Governmental Organization","CPCB"
10903,"Railway Colony, Guwahati - APCB","no2",2.38,"ppb","2025-07-10T20:15:00Z","2025-07-11T01:45:00+05:30","Asia/Kolkata",26.181742,91.78063,,,,"Unknown Governmental Organization","CPCB"
10903,"Railway Colony, Guwahati - APCB","no2",2.23,"ppb","2025-07-10T20:30:00Z","2025-07-11T02:00:00+05:30","Asia/Kolkata",26.181742,91.78063,,,,"Unknown Governmental Organization","CPCB"
10903,"Railway Colony, Guwahati - APCB","no2",2.79,"ppb","2025-07-10T20:45:00Z","2025-07-11T02:15:00+05:30","Asia/Kolkata",26.181742,91.78063,,,,"Unknown Governmental Organization","CPCB"
10903,"Railway Colony, Guwahati - APCB","no2",2.67,"ppb","2025-07-10T21:00:00Z","2025-07-11T02:30:00+05:30","Asia/Kolkata",26.181742,91.78063,,,,"Unknown Governmental Organization","CPCB"
10903,"Railway Colony, Guwahati - APCB","no2",2.67,"ppb","2025-07-10T21:15:00Z","2025-07-11T02:45:00+05:30","Asia/Kolkata",26.181742,91.78063,,,,"Unknown Governmental Organization","CPCB"
10903,"Railway Colony, Guwahati - APCB","no2",2.55,"ppb","2025-07-10T21:30:00Z","2025-07-11T03:00:00+05:30","Asia/Kolkata",26.181742,91.78063,,,,"Unknown Governmental Organization","CPCB"
10903,"Railway Colony, Guwahati - APCB","no2",2.67,"ppb","2025-07-10T21:45:00Z","2025-07-11T03:15:00+05:30","Asia/Kolkata",26.181742,91.78063,,,,"Unknown Governmental Organization","CPCB"
10903,"Railway Colony, Guwahati - APCB","no2",2.77,"ppb","2025-07-10T22:00:00Z","2025-07-11T03:30:00+05:30","Asia/Kolkata",26.181742,91.78063,,,,"Unknown Governmental Organization","CPCB"
10903,"Railway Colony, Guwahati - APCB","no2",2.46,"ppb","2025-07-10T22:15:00Z","2025-07-11T03:45:00+05:30","Asia/Kolkata",26.181742,91.78063,,,,"Unknown Governmental Organization","CPCB"
10903,"Railway Colony, Guwahati - APCB","no2",2.47,"ppb","2025-07-10T22:30:00Z","2025-07-11T04:00:00+05:30","Asia/Kolkata",26.181742,91.78063,,,,"Unknown Governmental Organization","CPCB"
10903,"Railway Colony, Guwahati - APCB","no2",2.49,"ppb","2025-07-10T22:45:00Z","2025-07-11T04:15:00+05:30","Asia/Kolkata",26.181742,91.78063,,,,"Unknown Governmental Organization","CPCB"
10903,"Railway Colony, Guwahati - APCB","no2",2.7,"ppb","2025-07-10T23:15:00Z","2025-07-11T04:45:00+05:30","Asia/Kolkata",26.181742,91.78063,,,,"Unknown Governmental Organization","CPCB"
10903,"Railway Colony, Guwahati - APCB","no2",2.64,"ppb","2025-07-10T23:30:00Z","2025-07-11T05:00:00+05:30","Asia/Kolkata",26.181742,91.78063,,,,"Unknown Governmental Organization","CPCB"
10903,"Railway Colony, Guwahati - APCB","no2",2.14,"ppb","2025-07-10T23:45:00Z","2025-07-11T05:15:00+05:30","Asia/Kolkata",26.181742,91.78063,,,,"Unknown Governmental Organization","CPCB"
10903,"Railway Colony, Guwahati - APCB","no2",2.73,"ppb","2025-07-11T00:00:00Z","2025-07-11T05:30:00+05:30","Asia/Kolkata",26.181742,91.78063,,,,"Unknown Governmental Organization","CPCB"
10903,"Railway Colony, Guwahati - APCB","o3",0,"µg/m³","2025-07-10T00:15:00Z","2025-07-10T05:45:00+05:30","Asia/Kolkata",26.181742,91.78063,,,,"Unknown Governmental Organization","CPCB"
10903,"Railway Colony, Guwahati - APCB","o3",0,"µg/m³","2025-07-10T00:30:00Z","2025-07-10T06:00:00+05:30","Asia/Kolkata",26.181742,91.78063,,,,"Unknown Governmental Organization","CPCB"
10903,"Railway Colony, Guwahati - APCB","o3",0,"µg/m³","2025-07-10T00:45:00Z","2025-07-10T06:15:00+05:30","Asia/Kolkata",26.181742,91.78063,,,,"Unknown Governmental Organization","CPCB"
10903,"Railway Colony, Guwahati - APCB","o3",0,"µg/m³","2025-07-10T01:00:00Z","2025-07-10T06:30:00+05:30","Asia/Kolkata",26.181742,91.78063,,,,"Unknown Governmental Organization","CPCB"
10903,"Railway Colony, Guwahati - APCB","o3",0,"µg/m³","2025-07-10T01:15:00Z","2025-07-10T06:45:00+05:30","Asia/Kolkata",26.181742,91.78063,,,,"Unknown Governmental Organization","CPCB"
10903,"Railway Colony, Guwahati - APCB","o3",0,"µg/m³","2025-07-10T01:30:00Z","2025-07-10T07:00:00+05:30","Asia/Kolkata",26.181742,91.78063,,,,"Unknown Governmental Organization","CPCB"
10903,"Railway Colony, Guwahati - APCB","o3",0,"µg/m³","2025-07-10T01:45:00Z","2025-07-10T07:15:00+05:30","Asia/Kolkata",26.181742,91.78063,,,,"Unknown Governmental Organization","CPCB"
10903,"Railway Colony, Guwahati - APCB","o3",0,"µg/m³","2025-07-10T02:00:00Z","2025-07-10T07:30:00+05:30","Asia/Kolkata",26.181742,91.78063,,,,"Unknown Governmental Organization","CPCB"
10903,"Railway Colony, Guwahati - APCB","o3",0,"µg/m³","2025-07-10T02:15:00Z","2025-07-10T07:45:00+05:30","Asia/Kolkata",26.181742,91.78063,,,,"Unknown Governmental Organization","CPCB"
10903,"Railway Colony, Guwahati - APCB","o3",0,"µg/m³","2025-07-10T02:30:00Z","2025-07-10T08:00:00+05:30","Asia/Kolkata",26.181742,91.78063,,,,"Unknown Governmental Organization","CPCB"
10903,"Railway Colony, Guwahati - APCB","o3",0,"µg/m³","2025-07-10T02:45:00Z","2025-07-10T08:15:00+05:30","Asia/Kolkata",26.181742,91.78063,,,,"Unknown Governmental Organization","CPCB"
10903,"Railway Colony, Guwahati - APCB","o3",0,"µg/m³","2025-07-10T03:00:00Z","2025-07-10T08:30:00+05:30","Asia/Kolkata",26.181742,91.78063,,,,"Unknown Governmental Organization","CPCB"
10903,"Railway Colony, Guwahati - APCB","o3",0,"µg/m³","2025-07-10T03:15:00Z","2025-07-10T08:45:00+05:30","Asia/Kolkata",26.181742,91.78063,,,,"Unknown Governmental Organization","CPCB"
10903,"Railway Colony, Guwahati - APCB","o3",0,"µg/m³","2025-07-10T03:45:00Z","2025-07-10T09:15:00+05:30","Asia/Kolkata",26.181742,91.78063,,,,"Unknown Governmental Organization","CPCB"
10903,"Railway Colony, Guwahati - APCB","o3",0,"µg/m³","2025-07-10T04:00:00Z","2025-07-10T09:30:00+05:30","Asia/Kolkata",26.181742,91.78063,,,,"Unknown Governmental Organization","CPCB"
10903,"Railway Colony, Guwahati - APCB","o3",0,"µg/m³","2025-07-10T04:15:00Z","2025-07-10T09:45:00+05:30","Asia/Kolkata",26.181742,91.78063,,,,"Unknown Governmental Organization","CPCB"
10903,"Railway Colony, Guwahati - APCB","o3",0,"µg/m³","2025-07-10T04:30:00Z","2025-07-10T10:00:00+05:30","Asia/Kolkata",26.181742,91.78063,,,,"Unknown Governmental Organization","CPCB"
10903,"Railway Colony, Guwahati - APCB","o3",0,"µg/m³","2025-07-10T04:45:00Z","2025-07-10T10:15:00+05:30","Asia/Kolkata",26.181742,91.78063,,,,"Unknown Governmental Organization","CPCB"
10903,"Railway Colony, Guwahati - APCB","o3",0,"µg/m³","2025-07-10T05:00:00Z","2025-07-10T10:30:00+05:30","Asia/Kolkata",26.181742,91.78063,,,,"Unknown Governmental Organization","CPCB"
10903,"Railway Colony, Guwahati - APCB","o3",0,"µg/m³","2025-07-10T05:15:00Z","2025-07-10T10:45:00+05:30","Asia/Kolkata",26.181742,91.78063,,,,"Unknown Governmental Organization","CPCB"
10903,"Railway Colony, Guwahati - APCB","o3",851.9,"µg/m³","2025-07-10T05:30:00Z","2025-07-10T11:00:00+05:30","Asia/Kolkata",26.181742,91.78063,,,,"Unknown Governmental Organization","CPCB"
10903,"Railway Colony, Guwahati - APCB","o3",1062.01,"µg/m³","2025-07-10T05:45:00Z","2025-07-10T11:15:00+05:30","Asia/Kolkata",26.181742,91.78063,,,,"Unknown Governmental Organization","CPCB"
10903,"Railway Colony, Guwahati - APCB","o3",523.75,"µg/m³","2025-07-10T06:00:00Z","2025-07-10T11:30:00+05:30","Asia/Kolkata",26.181742,91.78063,,,,"Unknown Governmental Organization","CPCB"
10903,"Railway Colony, Guwahati - APCB","o3",71.73,"µg/m³","2025-07-10T06:15:00Z","2025-07-10T11:45:00+05:30","Asia/Kolkata",26.181742,91.78063,,,,"Unknown Governmental Organization","CPCB"
10903,"Railway Colony, Guwahati - APCB","o3",5.76,"µg/m³","2025-07-10T06:30:00Z","2025-07-10T12:00:00+05:30","Asia/Kolkata",26.181742,91.78063,,,,"Unknown Governmental Organization","CPCB"
10903,"Railway Colony, Guwahati - APCB","o3",41.82,"µg/m³","2025-07-10T06:45:00Z","2025-07-10T12:15:00+05:30","Asia/Kolkata",26.181742,91.78063,,,,"Unknown Governmental Organization","CPCB"
10903,"Railway Colony, Guwahati - APCB","o3",124.58,"µg/m³","2025-07-10T07:00:00Z","2025-07-10T12:30:00+05:30","Asia/Kolkata",26.181742,91.78063,,,,"Unknown Governmental Organization","CPCB"
10903,"Railway Colony, Guwahati - APCB","o3",0,"µg/m³","2025-07-10T07:15:00Z","2025-07-10T12:45:00+05:30","Asia/Kolkata",26.181742,91.78063,,,,"Unknown Governmental Organization","CPCB"
10903,"Railway Colony, Guwahati - APCB","o3",0,"µg/m³","2025-07-10T07:30:00Z","2025-07-10T13:00:00+05:30","Asia/Kolkata",26.181742,91.78063,,,,"Unknown Governmental Organization","CPCB"
10903,"Railway Colony, Guwahati - APCB","o3",0,"µg/m³","2025-07-10T07:45:00Z","2025-07-10T13:15:00+05:30","Asia/Kolkata",26.181742,91.78063,,,,"Unknown Governmental Organization","CPCB"
10903,"Railway Colony, Guwahati - APCB","o3",0,"µg/m³","2025-07-10T08:00:00Z","2025-07-10T13:30:00+05:30","Asia/Kolkata",26.181742,91.78063,,,,"Unknown Governmental Organization","CPCB"
10903,"Railway Colony, Guwahati - APCB","o3",530.55,"µg/m³","2025-07-10T08:15:00Z","2025-07-10T13:45:00+05:30","Asia/Kolkata",26.181742,91.78063,,,,"Unknown Governmental Organization","CPCB"
10903,"Railway Colony, Guwahati - APCB","o3",0,"µg/m³","2025-07-10T08:30:00Z","2025-07-10T14:00:00+05:30","Asia/Kolkata",26.181742,91.78063,,,,"Unknown Governmental Organization","CPCB"
10903,"Railway Colony, Guwahati - APCB","o3",0,"µg/m³","2025-07-10T08:45:00Z","2025-07-10T14:15:00+05:30","Asia/Kolkata",26.181742,91.78063,,,,"Unknown Governmental Organization","CPCB"
10903,"Railway Colony, Guwahati - APCB","o3",0,"µg/m³","2025-07-10T09:00:00Z","2025-07-10T14:30:00+05:30","Asia/Kolkata",26.181742,91.78063,,,,"Unknown Governmental Organization","CPCB"
10903,"Railway Colony, Guwahati - APCB","o3",0,"µg/m³","2025-07-10T09:15:00Z","2025-07-10T14:45:00+05:30","Asia/Kolkata",26.181742,91.78063,,,,"Unknown Governmental Organization","CPCB"
10903,"Railway Colony, Guwahati - APCB","o3",0,"µg/m³","2025-07-10T09:30:00Z","2025-07-10T15:00:00+05:30","Asia/Kolkata",26.181742,91.78063,,,,"Unknown Governmental Organization","CPCB"
10903,"Railway Colony, Guwahati - APCB","o3",0,"µg/m³","2025-07-10T09:45:00Z","2025-07-10T15:15:00+05:30","Asia/Kolkata",26.181742,91.78063,,,,"Unknown Governmental Organization","CPCB"
10903,"Railway Colony, Guwahati - APCB","o3",0,"µg/m³","2025-07-10T10:00:00Z","2025-07-10T15:30:00+05:30","Asia/Kolkata",26.181742,91.78063,,,,"Unknown Governmental Organization","CPCB"
10903,"Railway Colony, Guwahati - APCB","o3",0,"µg/m³","2025-07-10T10:15:00Z","2025-07-10T15:45:00+05:30","Asia/Kolkata",26.181742,91.78063,,,,"Unknown Governmental Organization","CPCB"
10903,"Railway Colony, Guwahati - APCB","o3",0,"µg/m³","2025-07-10T10:30:00Z","2025-07-10T16:00:00+05:30","Asia/Kolkata",26.181742,91.78063,,,,"Unknown Governmental Organization","CPCB"
10903,"Railway Colony, Guwahati - APCB","o3",0,"µg/m³","2025-07-10T10:45:00Z","2025-07-10T16:15:00+05:30","Asia/Kolkata",26.181742,91.78063,,,,"Unknown Governmental Organization","CPCB"
10903,"Railway Colony, Guwahati - APCB","o3",0,"µg/m³","2025-07-10T11:00:00Z","2025-07-10T16:30:00+05:30","Asia/Kolkata",26.181742,91.78063,,,,"Unknown Governmental Organization","CPCB"
10903,"Railway Colony, Guwahati - APCB","o3",0,"µg/m³","2025-07-10T11:15:00Z","2025-07-10T16:45:00+05:30","Asia/Kolkata",26.181742,91.78063,,,,"Unknown Governmental Organization","CPCB"
10903,"Railway Colony, Guwahati - APCB","o3",0,"µg/m³","2025-07-10T11:30:00Z","2025-07-10T17:00:00+05:30","Asia/Kolkata",26.181742,91.78063,,,,"Unknown Governmental Organization","CPCB"
10903,"Railway Colony, Guwahati - APCB","o3",0,"µg/m³","2025-07-10T11:45:00Z","2025-07-10T17:15:00+05:30","Asia/Kolkata",26.181742,91.78063,,,,"Unknown Governmental Organization","CPCB"
10903,"Railway Colony, Guwahati - APCB","o3",0,"µg/m³","2025-07-10T12:00:00Z","2025-07-10T17:30:00+05:30","Asia/Kolkata",26.181742,91.78063,,,,"Unknown Governmental Organization","CPCB"
10903,"Railway Colony, Guwahati - APCB","o3",0,"µg/m³","2025-07-10T12:15:00Z","2025-07-10T17:45:00+05:30","Asia/Kolkata",26.181742,91.78063,,,,"Unknown Governmental Organization","CPCB"
10903,"Railway Colony, Guwahati - APCB","o3",0,"µg/m³","2025-07-10T12:30:00Z","2025-07-10T18:00:00+05:30","Asia/Kolkata",26.181742,91.78063,,,,"Unknown Governmental Organization","CPCB"
10903,"Railway Colony, Guwahati - APCB","o3",0,"µg/m³","2025-07-10T12:45:00Z","2025-07-10T18:15:00+05:30","Asia/Kolkata",26.181742,91.78063,,,,"Unknown Governmental Organization","CPCB"
10903,"Railway Colony, Guwahati - APCB","o3",0,"µg/m³","2025-07-10T13:00:00Z","2025-07-10T18:30:00+05:30","Asia/Kolkata",26.181742,91.78063,,,,"Unknown Governmental Organization","CPCB"
10903,"Railway Colony, Guwahati - APCB","o3",0,"µg/m³","2025-07-10T13:15:00Z","2025-07-10T18:45:00+05:30","Asia/Kolkata",26.181742,91.78063,,,,"Unknown Governmental Organization","CPCB"
10903,"Railway Colony, Guwahati - APCB","o3",0,"µg/m³","2025-07-10T13:30:00Z","2025-07-10T19:00:00+05:30","Asia/Kolkata",26.181742,91.78063,,,,"Unknown Governmental Organization","CPCB"
10903,"Railway Colony, Guwahati - APCB","o3",0,"µg/m³","2025-07-10T13:45:00Z","2025-07-10T19:15:00+05:30","Asia/Kolkata",26.181742,91.78063,,,,"Unknown Governmental Organization","CPCB"
10903,"Railway Colony, Guwahati - APCB","o3",0,"µg/m³","2025-07-10T14:00:00Z","2025-07-10T19:30:00+05:30","Asia/Kolkata",26.181742,91.78063,,,,"Unknown Governmental Organization","CPCB"
10903,"Railway Colony, Guwahati - APCB","o3",0,"µg/m³","2025-07-10T14:15:00Z","2025-07-10T19:45:00+05:30","Asia/Kolkata",26.181742,91.78063,,,,"Unknown Governmental Organization","CPCB"
10903,"Railway Colony, Guwahati - APCB","o3",0,"µg/m³","2025-07-10T14:30:00Z","2025-07-10T20:00:00+05:30","Asia/Kolkata",26.181742,91.78063,,,,"Unknown Governmental Organization","CPCB"
10903,"Railway Colony, Guwahati - APCB","o3",0,"µg/m³","2025-07-10T14:45:00Z","2025-07-10T20:15:00+05:30","Asia/Kolkata",26.181742,91.78063,,,,"Unknown Governmental Organization","CPCB"
10903,"Railway Colony, Guwahati - APCB","o3",0,"µg/m³","2025-07-10T15:00:00Z","2025-07-10T20:30:00+05:30","Asia/Kolkata",26.181742,91.78063,,,,"Unknown Governmental Organization","CPCB"
10903,"Railway Colony, Guwahati - APCB","o3",0,"µg/m³","2025-07-10T15:15:00Z","2025-07-10T20:45:00+05:30","Asia/Kolkata",26.181742,91.78063,,,,"Unknown Governmental Organization","CPCB"
10903,"Railway Colony, Guwahati - APCB","o3",0,"µg/m³","2025-07-10T15:30:00Z","2025-07-10T21:00:00+05:30","Asia/Kolkata",26.181742,91.78063,,,,"Unknown Governmental Organization","CPCB"
10903,"Railway Colony, Guwahati - APCB","o3",0,"µg/m³","2025-07-10T15:45:00Z","2025-07-10T21:15:00+05:30","Asia/Kolkata",26.181742,91.78063,,,,"Unknown Governmental Organization","CPCB"
10903,"Railway Colony, Guwahati - APCB","o3",0,"µg/m³","2025-07-10T16:00:00Z","2025-07-10T21:30:00+05:30","Asia/Kolkata",26.181742,91.78063,,,,"Unknown Governmental Organization","CPCB"
10903,"Railway Colony, Guwahati - APCB","o3",0,"µg/m³","2025-07-10T16:15:00Z","2025-07-10T21:45:00+05:30","Asia/Kolkata",26.181742,91.78063,,,,"Unknown Governmental Organization","CPCB"
10903,"Railway Colony, Guwahati - APCB","o3",0,"µg/m³","2025-07-10T16:30:00Z","2025-07-10T22:00:00+05:30","Asia/Kolkata",26.181742,91.78063,,,,"Unknown Governmental Organization","CPCB"
10903,"Railway Colony, Guwahati - APCB","o3",0,"µg/m³","2025-07-10T16:45:00Z","2025-07-10T22:15:00+05:30","Asia/Kolkata",26.181742,91.78063,,,,"Unknown Governmental Organization","CPCB"
10903,"Railway Colony, Guwahati - APCB","o3",0,"µg/m³","2025-07-10T17:00:00Z","2025-07-10T22:30:00+05:30","Asia/Kolkata",26.181742,91.78063,,,,"Unknown Governmental Organization","CPCB"
10903,"Railway Colony, Guwahati - APCB","o3",0,"µg/m³","2025-07-10T17:15:00Z","2025-07-10T22:45:00+05:30","Asia/Kolkata",26.181742,91.78063,,,,"Unknown Governmental Organization","CPCB"
10903,"Railway Colony, Guwahati - APCB","o3",0,"µg/m³","2025-07-10T17:30:00Z","2025-07-10T23:00:00+05:30","Asia/Kolkata",26.181742,91.78063,,,,"Unknown Governmental Organization","CPCB"
10903,"Railway Colony, Guwahati - APCB","o3",0,"µg/m³","2025-07-10T17:45:00Z","2025-07-10T23:15:00+05:30","Asia/Kolkata",26.181742,91.78063,,,,"Unknown Governmental Organization","CPCB"
10903,"Railway Colony, Guwahati - APCB","o3",0,"µg/m³","2025-07-10T18:00:00Z","2025-07-10T23:30:00+05:30","Asia/Kolkata",26.181742,91.78063,,,,"Unknown Governmental Organization","CPCB"
10903,"Railway Colony, Guwahati - APCB","o3",0,"µg/m³","2025-07-10T18:15:00Z","2025-07-10T23:45:00+05:30","Asia/Kolkata",26.181742,91.78063,,,,"Unknown Governmental Organization","CPCB"
10903,"Railway Colony, Guwahati - APCB","o3",0,"µg/m³","2025-07-10T19:15:00Z","2025-07-11T00:45:00+05:30","Asia/Kolkata",26.181742,91.78063,,,,"Unknown Governmental Organization","CPCB"
10903,"Railway Colony, Guwahati - APCB","o3",0,"µg/m³","2025-07-10T19:30:00Z","2025-07-11T01:00:00+05:30","Asia/Kolkata",26.181742,91.78063,,,,"Unknown Governmental Organization","CPCB"
10903,"Railway Colony, Guwahati - APCB","o3",0,"µg/m³","2025-07-10T19:45:00Z","2025-07-11T01:15:00+05:30","Asia/Kolkata",26.181742,91.78063,,,,"Unknown Governmental Organization","CPCB"
10903,"Railway Colony, Guwahati - APCB","o3",0,"µg/m³","2025-07-10T20:00:00Z","2025-07-11T01:30:00+05:30","Asia/Kolkata",26.181742,91.78063,,,,"Unknown Governmental Organization","CPCB"
10903,"Railway Colony, Guwahati - APCB","o3",0,"µg/m³","2025-07-10T20:15:00Z","2025-07-11T01:45:00+05:30","Asia/Kolkata",26.181742,91.78063,,,,"Unknown Governmental Organization","CPCB"
10903,"Railway Colony, Guwahati - APCB","o3",0,"µg/m³","2025-07-10T20:30:00Z","2025-07-11T02:00:00+05:30","Asia/Kolkata",26.181742,91.78063,,,,"Unknown Governmental Organization","CPCB"
10903,"Railway Colony, Guwahati - APCB","o3",0,"µg/m³","2025-07-10T20:45:00Z","2025-07-11T02:15:00+05:30","Asia/Kolkata",26.181742,91.78063,,,,"Unknown Governmental Organization","CPCB"
10903,"Railway Colony, Guwahati - APCB","o3",0,"µg/m³","2025-07-10T21:00:00Z","2025-07-11T02:30:00+05:30","Asia/Kolkata",26.181742,91.78063,,,,"Unknown Governmental Organization","CPCB"
10903,"Railway Colony, Guwahati - APCB","o3",0,"µg/m³","2025-07-10T21:15:00Z","2025-07-11T02:45:00+05:30","Asia/Kolkata",26.181742,91.78063,,,,"Unknown Governmental Organization","CPCB"
10903,"Railway Colony, Guwahati - APCB","o3",0,"µg/m³","2025-07-10T21:30:00Z","2025-07-11T03:00:00+05:30","Asia/Kolkata",26.181742,91.78063,,,,"Unknown Governmental Organization","CPCB"
10903,"Railway Colony, Guwahati - APCB","o3",0,"µg/m³","2025-07-10T21:45:00Z","2025-07-11T03:15:00+05:30","Asia/Kolkata",26.181742,91.78063,,,,"Unknown Governmental Organization","CPCB"
10903,"Railway Colony, Guwahati - APCB","o3",0,"µg/m³","2025-07-10T22:00:00Z","2025-07-11T03:30:00+05:30","Asia/Kolkata",26.181742,91.78063,,,,"Unknown Governmental Organization","CPCB"
10903,"Railway Colony, Guwahati - APCB","o3",0,"µg/m³","2025-07-10T22:15:00Z","2025-07-11T03:45:00+05:30","Asia/Kolkata",26.181742,91.78063,,,,"Unknown Governmental Organization","CPCB"
10903,"Railway Colony, Guwahati - APCB","o3",0,"µg/m³","2025-07-10T22:30:00Z","2025-07-11T04:00:00+05:30","Asia/Kolkata",26.181742,91.78063,,,,"Unknown Governmental Organization","CPCB"
10903,"Railway Colony, Guwahati - APCB","o3",0,"µg/m³","2025-07-10T22:45:00Z","2025-07-11T04:15:00+05:30","Asia/Kolkata",26.181742,91.78063,,,,"Unknown Governmental Organization","CPCB"
10903,"Railway Colony, Guwahati - APCB","o3",0,"µg/m³","2025-07-10T23:15:00Z","2025-07-11T04:45:00+05:30","Asia/Kolkata",26.181742,91.78063,,,,"Unknown Governmental Organization","CPCB"
10903,"Railway Colony, Guwahati - APCB","o3",0,"µg/m³","2025-07-10T23:30:00Z","2025-07-11T05:00:00+05:30","Asia/Kolkata",26.181742,91.78063,,,,"Unknown Governmental Organization","CPCB"
10903,"Railway Colony, Guwahati - APCB","o3",0,"µg/m³","2025-07-10T23:45:00Z","2025-07-11T05:15:00+05:30","Asia/Kolkata",26.181742,91.78063,,,,"Unknown Governmental Organization","CPCB"
10903,"Railway Colony, Guwahati - APCB","o3",0,"µg/m³","2025-07-11T00:00:00Z","2025-07-11T05:30:00+05:30","Asia/Kolkata",26.181742,91.78063,,,,"Unknown Governmental Organization","CPCB"
10903,"Railway Colony, Guwahati - APCB","pm10",31.68,"µg/m³","2025-07-10T00:15:00Z","2025-07-10T05:45:00+05:30","Asia/Kolkata",26.181742,91.78063,,,,"Unknown Governmental Organization","CPCB"
10903,"Railway Colony, Guwahati - APCB","pm10",35.96,"µg/m³","2025-07-10T00:30:00Z","2025-07-10T06:00:00+05:30","Asia/Kolkata",26.181742,91.78063,,,,"Unknown Governmental Organization","CPCB"
10903,"Railway Colony, Guwahati - APCB","pm10",35.96,"µg/m³","2025-07-10T00:45:00Z","2025-07-10T06:15:00+05:30","Asia/Kolkata",26.181742,91.78063,,,,"Unknown Governmental Organization","CPCB"
10903,"Railway Colony, Guwahati - APCB","pm10",35.96,"µg/m³","2025-07-10T01:00:00Z","2025-07-10T06:30:00+05:30","Asia/Kolkata",26.181742,91.78063,,,,"Unknown Governmental Organization","CPCB"
10903,"Railway Colony, Guwahati - APCB","pm10",38.24,"µg/m³","2025-07-10T01:15:00Z","2025-07-10T06:45:00+05:30","Asia/Kolkata",26.181742,91.78063,,,,"Unknown Governmental Organization","CPCB"
10903,"Railway Colony, Guwahati - APCB","pm10",51.95,"µg/m³","2025-07-10T01:30:00Z","2025-07-10T07:00:00+05:30","Asia/Kolkata",26.181742,91.78063,,,,"Unknown Governmental Organization","CPCB"
10903,"Railway Colony, Guwahati - APCB","pm10",51.95,"µg/m³","2025-07-10T01:45:00Z","2025-07-10T07:15:00+05:30","Asia/Kolkata",26.181742,91.78063,,,,"Unknown Governmental Organization","CPCB"
10903,"Railway Colony, Guwahati - APCB","pm10",51.95,"µg/m³","2025-07-10T02:00:00Z","2025-07-10T07:30:00+05:30","Asia/Kolkata",26.181742,91.78063,,,,"Unknown Governmental Organization","CPCB"
10903,"Railway Colony, Guwahati - APCB","pm10",50.45,"µg/m³","2025-07-10T02:15:00Z","2025-07-10T07:45:00+05:30","Asia/Kolkata",26.181742,91.78063,,,,"Unknown Governmental Organization","CPCB"
10903,"Railway Colony, Guwahati - APCB","pm10",39.96,"µg/m³","2025-07-10T02:30:00Z","2025-07-10T08:00:00+05:30","Asia/Kolkata",26.181742,91.78063,,,,"Unknown Governmental Organization","CPCB"
10903,"Railway Colony, Guwahati - APCB","pm10",39.96,"µg/m³","2025-07-10T02:45:00Z","2025-07-10T08:15:00+05:30","Asia/Kolkata",26.181742,91.78063,,,,"Unknown Governmental Organization","CPCB"
10903,"Railway Colony, Guwahati - APCB","pm10",39.96,"µg/m³","2025-07-10T03:00:00Z","2025-07-10T08:30:00+05:30","Asia/Kolkata",26.181742,91.78063,,,,"Unknown Governmental Organization","CPCB"
10903,"Railway Colony, Guwahati - APCB","pm10",41.39,"µg/m³","2025-07-10T03:15:00Z","2025-07-10T08:45:00+05:30","Asia/Kolkata",26.181742,91.78063,,,,"Unknown Governmental Organization","CPCB"
10903,"Railway Colony, Guwahati - APCB","pm10",49.95,"µg/m³","2025-07-10T03:45:00Z","2025-07-10T09:15:00+05:30","Asia/Kolkata",26.181742,91.78063,,,,"Unknown Governmental Organization","CPCB"
10903,"Railway Colony, Guwahati - APCB","pm10",49.95,"µg/m³","2025-07-10T04:00:00Z","2025-07-10T09:30:00+05:30","Asia/Kolkata",26.181742,91.78063,,,,"Unknown Governmental Organization","CPCB"
10903,"Railway Colony, Guwahati - APCB","pm10",49.95,"µg/m³","2025-07-10T04:15:00Z","2025-07-10T09:45:00+05:30","Asia/Kolkata",26.181742,91.78063,,,,"Unknown Governmental Organization","CPCB"
10903,"Railway Colony, Guwahati - APCB","pm10",49.95,"µg/m³","2025-07-10T04:30:00Z","2025-07-10T10:00:00+05:30","Asia/Kolkata",26.181742,91.78063,,,,"Unknown Governmental Organization","CPCB"
10903,"Railway Colony, Guwahati - APCB","pm10",49.95,"µg/m³","2025-07-10T04:45:00Z","2025-07-10T10:15:00+05:30","Asia/Kolkata",26.181742,91.78063,,,,"Unknown Governmental Organization","CPCB"
10903,"Railway Colony, Guwahati - APCB","pm10",49.95,"µg/m³","2025-07-10T05:00:00Z","2025-07-10T10:30:00+05:30","Asia/Kolkata",26.181742,91.78063,,,,"Unknown Governmental Organization","CPCB"
10903,"Railway Colony, Guwahati - APCB","pm10",50.81,"µg/m³","2025-07-10T05:15:00Z","2025-07-10T10:45:00+05:30","Asia/Kolkata",26.181742,91.78063,,,,"Unknown Governmental Organization","CPCB"
10903,"Railway Colony, Guwahati - APCB","pm10",55.94,"µg/m³","2025-07-10T05:30:00Z","2025-07-10T11:00:00+05:30","Asia/Kolkata",26.181742,91.78063,,,,"Unknown Governmental Organization","CPCB"
10903,"Railway Colony, Guwahati - APCB","pm10",55.94,"µg/m³","2025-07-10T05:45:00Z","2025-07-10T11:15:00+05:30","Asia/Kolkata",26.181742,91.78063,,,,"Unknown Governmental Organization","CPCB"
10903,"Railway Colony, Guwahati - APCB","pm10",55.94,"µg/m³","2025-07-10T06:00:00Z","2025-07-10T11:30:00+05:30","Asia/Kolkata",26.181742,91.78063,,,,"Unknown Governmental Organization","CPCB"
10903,"Railway Colony, Guwahati - APCB","pm10",55.19,"µg/m³","2025-07-10T06:15:00Z","2025-07-10T11:45:00+05:30","Asia/Kolkata",26.181742,91.78063,,,,"Unknown Governmental Organization","CPCB"
10903,"Railway Colony, Guwahati - APCB","pm10",49.95,"µg/m³","2025-07-10T06:30:00Z","2025-07-10T12:00:00+05:30","Asia/Kolkata",26.181742,91.78063,,,,"Unknown Governmental Organization","CPCB"
10903,"Railway Colony, Guwahati - APCB","pm10",49.95,"µg/m³","2025-07-10T06:45:00Z","2025-07-10T12:15:00+05:30","Asia/Kolkata",26.181742,91.78063,,,,"Unknown Governmental Organization","CPCB"
10903,"Railway Colony, Guwahati - APCB","pm10",49.95,"µg/m³","2025-07-10T07:00:00Z","2025-07-10T12:30:00+05:30","Asia/Kolkata",26.181742,91.78063,,,,"Unknown Governmental Organization","CPCB"
10903,"Railway Colony, Guwahati - APCB","pm10",48.95,"µg/m³","2025-07-10T07:15:00Z","2025-07-10T12:45:00+05:30","Asia/Kolkata",26.181742,91.78063,,,,"Unknown Governmental Organization","CPCB"
10903,"Railway Colony, Guwahati - APCB","pm10",42.96,"µg/m³","2025-07-10T07:30:00Z","2025-07-10T13:00:00+05:30","Asia/Kolkata",26.181742,91.78063,,,,"Unknown Governmental Organization","CPCB"
10903,"Railway Colony, Guwahati - APCB","pm10",42.96,"µg/m³","2025-07-10T07:45:00Z","2025-07-10T13:15:00+05:30","Asia/Kolkata",26.181742,91.78063,,,,"Unknown Governmental Organization","CPCB"
10903,"Railway Colony, Guwahati - APCB","pm10",42.96,"µg/m³","2025-07-10T08:00:00Z","2025-07-10T13:30:00+05:30","Asia/Kolkata",26.181742,91.78063,,,,"Unknown Governmental Organization","CPCB"
10903,"Railway Colony, Guwahati - APCB","pm10",41.25,"µg/m³","2025-07-10T08:15:00Z","2025-07-10T13:45:00+05:30","Asia/Kolkata",26.181742,91.78063,,,,"Unknown Governmental Organization","CPCB"
10903,"Railway Colony, Guwahati - APCB","pm10",30.97,"µg/m³","2025-07-10T08:30:00Z","2025-07-10T14:00:00+05:30","Asia/Kolkata",26.181742,91.78063,,,,"Unknown Governmental Organization","CPCB"
10903,"Railway Colony, Guwahati - APCB","pm10",30.97,"µg/m³","2025-07-10T08:45:00Z","2025-07-10T14:15:00+05:30","Asia/Kolkata",26.181742,91.78063,,,,"Unknown Governmental Organization","CPCB"
10903,"Railway Colony, Guwahati - APCB","pm10",30.97,"µg/m³","2025-07-10T09:00:00Z","2025-07-10T14:30:00+05:30","Asia/Kolkata",26.181742,91.78063,,,,"Unknown Governmental Organization","CPCB"
10903,"Railway Colony, Guwahati - APCB","pm10",31.26,"µg/m³","2025-07-10T09:15:00Z","2025-07-10T14:45:00+05:30","Asia/Kolkata",26.181742,91.78063,,,,"Unknown Governmental Organization","CPCB"
10903,"Railway Colony, Guwahati - APCB","pm10",32.97,"µg/m³","2025-07-10T09:30:00Z","2025-07-10T15:00:00+05:30","Asia/Kolkata",26.181742,91.78063,,,,"Unknown Governmental Organization","CPCB"
10903,"Railway Colony, Guwahati - APCB","pm10",32.97,"µg/m³","2025-07-10T09:45:00Z","2025-07-10T15:15:00+05:30","Asia/Kolkata",26.181742,91.78063,,,,"Unknown Governmental Organization","CPCB"
10903,"Railway Colony, Guwahati - APCB","pm10",32.97,"µg/m³","2025-07-10T10:00:00Z","2025-07-10T15:30:00+05:30","Asia/Kolkata",26.181742,91.78063,,,,"Unknown Governmental Organization","CPCB"
10903,"Railway Colony, Guwahati - APCB","pm10",33.68,"µg/m³","2025-07-10T10:15:00Z","2025-07-10T15:45:00+05:30","Asia/Kolkata",26.181742,91.78063,,,,"Unknown Governmental Organization","CPCB"
10903,"Railway Colony, Guwahati - APCB","pm10",37.96,"µg/m³","2025-07-10T10:30:00Z","2025-07-10T16:00:00+05:30","Asia/Kolkata",26.181742,91.78063,,,,"Unknown Governmental Organization","CPCB"
10903,"Railway Colony, Guwahati - APCB","pm10",37.96,"µg/m³","2025-07-10T10:45:00Z","2025-07-10T16:15:00+05:30","Asia/Kolkata",26.181742,91.78063,,,,"Unknown Governmental Organization","CPCB"
10903,"Railway Colony, Guwahati - APCB","pm10",37.96,"µg/m³","2025-07-10T11:00:00Z","2025-07-10T16:30:00+05:30","Asia/Kolkata",26.181742,91.78063,,,,"Unknown Governmental Organization","CPCB"
10903,"Railway Colony, Guwahati - APCB","pm10",38.39,"µg/m³","2025-07-10T11:15:00Z","2025-07-10T16:45:00+05:30","Asia/Kolkata",26.181742,91.78063,,,,"Unknown Governmental Organization","CPCB"
10903,"Railway Colony, Guwahati - APCB","pm10",40.96,"µg/m³","2025-07-10T11:30:00Z","2025-07-10T17:00:00+05:30","Asia/Kolkata",26.181742,91.78063,,,,"Unknown Governmental Organization","CPCB"
10903,"Railway Colony, Guwahati - APCB","pm10",40.96,"µg/m³","2025-07-10T11:45:00Z","2025-07-10T17:15:00+05:30","Asia/Kolkata",26.181742,91.78063,,,,"Unknown Governmental Organization","CPCB"
10903,"Railway Colony, Guwahati - APCB","pm10",40.96,"µg/m³","2025-07-10T12:00:00Z","2025-07-10T17:30:00+05:30","Asia/Kolkata",26.181742,91.78063,,,,"Unknown Governmental Organization","CPCB"
10903,"Railway Colony, Guwahati - APCB","pm10",41.83,"µg/m³","2025-07-10T12:15:00Z","2025-07-10T17:45:00+05:30","Asia/Kolkata",26.181742,91.78063,,,,"Unknown Governmental Organization","CPCB"
10903,"Railway Colony, Guwahati - APCB","pm10",47.95,"µg/m³","2025-07-10T12:30:00Z","2025-07-10T18:00:00+05:30","Asia/Kolkata",26.181742,91.78063,,,,"Unknown Governmental Organization","CPCB"
10903,"Railway Colony, Guwahati - APCB","pm10",47.95,"µg/m³","2025-07-10T12:45:00Z","2025-07-10T18:15:00+05:30","Asia/Kolkata",26.181742,91.78063,,,,"Unknown Governmental Organization","CPCB"
10903,"Railway Colony, Guwahati - APCB","pm10",47.95,"µg/m³","2025-07-10T13:00:00Z","2025-07-10T18:30:00+05:30","Asia/Kolkata",26.181742,91.78063,,,,"Unknown Governmental Organization","CPCB"
10903,"Railway Colony, Guwahati - APCB","pm10",47.33,"µg/m³","2025-07-10T13:15:00Z","2025-07-10T18:45:00+05:30","Asia/Kolkata",26.181742,91.78063,,,,"Unknown Governmental Organization","CPCB"
10903,"Railway Colony, Guwahati - APCB","pm10",42.96,"µg/m³","2025-07-10T13:30:00Z","2025-07-10T19:00:00+05:30","Asia/Kolkata",26.181742,91.78063,,,,"Unknown Governmental Organization","CPCB"
10903,"Railway Colony, Guwahati - APCB","pm10",42.96,"µg/m³","2025-07-10T13:45:00Z","2025-07-10T19:15:00+05:30","Asia/Kolkata",26.181742,91.78063,,,,"Unknown Governmental Organization","CPCB"
10903,"Railway Colony, Guwahati - APCB","pm10",42.96,"µg/m³","2025-07-10T14:00:00Z","2025-07-10T19:30:00+05:30","Asia/Kolkata",26.181742,91.78063,,,,"Unknown Governmental Organization","CPCB"
10903,"Railway Colony, Guwahati - APCB","pm10",41.82,"µg/m³","2025-07-10T14:15:00Z","2025-07-10T19:45:00+05:30","Asia/Kolkata",26.181742,91.78063,,,,"Unknown Governmental Organization","CPCB"
10903,"Railway Colony, Guwahati - APCB","pm10",34.97,"µg/m³","2025-07-10T14:30:00Z","2025-07-10T20:00:00+05:30","Asia/Kolkata",26.181742,91.78063,,,,"Unknown Governmental Organization","CPCB"
10903,"Railway Colony, Guwahati - APCB","pm10",34.97,"µg/m³","2025-07-10T14:45:00Z","2025-07-10T20:15:00+05:30","Asia/Kolkata",26.181742,91.78063,,,,"Unknown Governmental Organization","CPCB"
10903,"Railway Colony, Guwahati - APCB","pm10",34.97,"µg/m³","2025-07-10T15:00:00Z","2025-07-10T20:30:00+05:30","Asia/Kolkata",26.181742,91.78063,,,,"Unknown Governmental Organization","CPCB"
10903,"Railway Colony, Guwahati - APCB","pm10",35.54,"µg/m³","2025-07-10T15:15:00Z","2025-07-10T20:45:00+05:30","Asia/Kolkata",26.181742,91.78063,,,,"Unknown Governmental Organization","CPCB"
10903,"Railway Colony, Guwahati - APCB","pm10",38.96,"µg/m³","2025-07-10T15:30:00Z","2025-07-10T21:00:00+05:30","Asia/Kolkata",26.181742,91.78063,,,,"Unknown Governmental Organization","CPCB"
10903,"Railway Colony, Guwahati - APCB","pm10",38.96,"µg/m³","2025-07-10T15:45:00Z","2025-07-10T21:15:00+05:30","Asia/Kolkata",26.181742,91.78063,,,,"Unknown Governmental Organization","CPCB"
10903,"Railway Colony, Guwahati - APCB","pm10",38.96,"µg/m³","2025-07-10T16:00:00Z","2025-07-10T21:30:00+05:30","Asia/Kolkata",26.181742,91.78063,,,,"Unknown Governmental Organization","CPCB"
10903,"Railway Colony, Guwahati - APCB","pm10",40.82,"µg/m³","2025-07-10T16:15:00Z","2025-07-10T21:45:00+05:30","Asia/Kolkata",26.181742,91.78063,,,,"Unknown Governmental Organization","CPCB"
10903,"Railway Colony, Guwahati - APCB","pm10",51.95,"µg/m³","2025-07-10T16:30:00Z","2025-07-10T22:00:00+05:30","Asia/Kolkata",26.181742,91.78063,,,,"Unknown Governmental Organization","CPCB"
10903,"Railway Colony, Guwahati - APCB","pm10",51.95,"µg/m³","2025-07-10T16:45:00Z","2025-07-10T22:15:00+05:30","Asia/Kolkata",26.181742,91.78063,,,,"Unknown Governmental Organization","CPCB"
10903,"Railway Colony, Guwahati - APCB","pm10",51.95,"µg/m³","2025-07-10T17:00:00Z","2025-07-10T22:30:00+05:30","Asia/Kolkata",26.181742,91.78063,,,,"Unknown Governmental Organization","CPCB"
10903,"Railway Colony, Guwahati - APCB","pm10",50.58,"µg/m³","2025-07-10T17:15:00Z","2025-07-10T22:45:00+05:30","Asia/Kolkata",26.181742,91.78063,,,,"Unknown Governmental Organization","CPCB"
10903,"Railway Colony, Guwahati - APCB","pm10",40.96,"µg/m³","2025-07-10T17:30:00Z","2025-07-10T23:00:00+05:30","Asia/Kolkata",26.181742,91.78063,,,,"Unknown Governmental Organization","CPCB"
10903,"Railway Colony, Guwahati - APCB","pm10",40.96,"µg/m³","2025-07-10T17:45:00Z","2025-07-10T23:15:00+05:30","Asia/Kolkata",26.181742,91.78063,,,,"Unknown Governmental Organization","CPCB"
10903,"Railway Colony, Guwahati - APCB","pm10",40.96,"µg/m³","2025-07-10T18:00:00Z","2025-07-10T23:30:00+05:30","Asia/Kolkata",26.181742,91.78063,,,,"Unknown Governmental Organization","CPCB"
10903,"Railway Colony, Guwahati - APCB","pm10",39.39,"µg/m³","2025-07-10T18:15:00Z","2025-07-10T23:45:00+05:30","Asia/Kolkata",26.181742,91.78063,,,,"Unknown Governmental Organization","CPCB"
10903,"Railway Colony, Guwahati - APCB","pm10",30.97,"µg/m³","2025-07-10T19:15:00Z","2025-07-11T00:45:00+05:30","Asia/Kolkata",26.181742,91.78063,,,,"Unknown Governmental Organization","CPCB"
10903,"Railway Colony, Guwahati - APCB","pm10",36.96,"µg/m³","2025-07-10T19:30:00Z","2025-07-11T01:00:00+05:30","Asia/Kolkata",26.181742,91.78063,,,,"Unknown Governmental Organization","CPCB"
10903,"Railway Colony, Guwahati - APCB","pm10",36.96,"µg/m³","2025-07-10T19:45:00Z","2025-07-11T01:15:00+05:30","Asia/Kolkata",26.181742,91.78063,,,,"Unknown Governmental Organization","CPCB"
10903,"Railway Colony, Guwahati - APCB","pm10",36.96,"µg/m³","2025-07-10T20:00:00Z","2025-07-11T01:30:00+05:30","Asia/Kolkata",26.181742,91.78063,,,,"Unknown Governmental Organization","CPCB"
10903,"Railway Colony, Guwahati - APCB","pm10",36.96,"µg/m³","2025-07-10T20:15:00Z","2025-07-11T01:45:00+05:30","Asia/Kolkata",26.181742,91.78063,,,,"Unknown Governmental Organization","CPCB"
10903,"Railway Colony, Guwahati - APCB","pm10",36.96,"µg/m³","2025-07-10T20:30:00Z","2025-07-11T02:00:00+05:30","Asia/Kolkata",26.181742,91.78063,,,,"Unknown Governmental Organization","CPCB"
10903,"Railway Colony, Guwahati - APCB","pm10",36.96,"µg/m³","2025-07-10T20:45:00Z","2025-07-11T02:15:00+05:30","Asia/Kolkata",26.181742,91.78063,,,,"Unknown Governmental Organization","CPCB"
10903,"Railway Colony, Guwahati - APCB","pm10",36.96,"µg/m³","2025-07-10T21:00:00Z","2025-07-11T02:30:00+05:30","Asia/Kolkata",26.181742,91.78063,,,,"Unknown Governmental Organization","CPCB"
10903,"Railway Colony, Guwahati - APCB","pm10",36.96,"µg/m³","2025-07-10T21:15:00Z","2025-07-11T02:45:00+05:30","Asia/Kolkata",26.181742,91.78063,,,,"Unknown Governmental Organization","CPCB"
10903,"Railway Colony, Guwahati - APCB","pm10",36.96,"µg/m³","2025-07-10T21:30:00Z","2025-07-11T03:00:00+05:30","Asia/Kolkata",26.181742,91.78063,,,,"Unknown Governmental Organization","CPCB"
10903,"Railway Colony, Guwahati - APCB","pm10",36.96,"µg/m³","2025-07-10T21:45:00Z","2025-07-11T03:15:00+05:30","Asia/Kolkata",26.181742,91.78063,,,,"Unknown Governmental Organization","CPCB"
10903,"Railway Colony, Guwahati - APCB","pm10",36.96,"µg/m³","2025-07-10T22:00:00Z","2025-07-11T03:30:00+05:30","Asia/Kolkata",26.181742,91.78063,,,,"Unknown Governmental Organization","CPCB"
10903,"Railway Colony, Guwahati - APCB","pm10",36.46,"µg/m³","2025-07-10T22:15:00Z","2025-07-11T03:45:00+05:30","Asia/Kolkata",26.181742,91.78063,,,,"Unknown Governmental Organization","CPCB"
10903,"Railway Colony, Guwahati - APCB","pm10",32.97,"µg/m³","2025-07-10T22:30:00Z","2025-07-11T04:00:00+05:30","Asia/Kolkata",26.181742,91.78063,,,,"Unknown Governmental Organization","CPCB"
10903,"Railway Colony, Guwahati - APCB","pm10",32.97,"µg/m³","2025-07-10T22:45:00Z","2025-07-11T04:15:00+05:30","Asia/Kolkata",26.181742,91.78063,,,,"Unknown Governmental Organization","CPCB"
10903,"Railway Colony, Guwahati - APCB","pm10",32.26,"µg/m³","2025-07-10T23:15:00Z","2025-07-11T04:45:00+05:30","Asia/Kolkata",26.181742,91.78063,,,,"Unknown Governmental Organization","CPCB"
10903,"Railway Colony, Guwahati - APCB","pm10",27.97,"µg/m³","2025-07-10T23:30:00Z","2025-07-11T05:00:00+05:30","Asia/Kolkata",26.181742,91.78063,,,,"Unknown Governmental Organization","CPCB"
10903,"Railway Colony, Guwahati - APCB","pm10",27.97,"µg/m³","2025-07-10T23:45:00Z","2025-07-11T05:15:00+05:30","Asia/Kolkata",26.181742,91.78063,,,,"Unknown Governmental Organization","CPCB"
10903,"Railway Colony, Guwahati - APCB","pm10",27.97,"µg/m³","2025-07-11T00:00:00Z","2025-07-11T05:30:00+05:30","Asia/Kolkata",26.181742,91.78063,,,,"Unknown Governmental Organization","CPCB"
10903,"Railway Colony, Guwahati - APCB","pm25",14.41,"µg/m³","2025-07-10T00:15:00Z","2025-07-10T05:45:00+05:30","Asia/Kolkata",26.181742,91.78063,,,,"Unknown Governmental Organization","CPCB"
10903,"Railway Colony, Guwahati - APCB","pm25",10.99,"µg/m³","2025-07-10T00:30:00Z","2025-07-10T06:00:00+05:30","Asia/Kolkata",26.181742,91.78063,,,,"Unknown Governmental Organization","CPCB"
10903,"Railway Colony, Guwahati - APCB","pm25",10.99,"µg/m³","2025-07-10T00:45:00Z","2025-07-10T06:15:00+05:30","Asia/Kolkata",26.181742,91.78063,,,,"Unknown Governmental Organization","CPCB"
10903,"Railway Colony, Guwahati - APCB","pm25",10.99,"µg/m³","2025-07-10T01:00:00Z","2025-07-10T06:30:00+05:30","Asia/Kolkata",26.181742,91.78063,,,,"Unknown Governmental Organization","CPCB"
10903,"Railway Colony, Guwahati - APCB","pm25",12.7,"µg/m³","2025-07-10T01:15:00Z","2025-07-10T06:45:00+05:30","Asia/Kolkata",26.181742,91.78063,,,,"Unknown Governmental Organization","CPCB"
10903,"Railway Colony, Guwahati - APCB","pm25",22.98,"µg/m³","2025-07-10T01:30:00Z","2025-07-10T07:00:00+05:30","Asia/Kolkata",26.181742,91.78063,,,,"Unknown Governmental Organization","CPCB"
10903,"Railway Colony, Guwahati - APCB","pm25",22.98,"µg/m³","2025-07-10T01:45:00Z","2025-07-10T07:15:00+05:30","Asia/Kolkata",26.181742,91.78063,,,,"Unknown Governmental Organization","CPCB"
10903,"Railway Colony, Guwahati - APCB","pm25",22.98,"µg/m³","2025-07-10T02:00:00Z","2025-07-10T07:30:00+05:30","Asia/Kolkata",26.181742,91.78063,,,,"Unknown Governmental Organization","CPCB"
10903,"Railway Colony, Guwahati - APCB","pm25",22.98,"µg/m³","2025-07-10T02:15:00Z","2025-07-10T07:45:00+05:30","Asia/Kolkata",26.181742,91.78063,,,,"Unknown Governmental Organization","CPCB"
10903,"Railway Colony, Guwahati - APCB","pm25",22.98,"µg/m³","2025-07-10T02:30:00Z","2025-07-10T08:00:00+05:30","Asia/Kolkata",26.181742,91.78063,,,,"Unknown Governmental Organization","CPCB"
10903,"Railway Colony, Guwahati - APCB","pm25",22.98,"µg/m³","2025-07-10T02:45:00Z","2025-07-10T08:15:00+05:30","Asia/Kolkata",26.181742,91.78063,,,,"Unknown Governmental Organization","CPCB"
10903,"Railway Colony, Guwahati - APCB","pm25",22.98,"µg/m³","2025-07-10T03:00:00Z","2025-07-10T08:30:00+05:30","Asia/Kolkata",26.181742,91.78063,,,,"Unknown Governmental Organization","CPCB"
10903,"Railway Colony, Guwahati - APCB","pm25",23.1,"µg/m³","2025-07-10T03:15:00Z","2025-07-10T08:45:00+05:30","Asia/Kolkata",26.181742,91.78063,,,,"Unknown Governmental Organization","CPCB"
10903,"Railway Colony, Guwahati - APCB","pm25",23.98,"µg/m³","2025-07-10T03:45:00Z","2025-07-10T09:15:00+05:30","Asia/Kolkata",26.181742,91.78063,,,,"Unknown Governmental Organization","CPCB"
10903,"Railway Colony, Guwahati - APCB","pm25",23.98,"µg/m³","2025-07-10T04:00:00Z","2025-07-10T09:30:00+05:30","Asia/Kolkata",26.181742,91.78063,,,,"Unknown Governmental Organization","CPCB"
10903,"Railway Colony, Guwahati - APCB","pm25",24.41,"µg/m³","2025-07-10T04:15:00Z","2025-07-10T09:45:00+05:30","Asia/Kolkata",26.181742,91.78063,,,,"Unknown Governmental Organization","CPCB"
10903,"Railway Colony, Guwahati - APCB","pm25",26.97,"µg/m³","2025-07-10T04:30:00Z","2025-07-10T10:00:00+05:30","Asia/Kolkata",26.181742,91.78063,,,,"Unknown Governmental Organization","CPCB"
10903,"Railway Colony, Guwahati - APCB","pm25",26.97,"µg/m³","2025-07-10T04:45:00Z","2025-07-10T10:15:00+05:30","Asia/Kolkata",26.181742,91.78063,,,,"Unknown Governmental Organization","CPCB"
10903,"Railway Colony, Guwahati - APCB","pm25",26.97,"µg/m³","2025-07-10T05:00:00Z","2025-07-10T10:30:00+05:30","Asia/Kolkata",26.181742,91.78063,,,,"Unknown Governmental Organization","CPCB"
10903,"Railway Colony, Guwahati - APCB","pm25",26.69,"µg/m³","2025-07-10T05:15:00Z","2025-07-10T10:45:00+05:30","Asia/Kolkata",26.181742,91.78063,,,,"Unknown Governmental Organization","CPCB"
10903,"Railway Colony, Guwahati - APCB","pm25",24.98,"µg/m³","2025-07-10T05:30:00Z","2025-07-10T11:00:00+05:30","Asia/Kolkata",26.181742,91.78063,,,,"Unknown Governmental Organization","CPCB"
10903,"Railway Colony, Guwahati - APCB","pm25",24.98,"µg/m³","2025-07-10T05:45:00Z","2025-07-10T11:15:00+05:30","Asia/Kolkata",26.181742,91.78063,,,,"Unknown Governmental Organization","CPCB"
10903,"Railway Colony, Guwahati - APCB","pm25",24.98,"µg/m³","2025-07-10T06:00:00Z","2025-07-10T11:30:00+05:30","Asia/Kolkata",26.181742,91.78063,,,,"Unknown Governmental Organization","CPCB"
10903,"Railway Colony, Guwahati - APCB","pm25",24.23,"µg/m³","2025-07-10T06:15:00Z","2025-07-10T11:45:00+05:30","Asia/Kolkata",26.181742,91.78063,,,,"Unknown Governmental Organization","CPCB"
10903,"Railway Colony, Guwahati - APCB","pm25",18.98,"µg/m³","2025-07-10T06:30:00Z","2025-07-10T12:00:00+05:30","Asia/Kolkata",26.181742,91.78063,,,,"Unknown Governmental Organization","CPCB"
10903,"Railway Colony, Guwahati - APCB","pm25",18.98,"µg/m³","2025-07-10T06:45:00Z","2025-07-10T12:15:00+05:30","Asia/Kolkata",26.181742,91.78063,,,,"Unknown Governmental Organization","CPCB"
10903,"Railway Colony, Guwahati - APCB","pm25",18.98,"µg/m³","2025-07-10T07:00:00Z","2025-07-10T12:30:00+05:30","Asia/Kolkata",26.181742,91.78063,,,,"Unknown Governmental Organization","CPCB"
10903,"Railway Colony, Guwahati - APCB","pm25",19.12,"µg/m³","2025-07-10T07:15:00Z","2025-07-10T12:45:00+05:30","Asia/Kolkata",26.181742,91.78063,,,,"Unknown Governmental Organization","CPCB"
10903,"Railway Colony, Guwahati - APCB","pm25",19.98,"µg/m³","2025-07-10T07:30:00Z","2025-07-10T13:00:00+05:30","Asia/Kolkata",26.181742,91.78063,,,,"Unknown Governmental Organization","CPCB"
10903,"Railway Colony, Guwahati - APCB","pm25",19.98,"µg/m³","2025-07-10T07:45:00Z","2025-07-10T13:15:00+05:30","Asia/Kolkata",26.181742,91.78063,,,,"Unknown Governmental Organization","CPCB"
10903,"Railway Colony, Guwahati - APCB","pm25",19.98,"µg/m³","2025-07-10T08:00:00Z","2025-07-10T13:30:00+05:30","Asia/Kolkata",26.181742,91.78063,,,,"Unknown Governmental Organization","CPCB"
10903,"Railway Colony, Guwahati - APCB","pm25",18.98,"µg/m³","2025-07-10T08:15:00Z","2025-07-10T13:45:00+05:30","Asia/Kolkata",26.181742,91.78063,,,,"Unknown Governmental Organization","CPCB"
10903,"Railway Colony, Guwahati - APCB","pm25",12.99,"µg/m³","2025-07-10T08:30:00Z","2025-07-10T14:00:00+05:30","Asia/Kolkata",26.181742,91.78063,,,,"Unknown Governmental Organization","CPCB"
10903,"Railway Colony, Guwahati - APCB","pm25",12.99,"µg/m³","2025-07-10T08:45:00Z","2025-07-10T14:15:00+05:30","Asia/Kolkata",26.181742,91.78063,,,,"Unknown Governmental Organization","CPCB"
10903,"Railway Colony, Guwahati - APCB","pm25",12.99,"µg/m³","2025-07-10T09:00:00Z","2025-07-10T14:30:00+05:30","Asia/Kolkata",26.181742,91.78063,,,,"Unknown Governmental Organization","CPCB"
10903,"Railway Colony, Guwahati - APCB","pm25",12.99,"µg/m³","2025-07-10T09:15:00Z","2025-07-10T14:45:00+05:30","Asia/Kolkata",26.181742,91.78063,,,,"Unknown Governmental Organization","CPCB"
10903,"Railway Colony, Guwahati - APCB","pm25",8.99,"µg/m³","2025-07-10T09:30:00Z","2025-07-10T15:00:00+05:30","Asia/Kolkata",26.181742,91.78063,,,,"Unknown Governmental Organization","CPCB"
10903,"Railway Colony, Guwahati - APCB","pm25",8.99,"µg/m³","2025-07-10T09:45:00Z","2025-07-10T15:15:00+05:30","Asia/Kolkata",26.181742,91.78063,,,,"Unknown Governmental Organization","CPCB"
10903,"Railway Colony, Guwahati - APCB","pm25",8.99,"µg/m³","2025-07-10T10:00:00Z","2025-07-10T15:30:00+05:30","Asia/Kolkata",26.181742,91.78063,,,,"Unknown Governmental Organization","CPCB"
10903,"Railway Colony, Guwahati - APCB","pm25",10.27,"µg/m³","2025-07-10T10:15:00Z","2025-07-10T15:45:00+05:30","Asia/Kolkata",26.181742,91.78063,,,,"Unknown Governmental Organization","CPCB"
10903,"Railway Colony, Guwahati - APCB","pm25",17.98,"µg/m³","2025-07-10T10:30:00Z","2025-07-10T16:00:00+05:30","Asia/Kolkata",26.181742,91.78063,,,,"Unknown Governmental Organization","CPCB"
10903,"Railway Colony, Guwahati - APCB","pm25",17.98,"µg/m³","2025-07-10T10:45:00Z","2025-07-10T16:15:00+05:30","Asia/Kolkata",26.181742,91.78063,,,,"Unknown Governmental Organization","CPCB"
10903,"Railway Colony, Guwahati - APCB","pm25",17.98,"µg/m³","2025-07-10T11:00:00Z","2025-07-10T16:30:00+05:30","Asia/Kolkata",26.181742,91.78063,,,,"Unknown Governmental Organization","CPCB"
10903,"Railway Colony, Guwahati - APCB","pm25",18.69,"µg/m³","2025-07-10T11:15:00Z","2025-07-10T16:45:00+05:30","Asia/Kolkata",26.181742,91.78063,,,,"Unknown Governmental Organization","CPCB"
10903,"Railway Colony, Guwahati - APCB","pm25",22.98,"µg/m³","2025-07-10T11:30:00Z","2025-07-10T17:00:00+05:30","Asia/Kolkata",26.181742,91.78063,,,,"Unknown Governmental Organization","CPCB"
10903,"Railway Colony, Guwahati - APCB","pm25",22.98,"µg/m³","2025-07-10T11:45:00Z","2025-07-10T17:15:00+05:30","Asia/Kolkata",26.181742,91.78063,,,,"Unknown Governmental Organization","CPCB"
10903,"Railway Colony, Guwahati - APCB","pm25",22.98,"µg/m³","2025-07-10T12:00:00Z","2025-07-10T17:30:00+05:30","Asia/Kolkata",26.181742,91.78063,,,,"Unknown Governmental Organization","CPCB"
10903,"Railway Colony, Guwahati - APCB","pm25",23.1,"µg/m³","2025-07-10T12:15:00Z","2025-07-10T17:45:00+05:30","Asia/Kolkata",26.181742,91.78063,,,,"Unknown Governmental Organization","CPCB"
10903,"Railway Colony, Guwahati - APCB","pm25",23.98,"µg/m³","2025-07-10T12:30:00Z","2025-07-10T18:00:00+05:30","Asia/Kolkata",26.181742,91.78063,,,,"Unknown Governmental Organization","CPCB"
10903,"Railway Colony, Guwahati - APCB","pm25",23.98,"µg/m³","2025-07-10T12:45:00Z","2025-07-10T18:15:00+05:30","Asia/Kolkata",26.181742,91.78063,,,,"Unknown Governmental Organization","CPCB"
10903,"Railway Colony, Guwahati - APCB","pm25",23.98,"µg/m³","2025-07-10T13:00:00Z","2025-07-10T18:30:00+05:30","Asia/Kolkata",26.181742,91.78063,,,,"Unknown Governmental Organization","CPCB"
10903,"Railway Colony, Guwahati - APCB","pm25",24.1,"µg/m³","2025-07-10T13:15:00Z","2025-07-10T18:45:00+05:30","Asia/Kolkata",26.181742,91.78063,,,,"Unknown Governmental Organization","CPCB"
10903,"Railway Colony, Guwahati - APCB","pm25",24.98,"µg/m³","2025-07-10T13:30:00Z","2025-07-10T19:00:00+05:30","Asia/Kolkata",26.181742,91.78063,,,,"Unknown Governmental Organization","CPCB"
10903,"Railway Colony, Guwahati - APCB","pm25",24.98,"µg/m³","2025-07-10T13:45:00Z","2025-07-10T19:15:00+05:30","Asia/Kolkata",26.181742,91.78063,,,,"Unknown Governmental Organization","CPCB"
10903,"Railway Colony, Guwahati - APCB","pm25",24.98,"µg/m³","2025-07-10T14:00:00Z","2025-07-10T19:30:00+05:30","Asia/Kolkata",26.181742,91.78063,,,,"Unknown Governmental Organization","CPCB"
10903,"Railway Colony, Guwahati - APCB","pm25",24.23,"µg/m³","2025-07-10T14:15:00Z","2025-07-10T19:45:00+05:30","Asia/Kolkata",26.181742,91.78063,,,,"Unknown Governmental Organization","CPCB"
10903,"Railway Colony, Guwahati - APCB","pm25",18.98,"µg/m³","2025-07-10T14:30:00Z","2025-07-10T20:00:00+05:30","Asia/Kolkata",26.181742,91.78063,,,,"Unknown Governmental Organization","CPCB"
10903,"Railway Colony, Guwahati - APCB","pm25",18.98,"µg/m³","2025-07-10T14:45:00Z","2025-07-10T20:15:00+05:30","Asia/Kolkata",26.181742,91.78063,,,,"Unknown Governmental Organization","CPCB"
10903,"Railway Colony, Guwahati - APCB","pm25",18.98,"µg/m³","2025-07-10T15:00:00Z","2025-07-10T20:30:00+05:30","Asia/Kolkata",26.181742,91.78063,,,,"Unknown Governmental Organization","CPCB"
10903,"Railway Colony, Guwahati - APCB","pm25",18.12,"µg/m³","2025-07-10T15:15:00Z","2025-07-10T20:45:00+05:30","Asia/Kolkata",26.181742,91.78063,,,,"Unknown Governmental Organization","CPCB"
10903,"Railway Colony, Guwahati - APCB","pm25",12.99,"µg/m³","2025-07-10T15:30:00Z","2025-07-10T21:00:00+05:30","Asia/Kolkata",26.181742,91.78063,,,,"Unknown Governmental Organization","CPCB"
10903,"Railway Colony, Guwahati - APCB","pm25",12.99,"µg/m³","2025-07-10T15:45:00Z","2025-07-10T21:15:00+05:30","Asia/Kolkata",26.181742,91.78063,,,,"Unknown Governmental Organization","CPCB"
10903,"Railway Colony, Guwahati - APCB","pm25",12.99,"µg/m³","2025-07-10T16:00:00Z","2025-07-10T21:30:00+05:30","Asia/Kolkata",26.181742,91.78063,,,,"Unknown Governmental Organization","CPCB"
10903,"Railway Colony, Guwahati - APCB","pm25",15.42,"µg/m³","2025-07-10T16:15:00Z","2025-07-10T21:45:00+05:30","Asia/Kolkata",26.181742,91.78063,,,,"Unknown Governmental Organization","CPCB"
10903,"Railway Colony, Guwahati - APCB","pm25",29.97,"µg/m³","2025-07-10T16:30:00Z","2025-07-10T22:00:00+05:30","Asia/Kolkata",26.181742,91.78063,,,,"Unknown Governmental Organization","CPCB"
10903,"Railway Colony, Guwahati - APCB","pm25",29.97,"µg/m³","2025-07-10T16:45:00Z","2025-07-10T22:15:00+05:30","Asia/Kolkata",26.181742,91.78063,,,,"Unknown Governmental Organization","CPCB"
10903,"Railway Colony, Guwahati - APCB","pm25",29.97,"µg/m³","2025-07-10T17:00:00Z","2025-07-10T22:30:00+05:30","Asia/Kolkata",26.181742,91.78063,,,,"Unknown Governmental Organization","CPCB"
10903,"Railway Colony, Guwahati - APCB","pm25",28.72,"µg/m³","2025-07-10T17:15:00Z","2025-07-10T22:45:00+05:30","Asia/Kolkata",26.181742,91.78063,,,,"Unknown Governmental Organization","CPCB"
10903,"Railway Colony, Guwahati - APCB","pm25",19.98,"µg/m³","2025-07-10T17:30:00Z","2025-07-10T23:00:00+05:30","Asia/Kolkata",26.181742,91.78063,,,,"Unknown Governmental Organization","CPCB"
10903,"Railway Colony, Guwahati - APCB","pm25",19.98,"µg/m³","2025-07-10T17:45:00Z","2025-07-10T23:15:00+05:30","Asia/Kolkata",26.181742,91.78063,,,,"Unknown Governmental Organization","CPCB"
10903,"Railway Colony, Guwahati - APCB","pm25",19.98,"µg/m³","2025-07-10T18:00:00Z","2025-07-10T23:30:00+05:30","Asia/Kolkata",26.181742,91.78063,,,,"Unknown Governmental Organization","CPCB"
10903,"Railway Colony, Guwahati - APCB","pm25",19.11,"µg/m³","2025-07-10T18:15:00Z","2025-07-10T23:45:00+05:30","Asia/Kolkata",26.181742,91.78063,,,,"Unknown Governmental Organization","CPCB"
10903,"Railway Colony, Guwahati - APCB","pm25",12.42,"µg/m³","2025-07-10T19:15:00Z","2025-07-11T00:45:00+05:30","Asia/Kolkata",26.181742,91.78063,,,,"Unknown Governmental Organization","CPCB"
10903,"Railway Colony, Guwahati - APCB","pm25",8.99,"µg/m³","2025-07-10T19:30:00Z","2025-07-11T01:00:00+05:30","Asia/Kolkata",26.181742,91.78063,,,,"Unknown Governmental Organization","CPCB"
10903,"Railway Colony, Guwahati - APCB","pm25",8.99,"µg/m³","2025-07-10T19:45:00Z","2025-07-11T01:15:00+05:30","Asia/Kolkata",26.181742,91.78063,,,,"Unknown Governmental Organization","CPCB"
10903,"Railway Colony, Guwahati - APCB","pm25",8.99,"µg/m³","2025-07-10T20:00:00Z","2025-07-11T01:30:00+05:30","Asia/Kolkata",26.181742,91.78063,,,,"Unknown Governmental Organization","CPCB"
10903,"Railway Colony, Guwahati - APCB","pm25",10.27,"µg/m³","2025-07-10T20:15:00Z","2025-07-11T01:45:00+05:30","Asia/Kolkata",26.181742,91.78063,,,,"Unknown Governmental Organization","CPCB"
10903,"Railway Colony, Guwahati - APCB","pm25",17.98,"µg/m³","2025-07-10T20:30:00Z","2025-07-11T02:00:00+05:30","Asia/Kolkata",26.181742,91.78063,,,,"Unknown Governmental Organization","CPCB"
10903,"Railway Colony, Guwahati - APCB","pm25",17.98,"µg/m³","2025-07-10T20:45:00Z","2025-07-11T02:15:00+05:30","Asia/Kolkata",26.181742,91.78063,,,,"Unknown Governmental Organization","CPCB"
10903,"Railway Colony, Guwahati - APCB","pm25",17.98,"µg/m³","2025-07-10T21:00:00Z","2025-07-11T02:30:00+05:30","Asia/Kolkata",26.181742,91.78063,,,,"Unknown Governmental Organization","CPCB"
10903,"Railway Colony, Guwahati - APCB","pm25",17.27,"µg/m³","2025-07-10T21:15:00Z","2025-07-11T02:45:00+05:30","Asia/Kolkata",26.181742,91.78063,,,,"Unknown Governmental Organization","CPCB"
10903,"Railway Colony, Guwahati - APCB","pm25",12.99,"µg/m³","2025-07-10T21:30:00Z","2025-07-11T03:00:00+05:30","Asia/Kolkata",26.181742,91.78063,,,,"Unknown Governmental Organization","CPCB"
10903,"Railway Colony, Guwahati - APCB","pm25",12.99,"µg/m³","2025-07-10T21:45:00Z","2025-07-11T03:15:00+05:30","Asia/Kolkata",26.181742,91.78063,,,,"Unknown Governmental Organization","CPCB"
10903,"Railway Colony, Guwahati - APCB","pm25",12.99,"µg/m³","2025-07-10T22:00:00Z","2025-07-11T03:30:00+05:30","Asia/Kolkata",26.181742,91.78063,,,,"Unknown Governmental Organization","CPCB"
10903,"Railway Colony, Guwahati - APCB","pm25",12.99,"µg/m³","2025-07-10T22:15:00Z","2025-07-11T03:45:00+05:30","Asia/Kolkata",26.181742,91.78063,,,,"Unknown Governmental Organization","CPCB"
10903,"Railway Colony, Guwahati - APCB","pm25",12.99,"µg/m³","2025-07-10T22:30:00Z","2025-07-11T04:00:00+05:30","Asia/Kolkata",26.181742,91.78063,,,,"Unknown Governmental Organization","CPCB"
10903,"Railway Colony, Guwahati - APCB","pm25",12.99,"µg/m³","2025-07-10T22:45:00Z","2025-07-11T04:15:00+05:30","Asia/Kolkata",26.181742,91.78063,,,,"Unknown Governmental Organization","CPCB"
10903,"Railway Colony, Guwahati - APCB","pm25",13.99,"µg/m³","2025-07-10T23:15:00Z","2025-07-11T04:45:00+05:30","Asia/Kolkata",26.181742,91.78063,,,,"Unknown Governmental Organization","CPCB"
10903,"Railway Colony, Guwahati - APCB","pm25",20.98,"µg/m³","2025-07-10T23:30:00Z","2025-07-11T05:00:00+05:30","Asia/Kolkata",26.181742,91.78063,,,,"Unknown Governmental Organization","CPCB"
10903,"Railway Colony, Guwahati - APCB","pm25",20.98,"µg/m³","2025-07-10T23:45:00Z","2025-07-11T05:15:00+05:30","Asia/Kolkata",26.181742,91.78063,,,,"Unknown Governmental Organization","CPCB"
10903,"Railway Colony, Guwahati - APCB","pm25",20.98,"µg/m³","2025-07-11T00:00:00Z","2025-07-11T05:30:00+05:30","Asia/Kolkata",26.181742,91.78063,,,,"Unknown Governmental Organization","CPCB"
10903,"Railway Colony, Guwahati - APCB","relativehumidity",31.76,"%","2025-07-10T00:15:00Z","2025-07-10T05:45:00+05:30","Asia/Kolkata",26.181742,91.78063,,,,"Unknown Governmental Organization","CPCB"
10903,"Railway Colony, Guwahati - APCB","relativehumidity",34.27,"%","2025-07-10T00:30:00Z","2025-07-10T06:00:00+05:30","Asia/Kolkata",26.181742,91.78063,,,,"Unknown Governmental Organization","CPCB"
10903,"Railway Colony, Guwahati - APCB","relativehumidity",33.74,"%","2025-07-10T00:45:00Z","2025-07-10T06:15:00+05:30","Asia/Kolkata",26.181742,91.78063,,,,"Unknown Governmental Organization","CPCB"
10903,"Railway Colony, Guwahati - APCB","relativehumidity",25.49,"%","2025-07-10T01:00:00Z","2025-07-10T06:30:00+05:30","Asia/Kolkata",26.181742,91.78063,,,,"Unknown Governmental Organization","CPCB"
10903,"Railway Colony, Guwahati - APCB","relativehumidity",30.8,"%","2025-07-10T01:15:00Z","2025-07-10T06:45:00+05:30","Asia/Kolkata",26.181742,91.78063,,,,"Unknown Governmental Organization","CPCB"
10903,"Railway Colony, Guwahati - APCB","relativehumidity",37.9,"%","2025-07-10T01:30:00Z","2025-07-10T07:00:00+05:30","Asia/Kolkata",26.181742,91.78063,,,,"Unknown Governmental Organization","CPCB"
10903,"Railway Colony, Guwahati - APCB","relativehumidity",41.79,"%","2025-07-10T01:45:00Z","2025-07-10T07:15:00+05:30","Asia/Kolkata",26.181742,91.78063,,,,"Unknown Governmental Organization","CPCB"
10903,"Railway Colony, Guwahati - APCB","relativehumidity",45.5,"%","2025-07-10T02:00:00Z","2025-07-10T07:30:00+05:30","Asia/Kolkata",26.181742,91.78063,,,,"Unknown Governmental Organization","CPCB"
10903,"Railway Colony, Guwahati - APCB","relativehumidity",53.09,"%","2025-07-10T02:15:00Z","2025-07-10T07:45:00+05:30","Asia/Kolkata",26.181742,91.78063,,,,"Unknown Governmental Organization","CPCB"
10903,"Railway Colony, Guwahati - APCB","relativehumidity",64.1,"%","2025-07-10T02:30:00Z","2025-07-10T08:00:00+05:30","Asia/Kolkata",26.181742,91.78063,,,,"Unknown Governmental Organization","CPCB"
10903,"Railway Colony, Guwahati - APCB","relativehumidity",64.34,"%","2025-07-10T02:45:00Z","2025-07-10T08:15:00+05:30","Asia/Kolkata",26.181742,91.78063,,,,"Unknown Governmental Organization","CPCB"
10903,"Railway Colony, Guwahati - APCB","relativehumidity",61.59,"%","2025-07-10T03:00:00Z","2025-07-10T08:30:00+05:30","Asia/Kolkata",26.181742,91.78063,,,,"Unknown Governmental Organization","CPCB"
10903,"Railway Colony, Guwahati - APCB","relativehumidity",66.16,"%","2025-07-10T03:15:00Z","2025-07-10T08:45:00+05:30","Asia/Kolkata",26.181742,91.78063,,,,"Unknown Governmental Organization","CPCB"
10903,"Railway Colony, Guwahati - APCB","relativehumidity",69.84,"%","2025-07-10T03:45:00Z","2025-07-10T09:15:00+05:30","Asia/Kolkata",26.181742,91.78063,,,,"Unknown Governmental Organization","CPCB"
10903,"Railway Colony, Guwahati - APCB","relativehumidity",70.53,"%","2025-07-10T04:00:00Z","2025-07-10T09:30:00+05:30","Asia/Kolkata",26.181742,91.78063,,,,"Unknown Governmental Organization","CPCB"
10903,"Railway Colony, Guwahati - APCB","relativehumidity",69.91,"%","2025-07-10T04:15:00Z","2025-07-10T09:45:00+05:30","Asia/Kolkata",26.181742,91.78063,,,,"Unknown Governmental Organization","CPCB"
10903,"Railway Colony, Guwahati - APCB","relativehumidity",68.54,"%","2025-07-10T04:30:00Z","2025-07-10T10:00:00+05:30","Asia/Kolkata",26.181742,91.78063,,,,"Unknown Governmental Organization","CPCB"
10903,"Railway Colony, Guwahati - APCB","relativehumidity",67.95,"%","2025-07-10T04:45:00Z","2025-07-10T10:15:00+05:30","Asia/Kolkata",26.181742,91.78063,,,,"Unknown Governmental Organization","CPCB"
10903,"Railway Colony, Guwahati - APCB","relativehumidity",67.83,"%","2025-07-10T05:00:00Z","2025-07-10T10:30:00+05:30","Asia/Kolkata",26.181742,91.78063,,,,"Unknown Governmental Organization","CPCB"
10903,"Railway Colony, Guwahati - APCB","relativehumidity",67.4,"%","2025-07-10T05:15:00Z","2025-07-10T10:45:00+05:30","Asia/Kolkata",26.181742,91.78063,,,,"Unknown Governmental Organization","CPCB"
10903,"Railway Colony, Guwahati - APCB","relativehumidity",68.53,"%","2025-07-10T05:30:00Z","2025-07-10T11:00:00+05:30","Asia/Kolkata",26.181742,91.78063,,,,"Unknown Governmental Organization","CPCB"
10903,"Railway Colony, Guwahati - APCB","relativehumidity",67.99,"%","2025-07-10T05:45:00Z","2025-07-10T11:15:00+05:30","Asia/Kolkata",26.181742,91.78063,,,,"Unknown Governmental Organization","CPCB"
10903,"Railway Colony, Guwahati - APCB","relativehumidity",68.47,"%","2025-07-10T06:00:00Z","2025-07-10T11:30:00+05:30","Asia/Kolkata",26.181742,91.78063,,,,"Unknown Governmental Organization","CPCB"
10903,"Railway Colony, Guwahati - APCB","relativehumidity",68.03,"%","2025-07-10T06:15:00Z","2025-07-10T11:45:00+05:30","Asia/Kolkata",26.181742,91.78063,,,,"Unknown Governmental Organization","CPCB"
10903,"Railway Colony, Guwahati - APCB","relativehumidity",68.68,"%","2025-07-10T06:30:00Z","2025-07-10T12:00:00+05:30","Asia/Kolkata",26.181742,91.78063,,,,"Unknown Governmental Organization","CPCB"
10903,"Railway Colony, Guwahati - APCB","relativehumidity",67.44,"%","2025-07-10T06:45:00Z","2025-07-10T12:15:00+05:30","Asia/Kolkata",26.181742,91.78063,,,,"Unknown Governmental Organization","CPCB"
10903,"Railway Colony, Guwahati - APCB","relativehumidity",65.12,"%","2025-07-10T07:00:00Z","2025-07-10T12:30:00+05:30","Asia/Kolkata",26.181742,91.78063,,,,"Unknown Governmental Organization","CPCB"
10903,"Railway Colony, Guwahati - APCB","relativehumidity",63.05,"%","2025-07-10T07:15:00Z","2025-07-10T12:45:00+05:30","Asia/Kolkata",26.181742,91.78063,,,,"Unknown Governmental Organization","CPCB"
10903,"Railway Colony, Guwahati - APCB","relativehumidity",61.33,"%","2025-07-10T07:30:00Z","2025-07-10T13:00:00+05:30","Asia/Kolkata",26.181742,91.78063,,,,"Unknown Governmental Organization","CPCB"
10903,"Railway Colony, Guwahati - APCB","relativehumidity",59.35,"%","2025-07-10T07:45:00Z","2025-07-10T13:15:00+05:30","Asia/Kolkata",26.181742,91.78063,,,,"Unknown Governmental Organization","CPCB"
10903,"Railway Colony, Guwahati - APCB","relativehumidity",58.86,"%","2025-07-10T08:00:00Z","2025-07-10T13:30:00+05:30","Asia/Kolkata",26.181742,91.78063,,,,"Unknown Governmental Organization","CPCB"
10903,"Railway Colony, Guwahati - APCB","relativehumidity",56.54,"%","2025-07-10T08:15:00Z","2025-07-10T13:45:00+05:30","Asia/Kolkata",26.181742,91.78063,,,,"Unknown Governmental Organization","CPCB"
10903,"Railway Colony, Guwahati - APCB","relativehumidity",53.11,"%","2025-07-10T08:30:00Z","2025-07-10T14:00:00+05:30","Asia/Kolkata",26.181742,91.78063,,,,"Unknown Governmental Organization","CPCB"
10903,"Railway Colony, Guwahati - APCB","relativehumidity",54.85,"%","2025-07-10T08:45:00Z","2025-07-10T14:15:00+05:30","Asia/Kolkata",26.181742,91.78063,,,,"Unknown Governmental Organization","CPCB"
10903,"Railway Colony, Guwahati - APCB","relativehumidity",54.99,"%","2025-07-10T09:00:00Z","2025-07-10T14:30:00+05:30","Asia/Kolkata",26.181742,91.78063,,,,"Unknown Governmental Organization","CPCB"
10903,"Railway Colony, Guwahati - APCB","relativehumidity",52.84,"%","2025-07-10T09:15:00Z","2025-07-10T14:45:00+05:30","Asia/Kolkata",26.181742,91.78063,,,,"Unknown Governmental Organization","CPCB"
10903,"Railway Colony, Guwahati - APCB","relativehumidity",52.45,"%","2025-07-10T09:30:00Z","2025-07-10T15:00:00+05:30","Asia/Kolkata",26.181742,91.78063,,,,"Unknown Governmental Organization","CPCB"
10903,"Railway Colony, Guwahati - APCB","relativehumidity",52.49,"%","2025-07-10T09:45:00Z","2025-07-10T15:15:00+05:30","Asia/Kolkata",26.181742,91.78063,,,,"Unknown Governmental Organization","CPCB"
10903,"Railway Colony, Guwahati - APCB","relativehumidity",52.93,"%","2025-07-10T10:00:00Z","2025-07-10T15:30:00+05:30","Asia/Kolkata",26.181742,91.78063,,,,"Unknown Governmental Organization","CPCB"
10903,"Railway Colony, Guwahati - APCB","relativehumidity",54.56,"%","2025-07-10T10:15:00Z","2025-07-10T15:45:00+05:30","Asia/Kolkata",26.181742,91.78063,,,,"Unknown Governmental Organization","CPCB"
10903,"Railway Colony, Guwahati - APCB","relativehumidity",55.74,"%","2025-07-10T10:30:00Z","2025-07-10T16:00:00+05:30","Asia/Kolkata",26.181742,91.78063,,,,"Unknown Governmental Organization","CPCB"
10903,"Railway Colony, Guwahati - APCB","relativehumidity",56.95,"%","2025-07-10T10:45:00Z","2025-07-10T16:15:00+05:30","Asia/Kolkata",26.181742,91.78063,,,,"Unknown Governmental Organization","CPCB"
10903,"Railway Colony, Guwahati - APCB","relativehumidity",59.6,"%","2025-07-10T11:00:00Z","2025-07-10T16:30:00+05:30","Asia/Kolkata",26.181742,91.78063,,,,"Unknown Governmental Organization","CPCB"
10903,"Railway Colony, Guwahati - APCB","relativehumidity",64.5,"%","2025-07-10T11:15:00Z","2025-07-10T16:45:00+05:30","Asia/Kolkata",26.181742,91.78063,,,,"Unknown Governmental Organization","CPCB"
10903,"Railway Colony, Guwahati - APCB","relativehumidity",67.47,"%","2025-07-10T11:30:00Z","2025-07-10T17:00:00+05:30","Asia/Kolkata",26.181742,91.78063,,,,"Unknown Governmental Organization","CPCB"
10903,"Railway Colony, Guwahati - APCB","relativehumidity",67.8,"%","2025-07-10T11:45:00Z","2025-07-10T17:15:00+05:30","Asia/Kolkata",26.181742,91.78063,,,,"Unknown Governmental Organization","CPCB"
10903,"Railway Colony, Guwahati - APCB","relativehumidity",68.65,"%","2025-07-10T12:00:00Z","2025-07-10T17:30:00+05:30","Asia/Kolkata",26.181742,91.78063,,,,"Unknown Governmental Organization","CPCB"
10903,"Railway Colony, Guwahati - APCB","relativehumidity",69.09,"%","2025-07-10T12:15:00Z","2025-07-10T17:45:00+05:30","Asia/Kolkata",26.181742,91.78063,,,,"Unknown Governmental Organization","CPCB"
10903,"Railway Colony, Guwahati - APCB","relativehumidity",69.82,"%","2025-07-10T12:30:00Z","2025-07-10T18:00:00+05:30","Asia/Kolkata",26.181742,91.78063,,,,"Unknown Governmental Organization","CPCB"
10903,"Railway Colony, Guwahati - APCB","relativehumidity",70.38,"%","2025-07-10T12:45:00Z","2025-07-10T18:15:00+05:30","Asia/Kolkata",26.181742,91.78063,,,,"Unknown Governmental Organization","CPCB"
10903,"Railway Colony, Guwahati - APCB","relativehumidity",70.92,"%","2025-07-10T13:00:00Z","2025-07-10T18:30:00+05:30","Asia/Kolkata",26.181742,91.78063,,,,"Unknown Governmental Organization","CPCB"
10903,"Railway Colony, Guwahati - APCB","relativehumidity",70.35,"%","2025-07-10T13:15:00Z","2025-07-10T18:45:00+05:30","Asia/Kolkata",26.181742,91.78063,,,,"Unknown Governmental Organization","CPCB"
10903,"Railway Colony, Guwahati - APCB","relativehumidity",69.61,"%","2025-07-10T13:30:00Z","2025-07-10T19:00:00+05:30","Asia/Kolkata",26.181742,91.78063,,,,"Unknown Governmental Organization","CPCB"
10903,"Railway Colony, Guwahati - APCB","relativehumidity",68.37,"%","2025-07-10T13:45:00Z","2025-07-10T19:15:00+05:30","Asia/Kolkata",26.181742,91.78063,,,,"Unknown Governmental Organization","CPCB"
10903,"Railway Colony, Guwahati - APCB","relativehumidity",66.65,"%","2025-07-10T14:00:00Z","2025-07-10T19:30:00+05:30","Asia/Kolkata",26.181742,91.78063,,,,"Unknown Governmental Organization","CPCB"
10903,"Railway Colony, Guwahati - APCB","relativehumidity",66.14,"%","2025-07-10T14:15:00Z","2025-07-10T19:45:00+05:30","Asia/Kolkata",26.181742,91.78063,,,,"Unknown Governmental Organization","CPCB"
10903,"Railway Colony, Guwahati - APCB","relativehumidity",67.43,"%","2025-07-10T14:30:00Z","2025-07-10T20:00:00+05:30","Asia/Kolkata",26.181742,91.78063,,,,"Unknown Governmental Organization","CPCB"
10903,"Railway Colony, Guwahati - APCB","relativehumidity",68.59,"%","2025-07-10T14:45:00Z","2025-07-10T20:15:00+05:30","Asia/Kolkata",26.181742,91.78063,,,,"Unknown Governmental Organization","CPCB"
10903,"Railway Colony, Guwahati - APCB","relativehumidity",68.51,"%","2025-07-10T15:00:00Z","2025-07-10T20:30:00+05:30","Asia/Kolkata",26.181742,91.78063,,,,"Unknown Governmental Organization","CPCB"
10903,"Railway Colony, Guwahati - APCB","relativehumidity",67.52,"%","2025-07-10T15:15:00Z","2025-07-10T20:45:00+05:30","Asia/Kolkata",26.181742,91.78063,,,,"Unknown Governmental Organization","CPCB"
10903,"Railway Colony, Guwahati - APCB","relativehumidity",57.85,"%","2025-07-10T15:30:00Z","2025-07-10T21:00:00+05:30","Asia/Kolkata",26.181742,91.78063,,,,"Unknown Governmental Organization","CPCB"
10903,"Railway Colony, Guwahati - APCB","relativehumidity",45.82,"%","2025-07-10T15:45:00Z","2025-07-10T21:15:00+05:30","Asia/Kolkata",26.181742,91.78063,,,,"Unknown Governmental Organization","CPCB"
10903,"Railway Colony, Guwahati - APCB","relativehumidity",44.33,"%","2025-07-10T16:00:00Z","2025-07-10T21:30:00+05:30","Asia/Kolkata",26.181742,91.78063,,,,"Unknown Governmental Organization","CPCB"
10903,"Railway Colony, Guwahati - APCB","relativehumidity",44.39,"%","2025-07-10T16:15:00Z","2025-07-10T21:45:00+05:30","Asia/Kolkata",26.181742,91.78063,,,,"Unknown Governmental Organization","CPCB"
10903,"Railway Colony, Guwahati - APCB","relativehumidity",42.31,"%","2025-07-10T16:30:00Z","2025-07-10T22:00:00+05:30","Asia/Kolkata",26.181742,91.78063,,,,"Unknown Governmental Organization","CPCB"
10903,"Railway Colony, Guwahati - APCB","relativehumidity",47.86,"%","2025-07-10T16:45:00Z","2025-07-10T22:15:00+05:30","Asia/Kolkata",26.181742,91.78063,,,,"Unknown Governmental Organization","CPCB"
10903,"Railway Colony, Guwahati - APCB","relativehumidity",49.58,"%","2025-07-10T17:00:00Z","2025-07-10T22:30:00+05:30","Asia/Kolkata",26.181742,91.78063,,,,"Unknown Governmental Organization","CPCB"
10903,"Railway Colony, Guwahati - APCB","relativehumidity",54.42,"%","2025-07-10T17:15:00Z","2025-07-10T22:45:00+05:30","Asia/Kolkata",26.181742,91.78063,,,,"Unknown Governmental Organization","CPCB"
10903,"Railway Colony, Guwahati - APCB","relativehumidity",54.59,"%","2025-07-10T17:30:00Z","2025-07-10T23:00:00+05:30","Asia/Kolkata",26.181742,91.78063,,,,"Unknown Governmental Organization","CPCB"
10903,"Railway Colony, Guwahati - APCB","relativehumidity",55.48,"%","2025-07-10T17:45:00Z","2025-07-10T23:15:00+05:30","Asia/Kolkata",26.181742,91.78063,,,,"Unknown Governmental Organization","CPCB"
10903,"Railway Colony, Guwahati - APCB","relativehumidity",60.22,"%","2025-07-10T18:00:00Z","2025-07-10T23:30:00+05:30","Asia/Kolkata",26.181742,91.78063,,,,"Unknown Governmental Organization","CPCB"
10903,"Railway Colony, Guwahati - APCB","relativehumidity",61.39,"%","2025-07-10T18:15:00Z","2025-07-10T23:45:00+05:30","Asia/Kolkata",26.181742,91.78063,,,,"Unknown Governmental Organization","CPCB"
10903,"Railway Colony, Guwahati - APCB","relativehumidity",49.81,"%","2025-07-10T19:15:00Z","2025-07-11T00:45:00+05:30","Asia/Kolkata",26.181742,91.78063,,,,"Unknown Governmental Organization","CPCB"
10903,"Railway Colony, Guwahati - APCB","relativehumidity",45.9,"%","2025-07-10T19:30:00Z","2025-07-11T01:00:00+05:30","Asia/Kolkata",26.181742,91.78063,,,,"Unknown Governmental Organization","CPCB"
10903,"Railway Colony, Guwahati - APCB","relativehumidity",40.51,"%","2025-07-10T19:45:00Z","2025-07-11T01:15:00+05:30","Asia/Kolkata",26.181742,91.78063,,,,"Unknown Governmental Organization","CPCB"
10903,"Railway Colony, Guwahati - APCB","relativehumidity",44.09,"%","2025-07-10T20:00:00Z","2025-07-11T01:30:00+05:30","Asia/Kolkata",26.181742,91.78063,,,,"Unknown Governmental Organization","CPCB"
10903,"Railway Colony, Guwahati - APCB","relativehumidity",48.32,"%","2025-07-10T20:15:00Z","2025-07-11T01:45:00+05:30","Asia/Kolkata",26.181742,91.78063,,,,"Unknown Governmental Organization","CPCB"
10903,"Railway Colony, Guwahati - APCB","relativehumidity",46.94,"%","2025-07-10T20:30:00Z","2025-07-11T02:00:00+05:30","Asia/Kolkata",26.181742,91.78063,,,,"Unknown Governmental Organization","CPCB"
10903,"Railway Colony, Guwahati - APCB","relativehumidity",46.74,"%","2025-07-10T20:45:00Z","2025-07-11T02:15:00+05:30","Asia/Kolkata",26.181742,91.78063,,,,"Unknown Governmental Organization","CPCB"
10903,"Railway Colony, Guwahati - APCB","relativehumidity",48.55,"%","2025-07-10T21:00:00Z","2025-07-11T02:30:00+05:30","Asia/Kolkata",26.181742,91.78063,,,,"Unknown Governmental Organization","CPCB"
10903,"Railway Colony, Guwahati - APCB","relativehumidity",49.73,"%","2025-07-10T21:15:00Z","2025-07-11T02:45:00+05:30","Asia/Kolkata",26.181742,91.78063,,,,"Unknown Governmental Organization","CPCB"
10903,"Railway Colony, Guwahati - APCB","relativehumidity",51.29,"%","2025-07-10T21:30:00Z","2025-07-11T03:00:00+05:30","Asia/Kolkata",26.181742,91.78063,,,,"Unknown Governmental Organization","CPCB"
10903,"Railway Colony, Guwahati - APCB","relativehumidity",51.3,"%","2025-07-10T21:45:00Z","2025-07-11T03:15:00+05:30","Asia/Kolkata",26.181742,91.78063,,,,"Unknown Governmental Organization","CPCB"
10903,"Railway Colony, Guwahati - APCB","relativehumidity",47.92,"%","2025-07-10T22:00:00Z","2025-07-11T03:30:00+05:30","Asia/Kolkata",26.181742,91.78063,,,,"Unknown Governmental Organization","CPCB"
10903,"Railway Colony, Guwahati - APCB","relativehumidity",45.57,"%","2025-07-10T22:15:00Z","2025-07-11T03:45:00+05:30","Asia/Kolkata",26.181742,91.78063,,,,"Unknown Governmental Organization","CPCB"
10903,"Railway Colony, Guwahati - APCB","relativehumidity",43.86,"%","2025-07-10T22:30:00Z","2025-07-11T04:00:00+05:30","Asia/Kolkata",26.181742,91.78063,,,,"Unknown Governmental Organization","CPCB"
10903,"Railway Colony, Guwahati - APCB","relativehumidity",40.86,"%","2025-07-10T22:45:00Z","2025-07-11T04:15:00+05:30","Asia/Kolkata",26.181742,91.78063,,,,"Unknown Governmental Organization","CPCB"
10903,"Railway Colony, Guwahati - APCB","relativehumidity",40.67,"%","2025-07-10T23:15:00Z","2025-07-11T04:45:00+05:30","Asia/Kolkata",26.181742,91.78063,,,,"Unknown Governmental Organization","CPCB"
10903,"Railway Colony, Guwahati - APCB","relativehumidity",45.13,"%","2025-07-10T23:30:00Z","2025-07-11T05:00:00+05:30","Asia/Kolkata",26.181742,91.78063,,,,"Unknown Governmental Organization","CPCB"
10903,"Railway Colony, Guwahati - APCB","relativehumidity",52.99,"%","2025-07-10T23:45:00Z","2025-07-11T05:15:00+05:30","Asia/Kolkata",26.181742,91.78063,,,,"Unknown Governmental Organization","CPCB"
10903,"Railway Colony, Guwahati - APCB","relativehumidity",54.45,"%","2025-07-11T00:00:00Z","2025-07-11T05:30:00+05:30","Asia/Kolkata",26.181742,91.78063,,,,"Unknown Governmental Organization","CPCB"
10903,"Railway Colony, Guwahati - APCB","so2",18.83,"ppb","2025-07-10T00:15:00Z","2025-07-10T05:45:00+05:30","Asia/Kolkata",26.181742,91.78063,,,,"Unknown Governmental Organization","CPCB"
10903,"Railway Colony, Guwahati - APCB","so2",19.12,"ppb","2025-07-10T00:30:00Z","2025-07-10T06:00:00+05:30","Asia/Kolkata",26.181742,91.78063,,,,"Unknown Governmental Organization","CPCB"
10903,"Railway Colony, Guwahati - APCB","so2",18.96,"ppb","2025-07-10T00:45:00Z","2025-07-10T06:15:00+05:30","Asia/Kolkata",26.181742,91.78063,,,,"Unknown Governmental Organization","CPCB"
10903,"Railway Colony, Guwahati - APCB","so2",19.12,"ppb","2025-07-10T01:00:00Z","2025-07-10T06:30:00+05:30","Asia/Kolkata",26.181742,91.78063,,,,"Unknown Governmental Organization","CPCB"
10903,"Railway Colony, Guwahati - APCB","so2",18.67,"ppb","2025-07-10T01:15:00Z","2025-07-10T06:45:00+05:30","Asia/Kolkata",26.181742,91.78063,,,,"Unknown Governmental Organization","CPCB"
10903,"Railway Colony, Guwahati - APCB","so2",18.8,"ppb","2025-07-10T01:30:00Z","2025-07-10T07:00:00+05:30","Asia/Kolkata",26.181742,91.78063,,,,"Unknown Governmental Organization","CPCB"
10903,"Railway Colony, Guwahati - APCB","so2",18.8,"ppb","2025-07-10T01:45:00Z","2025-07-10T07:15:00+05:30","Asia/Kolkata",26.181742,91.78063,,,,"Unknown Governmental Organization","CPCB"
10903,"Railway Colony, Guwahati - APCB","so2",19.02,"ppb","2025-07-10T02:00:00Z","2025-07-10T07:30:00+05:30","Asia/Kolkata",26.181742,91.78063,,,,"Unknown Governmental Organization","CPCB"
10903,"Railway Colony, Guwahati - APCB","so2",18.8,"ppb","2025-07-10T02:15:00Z","2025-07-10T07:45:00+05:30","Asia/Kolkata",26.181742,91.78063,,,,"Unknown Governmental Organization","CPCB"
10903,"Railway Colony, Guwahati - APCB","so2",19.2,"ppb","2025-07-10T02:30:00Z","2025-07-10T08:00:00+05:30","Asia/Kolkata",26.181742,91.78063,,,,"Unknown Governmental Organization","CPCB"
10903,"Railway Colony, Guwahati - APCB","so2",18.7,"ppb","2025-07-10T02:45:00Z","2025-07-10T08:15:00+05:30","Asia/Kolkata",26.181742,91.78063,,,,"Unknown Governmental Organization","CPCB"
10903,"Railway Colony, Guwahati - APCB","so2",18.73,"ppb","2025-07-10T03:00:00Z","2025-07-10T08:30:00+05:30","Asia/Kolkata",26.181742,91.78063,,,,"Unknown Governmental Organization","CPCB"
10903,"Railway Colony, Guwahati - APCB","so2",19.34,"ppb","2025-07-10T03:15:00Z","2025-07-10T08:45:00+05:30","Asia/Kolkata",26.181742,91.78063,,,,"Unknown Governmental Organization","CPCB"
10903,"Railway Colony, Guwahati - APCB","so2",19.12,"ppb","2025-07-10T03:45:00Z","2025-07-10T09:15:00+05:30","Asia/Kolkata",26.181742,91.78063,,,,"Unknown Governmental Organization","CPCB"
10903,"Railway Colony, Guwahati - APCB","so2",19.73,"ppb","2025-07-10T04:00:00Z","2025-07-10T09:30:00+05:30","Asia/Kolkata",26.181742,91.78063,,,,"Unknown Governmental Organization","CPCB"
10903,"Railway Colony, Guwahati - APCB","so2",19.53,"ppb","2025-07-10T04:15:00Z","2025-07-10T09:45:00+05:30","Asia/Kolkata",26.181742,91.78063,,,,"Unknown Governmental Organization","CPCB"
10903,"Railway Colony, Guwahati - APCB","so2",19.53,"ppb","2025-07-10T04:30:00Z","2025-07-10T10:00:00+05:30","Asia/Kolkata",26.181742,91.78063,,,,"Unknown Governmental Organization","CPCB"
10903,"Railway Colony, Guwahati - APCB","so2",19.45,"ppb","2025-07-10T04:45:00Z","2025-07-10T10:15:00+05:30","Asia/Kolkata",26.181742,91.78063,,,,"Unknown Governmental Organization","CPCB"
10903,"Railway Colony, Guwahati - APCB","so2",19.45,"ppb","2025-07-10T05:00:00Z","2025-07-10T10:30:00+05:30","Asia/Kolkata",26.181742,91.78063,,,,"Unknown Governmental Organization","CPCB"
10903,"Railway Colony, Guwahati - APCB","so2",19.45,"ppb","2025-07-10T05:15:00Z","2025-07-10T10:45:00+05:30","Asia/Kolkata",26.181742,91.78063,,,,"Unknown Governmental Organization","CPCB"
10903,"Railway Colony, Guwahati - APCB","so2",19.65,"ppb","2025-07-10T05:30:00Z","2025-07-10T11:00:00+05:30","Asia/Kolkata",26.181742,91.78063,,,,"Unknown Governmental Organization","CPCB"
10903,"Railway Colony, Guwahati - APCB","so2",19.69,"ppb","2025-07-10T05:45:00Z","2025-07-10T11:15:00+05:30","Asia/Kolkata",26.181742,91.78063,,,,"Unknown Governmental Organization","CPCB"
10903,"Railway Colony, Guwahati - APCB","so2",19.7,"ppb","2025-07-10T06:00:00Z","2025-07-10T11:30:00+05:30","Asia/Kolkata",26.181742,91.78063,,,,"Unknown Governmental Organization","CPCB"
10903,"Railway Colony, Guwahati - APCB","so2",19.55,"ppb","2025-07-10T06:15:00Z","2025-07-10T11:45:00+05:30","Asia/Kolkata",26.181742,91.78063,,,,"Unknown Governmental Organization","CPCB"
10903,"Railway Colony, Guwahati - APCB","so2",19.27,"ppb","2025-07-10T06:30:00Z","2025-07-10T12:00:00+05:30","Asia/Kolkata",26.181742,91.78063,,,,"Unknown Governmental Organization","CPCB"
10903,"Railway Colony, Guwahati - APCB","so2",19.55,"ppb","2025-07-10T06:45:00Z","2025-07-10T12:15:00+05:30","Asia/Kolkata",26.181742,91.78063,,,,"Unknown Governmental Organization","CPCB"
10903,"Railway Colony, Guwahati - APCB","so2",19.08,"ppb","2025-07-10T07:00:00Z","2025-07-10T12:30:00+05:30","Asia/Kolkata",26.181742,91.78063,,,,"Unknown Governmental Organization","CPCB"
10903,"Railway Colony, Guwahati - APCB","so2",19.61,"ppb","2025-07-10T07:15:00Z","2025-07-10T12:45:00+05:30","Asia/Kolkata",26.181742,91.78063,,,,"Unknown Governmental Organization","CPCB"
10903,"Railway Colony, Guwahati - APCB","so2",19.48,"ppb","2025-07-10T07:30:00Z","2025-07-10T13:00:00+05:30","Asia/Kolkata",26.181742,91.78063,,,,"Unknown Governmental Organization","CPCB"
10903,"Railway Colony, Guwahati - APCB","so2",19.45,"ppb","2025-07-10T07:45:00Z","2025-07-10T13:15:00+05:30","Asia/Kolkata",26.181742,91.78063,,,,"Unknown Governmental Organization","CPCB"
10903,"Railway Colony, Guwahati - APCB","so2",19.3,"ppb","2025-07-10T08:00:00Z","2025-07-10T13:30:00+05:30","Asia/Kolkata",26.181742,91.78063,,,,"Unknown Governmental Organization","CPCB"
10903,"Railway Colony, Guwahati - APCB","so2",19.28,"ppb","2025-07-10T08:15:00Z","2025-07-10T13:45:00+05:30","Asia/Kolkata",26.181742,91.78063,,,,"Unknown Governmental Organization","CPCB"
10903,"Railway Colony, Guwahati - APCB","so2",19.56,"ppb","2025-07-10T08:30:00Z","2025-07-10T14:00:00+05:30","Asia/Kolkata",26.181742,91.78063,,,,"Unknown Governmental Organization","CPCB"
10903,"Railway Colony, Guwahati - APCB","so2",19.45,"ppb","2025-07-10T08:45:00Z","2025-07-10T14:15:00+05:30","Asia/Kolkata",26.181742,91.78063,,,,"Unknown Governmental Organization","CPCB"
10903,"Railway Colony, Guwahati - APCB","so2",19.09,"ppb","2025-07-10T09:00:00Z","2025-07-10T14:30:00+05:30","Asia/Kolkata",26.181742,91.78063,,,,"Unknown Governmental Organization","CPCB"
10903,"Railway Colony, Guwahati - APCB","so2",19.24,"ppb","2025-07-10T09:15:00Z","2025-07-10T14:45:00+05:30","Asia/Kolkata",26.181742,91.78063,,,,"Unknown Governmental Organization","CPCB"
10903,"Railway Colony, Guwahati - APCB","so2",19.53,"ppb","2025-07-10T09:30:00Z","2025-07-10T15:00:00+05:30","Asia/Kolkata",26.181742,91.78063,,,,"Unknown Governmental Organization","CPCB"
10903,"Railway Colony, Guwahati - APCB","so2",19.12,"ppb","2025-07-10T09:45:00Z","2025-07-10T15:15:00+05:30","Asia/Kolkata",26.181742,91.78063,,,,"Unknown Governmental Organization","CPCB"
10903,"Railway Colony, Guwahati - APCB","so2",19.2,"ppb","2025-07-10T10:00:00Z","2025-07-10T15:30:00+05:30","Asia/Kolkata",26.181742,91.78063,,,,"Unknown Governmental Organization","CPCB"
10903,"Railway Colony, Guwahati - APCB","so2",19.41,"ppb","2025-07-10T10:15:00Z","2025-07-10T15:45:00+05:30","Asia/Kolkata",26.181742,91.78063,,,,"Unknown Governmental Organization","CPCB"
10903,"Railway Colony, Guwahati - APCB","so2",19.33,"ppb","2025-07-10T10:30:00Z","2025-07-10T16:00:00+05:30","Asia/Kolkata",26.181742,91.78063,,,,"Unknown Governmental Organization","CPCB"
10903,"Railway Colony, Guwahati - APCB","so2",19.45,"ppb","2025-07-10T10:45:00Z","2025-07-10T16:15:00+05:30","Asia/Kolkata",26.181742,91.78063,,,,"Unknown Governmental Organization","CPCB"
10903,"Railway Colony, Guwahati - APCB","so2",19.7,"ppb","2025-07-10T11:00:00Z","2025-07-10T16:30:00+05:30","Asia/Kolkata",26.181742,91.78063,,,,"Unknown Governmental Organization","CPCB"
10903,"Railway Colony, Guwahati - APCB","so2",19.45,"ppb","2025-07-10T11:15:00Z","2025-07-10T16:45:00+05:30","Asia/Kolkata",26.181742,91.78063,,,,"Unknown Governmental Organization","CPCB"
10903,"Railway Colony, Guwahati - APCB","so2",19.29,"ppb","2025-07-10T11:30:00Z","2025-07-10T17:00:00+05:30","Asia/Kolkata",26.181742,91.78063,,,,"Unknown Governmental Organization","CPCB"
10903,"Railway Colony, Guwahati - APCB","so2",19.41,"ppb","2025-07-10T11:45:00Z","2025-07-10T17:15:00+05:30","Asia/Kolkata",26.181742,91.78063,,,,"Unknown Governmental Organization","CPCB"
10903,"Railway Colony, Guwahati - APCB","so2",19.66,"ppb","2025-07-10T12:00:00Z","2025-07-10T17:30:00+05:30","Asia/Kolkata",26.181742,91.78063,,,,"Unknown Governmental Organization","CPCB"
10903,"Railway Colony, Guwahati - APCB","so2",19.73,"ppb","2025-07-10T12:15:00Z","2025-07-10T17:45:00+05:30","Asia/Kolkata",26.181742,91.78063,,,,"Unknown Governmental Organization","CPCB"
10903,"Railway Colony, Guwahati - APCB","so2",19.73,"ppb","2025-07-10T12:30:00Z","2025-07-10T18:00:00+05:30","Asia/Kolkata",26.181742,91.78063,,,,"Unknown Governmental Organization","CPCB"
10903,"Railway Colony, Guwahati - APCB","so2",19.34,"ppb","2025-07-10T12:45:00Z","2025-07-10T18:15:00+05:30","Asia/Kolkata",26.181742,91.78063,,,,"Unknown Governmental Organization","CPCB"
10903,"Railway Colony, Guwahati - APCB","so2",19.62,"ppb","2025-07-10T13:00:00Z","2025-07-10T18:30:00+05:30","Asia/Kolkata",26.181742,91.78063,,,,"Unknown Governmental Organization","CPCB"
10903,"Railway Colony, Guwahati - APCB","so2",19.7,"ppb","2025-07-10T13:15:00Z","2025-07-10T18:45:00+05:30","Asia/Kolkata",26.181742,91.78063,,,,"Unknown Governmental Organization","CPCB"
10903,"Railway Colony, Guwahati - APCB","so2",19.92,"ppb","2025-07-10T13:30:00Z","2025-07-10T19:00:00+05:30","Asia/Kolkata",26.181742,91.78063,,,,"Unknown Governmental Organization","CPCB"
10903,"Railway Colony, Guwahati - APCB","so2",19.52,"ppb","2025-07-10T13:45:00Z","2025-07-10T19:15:00+05:30","Asia/Kolkata",26.181742,91.78063,,,,"Unknown Governmental Organization","CPCB"
10903,"Railway Colony, Guwahati - APCB","so2",19.74,"ppb","2025-07-10T14:00:00Z","2025-07-10T19:30:00+05:30","Asia/Kolkata",26.181742,91.78063,,,,"Unknown Governmental Organization","CPCB"
10903,"Railway Colony, Guwahati - APCB","so2",19.77,"ppb","2025-07-10T14:15:00Z","2025-07-10T19:45:00+05:30","Asia/Kolkata",26.181742,91.78063,,,,"Unknown Governmental Organization","CPCB"
10903,"Railway Colony, Guwahati - APCB","so2",19.81,"ppb","2025-07-10T14:30:00Z","2025-07-10T20:00:00+05:30","Asia/Kolkata",26.181742,91.78063,,,,"Unknown Governmental Organization","CPCB"
10903,"Railway Colony, Guwahati - APCB","so2",19.98,"ppb","2025-07-10T14:45:00Z","2025-07-10T20:15:00+05:30","Asia/Kolkata",26.181742,91.78063,,,,"Unknown Governmental Organization","CPCB"
10903,"Railway Colony, Guwahati - APCB","so2",19.61,"ppb","2025-07-10T15:00:00Z","2025-07-10T20:30:00+05:30","Asia/Kolkata",26.181742,91.78063,,,,"Unknown Governmental Organization","CPCB"
10903,"Railway Colony, Guwahati - APCB","so2",19.37,"ppb","2025-07-10T15:15:00Z","2025-07-10T20:45:00+05:30","Asia/Kolkata",26.181742,91.78063,,,,"Unknown Governmental Organization","CPCB"
10903,"Railway Colony, Guwahati - APCB","so2",20.14,"ppb","2025-07-10T15:30:00Z","2025-07-10T21:00:00+05:30","Asia/Kolkata",26.181742,91.78063,,,,"Unknown Governmental Organization","CPCB"
10903,"Railway Colony, Guwahati - APCB","so2",19.53,"ppb","2025-07-10T15:45:00Z","2025-07-10T21:15:00+05:30","Asia/Kolkata",26.181742,91.78063,,,,"Unknown Governmental Organization","CPCB"
10903,"Railway Colony, Guwahati - APCB","so2",19.74,"ppb","2025-07-10T16:00:00Z","2025-07-10T21:30:00+05:30","Asia/Kolkata",26.181742,91.78063,,,,"Unknown Governmental Organization","CPCB"
10903,"Railway Colony, Guwahati - APCB","so2",18.67,"ppb","2025-07-10T16:15:00Z","2025-07-10T21:45:00+05:30","Asia/Kolkata",26.181742,91.78063,,,,"Unknown Governmental Organization","CPCB"
10903,"Railway Colony, Guwahati - APCB","so2",18.87,"ppb","2025-07-10T16:30:00Z","2025-07-10T22:00:00+05:30","Asia/Kolkata",26.181742,91.78063,,,,"Unknown Governmental Organization","CPCB"
10903,"Railway Colony, Guwahati - APCB","so2",19.16,"ppb","2025-07-10T16:45:00Z","2025-07-10T22:15:00+05:30","Asia/Kolkata",26.181742,91.78063,,,,"Unknown Governmental Organization","CPCB"
10903,"Railway Colony, Guwahati - APCB","so2",19.31,"ppb","2025-07-10T17:00:00Z","2025-07-10T22:30:00+05:30","Asia/Kolkata",26.181742,91.78063,,,,"Unknown Governmental Organization","CPCB"
10903,"Railway Colony, Guwahati - APCB","so2",19.23,"ppb","2025-07-10T17:15:00Z","2025-07-10T22:45:00+05:30","Asia/Kolkata",26.181742,91.78063,,,,"Unknown Governmental Organization","CPCB"
10903,"Railway Colony, Guwahati - APCB","so2",19.16,"ppb","2025-07-10T17:30:00Z","2025-07-10T23:00:00+05:30","Asia/Kolkata",26.181742,91.78063,,,,"Unknown Governmental Organization","CPCB"
10903,"Railway Colony, Guwahati - APCB","so2",19.34,"ppb","2025-07-10T17:45:00Z","2025-07-10T23:15:00+05:30","Asia/Kolkata",26.181742,91.78063,,,,"Unknown Governmental Organization","CPCB"
10903,"Railway Colony, Guwahati - APCB","so2",19.31,"ppb","2025-07-10T18:00:00Z","2025-07-10T23:30:00+05:30","Asia/Kolkata",26.181742,91.78063,,,,"Unknown Governmental Organization","CPCB"
10903,"Railway Colony, Guwahati - APCB","so2",19.2,"ppb","2025-07-10T18:15:00Z","2025-07-10T23:45:00+05:30","Asia/Kolkata",26.181742,91.78063,,,,"Unknown Governmental Organization","CPCB"
10903,"Railway Colony, Guwahati - APCB","so2",19.33,"ppb","2025-07-10T19:15:00Z","2025-07-11T00:45:00+05:30","Asia/Kolkata",26.181742,91.78063,,,,"Unknown Governmental Organization","CPCB"
10903,"Railway Colony, Guwahati - APCB","so2",19.41,"ppb","2025-07-10T19:30:00Z","2025-07-11T01:00:00+05:30","Asia/Kolkata",26.181742,91.78063,,,,"Unknown Governmental Organization","CPCB"
10903,"Railway Colony, Guwahati - APCB","so2",19.53,"ppb","2025-07-10T19:45:00Z","2025-07-11T01:15:00+05:30","Asia/Kolkata",26.181742,91.78063,,,,"Unknown Governmental Organization","CPCB"
10903,"Railway Colony, Guwahati - APCB","so2",19.04,"ppb","2025-07-10T20:00:00Z","2025-07-11T01:30:00+05:30","Asia/Kolkata",26.181742,91.78063,,,,"Unknown Governmental Organization","CPCB"
10903,"Railway Colony, Guwahati - APCB","so2",19.33,"ppb","2025-07-10T20:15:00Z","2025-07-11T01:45:00+05:30","Asia/Kolkata",26.181742,91.78063,,,,"Unknown Governmental Organization","CPCB"
10903,"Railway Colony, Guwahati - APCB","so2",19.65,"ppb","2025-07-10T20:30:00Z","2025-07-11T02:00:00+05:30","Asia/Kolkata",26.181742,91.78063,,,,"Unknown Governmental Organization","CPCB"
10903,"Railway Colony, Guwahati - APCB","so2",19.53,"ppb","2025-07-10T20:45:00Z","2025-07-11T02:15:00+05:30","Asia/Kolkata",26.181742,91.78063,,,,"Unknown Governmental Organization","CPCB"
10903,"Railway Colony, Guwahati - APCB","so2",19.9,"ppb","2025-07-10T21:00:00Z","2025-07-11T02:30:00+05:30","Asia/Kolkata",26.181742,91.78063,,,,"Unknown Governmental Organization","CPCB"
10903,"Railway Colony, Guwahati - APCB","so2",19.61,"ppb","2025-07-10T21:15:00Z","2025-07-11T02:45:00+05:30","Asia/Kolkata",26.181742,91.78063,,,,"Unknown Governmental Organization","CPCB"
10903,"Railway Colony, Guwahati - APCB","so2",19.98,"ppb","2025-07-10T21:30:00Z","2025-07-11T03:00:00+05:30","Asia/Kolkata",26.181742,91.78063,,,,"Unknown Governmental Organization","CPCB"
10903,"Railway Colony, Guwahati - APCB","so2",19.95,"ppb","2025-07-10T21:45:00Z","2025-07-11T03:15:00+05:30","Asia/Kolkata",26.181742,91.78063,,,,"Unknown Governmental Organization","CPCB"
10903,"Railway Colony, Guwahati - APCB","so2",19.66,"ppb","2025-07-10T22:00:00Z","2025-07-11T03:30:00+05:30","Asia/Kolkata",26.181742,91.78063,,,,"Unknown Governmental Organization","CPCB"
10903,"Railway Colony, Guwahati - APCB","so2",19.45,"ppb","2025-07-10T22:15:00Z","2025-07-11T03:45:00+05:30","Asia/Kolkata",26.181742,91.78063,,,,"Unknown Governmental Organization","CPCB"
10903,"Railway Colony, Guwahati - APCB","so2",19.55,"ppb","2025-07-10T22:30:00Z","2025-07-11T04:00:00+05:30","Asia/Kolkata",26.181742,91.78063,,,,"Unknown Governmental Organization","CPCB"
10903,"Railway Colony, Guwahati - APCB","so2",19.73,"ppb","2025-07-10T22:45:00Z","2025-07-11T04:15:00+05:30","Asia/Kolkata",26.181742,91.78063,,,,"Unknown Governmental Organization","CPCB"
10903,"Railway Colony, Guwahati - APCB","so2",19.81,"ppb","2025-07-10T23:15:00Z","2025-07-11T04:45:00+05:30","Asia/Kolkata",26.181742,91.78063,,,,"Unknown Governmental Organization","CPCB"
10903,"Railway Colony, Guwahati - APCB","so2",19.86,"ppb","2025-07-10T23:30:00Z","2025-07-11T05:00:00+05:30","Asia/Kolkata",26.181742,91.78063,,,,"Unknown Governmental Organization","CPCB"
10903,"Railway Colony, Guwahati - APCB","so2",20.18,"ppb","2025-07-10T23:45:00Z","2025-07-11T05:15:00+05:30","Asia/Kolkata",26.181742,91.78063,,,,"Unknown Governmental Organization","CPCB"
10903,"Railway Colony, Guwahati - APCB","so2",20.06,"ppb","2025-07-11T00:00:00Z","2025-07-11T05:30:00+05:30","Asia/Kolkata",26.181742,91.78063,,,,"Unknown Governmental Organization","CPCB"
10903,"Railway Colony, Guwahati - APCB","temperature",27.16,"c","2025-07-10T00:15:00Z","2025-07-10T05:45:00+05:30","Asia/Kolkata",26.181742,91.78063,,,,"Unknown Governmental Organization","CPCB"
10903,"Railway Colony, Guwahati - APCB","temperature",27.37,"c","2025-07-10T00:30:00Z","2025-07-10T06:00:00+05:30","Asia/Kolkata",26.181742,91.78063,,,,"Unknown Governmental Organization","CPCB"
10903,"Railway Colony, Guwahati - APCB","temperature",27.62,"c","2025-07-10T00:45:00Z","2025-07-10T06:15:00+05:30","Asia/Kolkata",26.181742,91.78063,,,,"Unknown Governmental Organization","CPCB"
10903,"Railway Colony, Guwahati - APCB","temperature",27.79,"c","2025-07-10T01:00:00Z","2025-07-10T06:30:00+05:30","Asia/Kolkata",26.181742,91.78063,,,,"Unknown Governmental Organization","CPCB"
10903,"Railway Colony, Guwahati - APCB","temperature",27.95,"c","2025-07-10T01:15:00Z","2025-07-10T06:45:00+05:30","Asia/Kolkata",26.181742,91.78063,,,,"Unknown Governmental Organization","CPCB"
10903,"Railway Colony, Guwahati - APCB","temperature",28.25,"c","2025-07-10T01:30:00Z","2025-07-10T07:00:00+05:30","Asia/Kolkata",26.181742,91.78063,,,,"Unknown Governmental Organization","CPCB"
10903,"Railway Colony, Guwahati - APCB","temperature",28.54,"c","2025-07-10T01:45:00Z","2025-07-10T07:15:00+05:30","Asia/Kolkata",26.181742,91.78063,,,,"Unknown Governmental Organization","CPCB"
10903,"Railway Colony, Guwahati - APCB","temperature",28.74,"c","2025-07-10T02:00:00Z","2025-07-10T07:30:00+05:30","Asia/Kolkata",26.181742,91.78063,,,,"Unknown Governmental Organization","CPCB"
10903,"Railway Colony, Guwahati - APCB","temperature",29.17,"c","2025-07-10T02:15:00Z","2025-07-10T07:45:00+05:30","Asia/Kolkata",26.181742,91.78063,,,,"Unknown Governmental Organization","CPCB"
10903,"Railway Colony, Guwahati - APCB","temperature",30.22,"c","2025-07-10T02:30:00Z","2025-07-10T08:00:00+05:30","Asia/Kolkata",26.181742,91.78063,,,,"Unknown Governmental Organization","CPCB"
10903,"Railway Colony, Guwahati - APCB","temperature",29.91,"c","2025-07-10T02:45:00Z","2025-07-10T08:15:00+05:30","Asia/Kolkata",26.181742,91.78063,,,,"Unknown Governmental Organization","CPCB"
10903,"Railway Colony, Guwahati - APCB","temperature",29.64,"c","2025-07-10T03:00:00Z","2025-07-10T08:30:00+05:30","Asia/Kolkata",26.181742,91.78063,,,,"Unknown Governmental Organization","CPCB"
10903,"Railway Colony, Guwahati - APCB","temperature",30.17,"c","2025-07-10T03:15:00Z","2025-07-10T08:45:00+05:30","Asia/Kolkata",26.181742,91.78063,,,,"Unknown Governmental Organization","CPCB"
10903,"Railway Colony, Guwahati - APCB","temperature",30.97,"c","2025-07-10T03:45:00Z","2025-07-10T09:15:00+05:30","Asia/Kolkata",26.181742,91.78063,,,,"Unknown Governmental Organization","CPCB"
10903,"Railway Colony, Guwahati - APCB","temperature",31.66,"c","2025-07-10T04:00:00Z","2025-07-10T09:30:00+05:30","Asia/Kolkata",26.181742,91.78063,,,,"Unknown Governmental Organization","CPCB"
10903,"Railway Colony, Guwahati - APCB","temperature",32.24,"c","2025-07-10T04:15:00Z","2025-07-10T09:45:00+05:30","Asia/Kolkata",26.181742,91.78063,,,,"Unknown Governmental Organization","CPCB"
10903,"Railway Colony, Guwahati - APCB","temperature",32.75,"c","2025-07-10T04:30:00Z","2025-07-10T10:00:00+05:30","Asia/Kolkata",26.181742,91.78063,,,,"Unknown Governmental Organization","CPCB"
10903,"Railway Colony, Guwahati - APCB","temperature",32.89,"c","2025-07-10T04:45:00Z","2025-07-10T10:15:00+05:30","Asia/Kolkata",26.181742,91.78063,,,,"Unknown Governmental Organization","CPCB"
10903,"Railway Colony, Guwahati - APCB","temperature",32.84,"c","2025-07-10T05:00:00Z","2025-07-10T10:30:00+05:30","Asia/Kolkata",26.181742,91.78063,,,,"Unknown Governmental Organization","CPCB"
10903,"Railway Colony, Guwahati - APCB","temperature",32.98,"c","2025-07-10T05:15:00Z","2025-07-10T10:45:00+05:30","Asia/Kolkata",26.181742,91.78063,,,,"Unknown Governmental Organization","CPCB"
10903,"Railway Colony, Guwahati - APCB","temperature",32.41,"c","2025-07-10T05:30:00Z","2025-07-10T11:00:00+05:30","Asia/Kolkata",26.181742,91.78063,,,,"Unknown Governmental Organization","CPCB"
10903,"Railway Colony, Guwahati - APCB","temperature",32.65,"c","2025-07-10T05:45:00Z","2025-07-10T11:15:00+05:30","Asia/Kolkata",26.181742,91.78063,,,,"Unknown Governmental Organization","CPCB"
10903,"Railway Colony, Guwahati - APCB","temperature",32.34,"c","2025-07-10T06:00:00Z","2025-07-10T11:30:00+05:30","Asia/Kolkata",26.181742,91.78063,,,,"Unknown Governmental Organization","CPCB"
10903,"Railway Colony, Guwahati - APCB","temperature",32.59,"c","2025-07-10T06:15:00Z","2025-07-10T11:45:00+05:30","Asia/Kolkata",26.181742,91.78063,,,,"Unknown Governmental Organization","CPCB"
10903,"Railway Colony, Guwahati - APCB","temperature",32,"c","2025-07-10T06:30:00Z","2025-07-10T12:00:00+05:30","Asia/Kolkata",26.181742,91.78063,,,,"Unknown Governmental Organization","CPCB"
10903,"Railway Colony, Guwahati - APCB","temperature",32.62,"c","2025-07-10T06:45:00Z","2025-07-10T12:15:00+05:30","Asia/Kolkata",26.181742,91.78063,,,,"Unknown Governmental Organization","CPCB"
10903,"Railway Colony, Guwahati - APCB","temperature",33.29,"c","2025-07-10T07:00:00Z","2025-07-10T12:30:00+05:30","Asia/Kolkata",26.181742,91.78063,,,,"Unknown Governmental Organization","CPCB"
10903,"Railway Colony, Guwahati - APCB","temperature",33.81,"c","2025-07-10T07:15:00Z","2025-07-10T12:45:00+05:30","Asia/Kolkata",26.181742,91.78063,,,,"Unknown Governmental Organization","CPCB"
10903,"Railway Colony, Guwahati - APCB","temperature",33.95,"c","2025-07-10T07:30:00Z","2025-07-10T13:00:00+05:30","Asia/Kolkata",26.181742,91.78063,,,,"Unknown Governmental Organization","CPCB"
10903,"Railway Colony, Guwahati - APCB","temperature",34.55,"c","2025-07-10T07:45:00Z","2025-07-10T13:15:00+05:30","Asia/Kolkata",26.181742,91.78063,,,,"Unknown Governmental Organization","CPCB"
10903,"Railway Colony, Guwahati - APCB","temperature",35,"c","2025-07-10T08:00:00Z","2025-07-10T13:30:00+05:30","Asia/Kolkata",26.181742,91.78063,,,,"Unknown Governmental Organization","CPCB"
10903,"Railway Colony, Guwahati - APCB","temperature",35.64,"c","2025-07-10T08:15:00Z","2025-07-10T13:45:00+05:30","Asia/Kolkata",26.181742,91.78063,,,,"Unknown Governmental Organization","CPCB"
10903,"Railway Colony, Guwahati - APCB","temperature",36.3,"c","2025-07-10T08:30:00Z","2025-07-10T14:00:00+05:30","Asia/Kolkata",26.181742,91.78063,,,,"Unknown Governmental Organization","CPCB"
10903,"Railway Colony, Guwahati - APCB","temperature",35.82,"c","2025-07-10T08:45:00Z","2025-07-10T14:15:00+05:30","Asia/Kolkata",26.181742,91.78063,,,,"Unknown Governmental Organization","CPCB"
10903,"Railway Colony, Guwahati - APCB","temperature",35.89,"c","2025-07-10T09:00:00Z","2025-07-10T14:30:00+05:30","Asia/Kolkata",26.181742,91.78063,,,,"Unknown Governmental Organization","CPCB"
10903,"Railway Colony, Guwahati - APCB","temperature",36.86,"c","2025-07-10T09:15:00Z","2025-07-10T14:45:00+05:30","Asia/Kolkata",26.181742,91.78063,,,,"Unknown Governmental Organization","CPCB"
10903,"Railway Colony, Guwahati - APCB","temperature",36.82,"c","2025-07-10T09:30:00Z","2025-07-10T15:00:00+05:30","Asia/Kolkata",26.181742,91.78063,,,,"Unknown Governmental Organization","CPCB"
10903,"Railway Colony, Guwahati - APCB","temperature",36.76,"c","2025-07-10T09:45:00Z","2025-07-10T15:15:00+05:30","Asia/Kolkata",26.181742,91.78063,,,,"Unknown Governmental Organization","CPCB"
10903,"Railway Colony, Guwahati - APCB","temperature",36.59,"c","2025-07-10T10:00:00Z","2025-07-10T15:30:00+05:30","Asia/Kolkata",26.181742,91.78063,,,,"Unknown Governmental Organization","CPCB"
10903,"Railway Colony, Guwahati - APCB","temperature",36.24,"c","2025-07-10T10:15:00Z","2025-07-10T15:45:00+05:30","Asia/Kolkata",26.181742,91.78063,,,,"Unknown Governmental Organization","CPCB"
10903,"Railway Colony, Guwahati - APCB","temperature",35.95,"c","2025-07-10T10:30:00Z","2025-07-10T16:00:00+05:30","Asia/Kolkata",26.181742,91.78063,,,,"Unknown Governmental Organization","CPCB"
10903,"Railway Colony, Guwahati - APCB","temperature",35.68,"c","2025-07-10T10:45:00Z","2025-07-10T16:15:00+05:30","Asia/Kolkata",26.181742,91.78063,,,,"Unknown Governmental Organization","CPCB"
10903,"Railway Colony, Guwahati - APCB","temperature",34.48,"c","2025-07-10T11:00:00Z","2025-07-10T16:30:00+05:30","Asia/Kolkata",26.181742,91.78063,,,,"Unknown Governmental Organization","CPCB"
10903,"Railway Colony, Guwahati - APCB","temperature",33.39,"c","2025-07-10T11:15:00Z","2025-07-10T16:45:00+05:30","Asia/Kolkata",26.181742,91.78063,,,,"Unknown Governmental Organization","CPCB"
10903,"Railway Colony, Guwahati - APCB","temperature",32.99,"c","2025-07-10T11:30:00Z","2025-07-10T17:00:00+05:30","Asia/Kolkata",26.181742,91.78063,,,,"Unknown Governmental Organization","CPCB"
10903,"Railway Colony, Guwahati - APCB","temperature",32.66,"c","2025-07-10T11:45:00Z","2025-07-10T17:15:00+05:30","Asia/Kolkata",26.181742,91.78063,,,,"Unknown Governmental Organization","CPCB"
10903,"Railway Colony, Guwahati - APCB","temperature",32.07,"c","2025-07-10T12:00:00Z","2025-07-10T17:30:00+05:30","Asia/Kolkata",26.181742,91.78063,,,,"Unknown Governmental Organization","CPCB"
10903,"Railway Colony, Guwahati - APCB","temperature",31.78,"c","2025-07-10T12:15:00Z","2025-07-10T17:45:00+05:30","Asia/Kolkata",26.181742,91.78063,,,,"Unknown Governmental Organization","CPCB"
10903,"Railway Colony, Guwahati - APCB","temperature",31.41,"c","2025-07-10T12:30:00Z","2025-07-10T18:00:00+05:30","Asia/Kolkata",26.181742,91.78063,,,,"Unknown Governmental Organization","CPCB"
10903,"Railway Colony, Guwahati - APCB","temperature",31.09,"c","2025-07-10T12:45:00Z","2025-07-10T18:15:00+05:30","Asia/Kolkata",26.181742,91.78063,,,,"Unknown Governmental Organization","CPCB"
10903,"Railway Colony, Guwahati - APCB","temperature",30.94,"c","2025-07-10T13:00:00Z","2025-07-10T18:30:00+05:30","Asia/Kolkata",26.181742,91.78063,,,,"Unknown Governmental Organization","CPCB"
10903,"Railway Colony, Guwahati - APCB","temperature",30.59,"c","2025-07-10T13:15:00Z","2025-07-10T18:45:00+05:30","Asia/Kolkata",26.181742,91.78063,,,,"Unknown Governmental Organization","CPCB"
10903,"Railway Colony, Guwahati - APCB","temperature",30.21,"c","2025-07-10T13:30:00Z","2025-07-10T19:00:00+05:30","Asia/Kolkata",26.181742,91.78063,,,,"Unknown Governmental Organization","CPCB"
10903,"Railway Colony, Guwahati - APCB","temperature",30.13,"c","2025-07-10T13:45:00Z","2025-07-10T19:15:00+05:30","Asia/Kolkata",26.181742,91.78063,,,,"Unknown Governmental Organization","CPCB"
10903,"Railway Colony, Guwahati - APCB","temperature",30.07,"c","2025-07-10T14:00:00Z","2025-07-10T19:30:00+05:30","Asia/Kolkata",26.181742,91.78063,,,,"Unknown Governmental Organization","CPCB"
10903,"Railway Colony, Guwahati - APCB","temperature",30.05,"c","2025-07-10T14:15:00Z","2025-07-10T19:45:00+05:30","Asia/Kolkata",26.181742,91.78063,,,,"Unknown Governmental Organization","CPCB"
10903,"Railway Colony, Guwahati - APCB","temperature",29.96,"c","2025-07-10T14:30:00Z","2025-07-10T20:00:00+05:30","Asia/Kolkata",26.181742,91.78063,,,,"Unknown Governmental Organization","CPCB"
10903,"Railway Colony, Guwahati - APCB","temperature",29.86,"c","2025-07-10T14:45:00Z","2025-07-10T20:15:00+05:30","Asia/Kolkata",26.181742,91.78063,,,,"Unknown Governmental Organization","CPCB"
10903,"Railway Colony, Guwahati - APCB","temperature",29.74,"c","2025-07-10T15:00:00Z","2025-07-10T20:30:00+05:30","Asia/Kolkata",26.181742,91.78063,,,,"Unknown Governmental Organization","CPCB"
10903,"Railway Colony, Guwahati - APCB","temperature",29.64,"c","2025-07-10T15:15:00Z","2025-07-10T20:45:00+05:30","Asia/Kolkata",26.181742,91.78063,,,,"Unknown Governmental Organization","CPCB"
10903,"Railway Colony, Guwahati - APCB","temperature",29.55,"c","2025-07-10T15:30:00Z","2025-07-10T21:00:00+05:30","Asia/Kolkata",26.181742,91.78063,,,,"Unknown Governmental Organization","CPCB"
10903,"Railway Colony, Guwahati - APCB","temperature",29.34,"c","2025-07-10T15:45:00Z","2025-07-10T21:15:00+05:30","Asia/Kolkata",26.181742,91.78063,,,,"Unknown Governmental Organization","CPCB"
10903,"Railway Colony, Guwahati - APCB","temperature",29.18,"c","2025-07-10T16:00:00Z","2025-07-10T21:30:00+05:30","Asia/Kolkata",26.181742,91.78063,,,,"Unknown Governmental Organization","CPCB"
10903,"Railway Colony, Guwahati - APCB","temperature",29.03,"c","2025-07-10T16:15:00Z","2025-07-10T21:45:00+05:30","Asia/Kolkata",26.181742,91.78063,,,,"Unknown Governmental Organization","CPCB"
10903,"Railway Colony, Guwahati - APCB","temperature",29.04,"c","2025-07-10T16:30:00Z","2025-07-10T22:00:00+05:30","Asia/Kolkata",26.181742,91.78063,,,,"Unknown Governmental Organization","CPCB"
10903,"Railway Colony, Guwahati - APCB","temperature",29.14,"c","2025-07-10T16:45:00Z","2025-07-10T22:15:00+05:30","Asia/Kolkata",26.181742,91.78063,,,,"Unknown Governmental Organization","CPCB"
10903,"Railway Colony, Guwahati - APCB","temperature",29.13,"c","2025-07-10T17:00:00Z","2025-07-10T22:30:00+05:30","Asia/Kolkata",26.181742,91.78063,,,,"Unknown Governmental Organization","CPCB"
10903,"Railway Colony, Guwahati - APCB","temperature",29.09,"c","2025-07-10T17:15:00Z","2025-07-10T22:45:00+05:30","Asia/Kolkata",26.181742,91.78063,,,,"Unknown Governmental Organization","CPCB"
10903,"Railway Colony, Guwahati - APCB","temperature",29.02,"c","2025-07-10T17:30:00Z","2025-07-10T23:00:00+05:30","Asia/Kolkata",26.181742,91.78063,,,,"Unknown Governmental Organization","CPCB"
10903,"Railway Colony, Guwahati - APCB","temperature",28.97,"c","2025-07-10T17:45:00Z","2025-07-10T23:15:00+05:30","Asia/Kolkata",26.181742,91.78063,,,,"Unknown Governmental Organization","CPCB"
10903,"Railway Colony, Guwahati - APCB","temperature",29.01,"c","2025-07-10T18:00:00Z","2025-07-10T23:30:00+05:30","Asia/Kolkata",26.181742,91.78063,,,,"Unknown Governmental Organization","CPCB"
10903,"Railway Colony, Guwahati - APCB","temperature",29,"c","2025-07-10T18:15:00Z","2025-07-10T23:45:00+05:30","Asia/Kolkata",26.181742,91.78063,,,,"Unknown Governmental Organization","CPCB"
10903,"Railway Colony, Guwahati - APCB","temperature",28.44,"c","2025-07-10T19:15:00Z","2025-07-11T00:45:00+05:30","Asia/Kolkata",26.181742,91.78063,,,,"Unknown Governmental Organization","CPCB"
10903,"Railway Colony, Guwahati - APCB","temperature",28.33,"c","2025-07-10T19:30:00Z","2025-07-11T01:00:00+05:30","Asia/Kolkata",26.181742,91.78063,,,,"Unknown Governmental Organization","CPCB"
10903,"Railway Colony, Guwahati - APCB","temperature",28.23,"c","2025-07-10T19:45:00Z","2025-07-11T01:15:00+05:30","Asia/Kolkata",26.181742,91.78063,,,,"Unknown Governmental Organization","CPCB"
10903,"Railway Colony, Guwahati - APCB","temperature",28.14,"c","2025-07-10T20:00:00Z","2025-07-11T01:30:00+05:30","Asia/Kolkata",26.181742,91.78063,,,,"Unknown Governmental Organization","CPCB"
10903,"Railway Colony, Guwahati - APCB","temperature",28.06,"c","2025-07-10T20:15:00Z","2025-07-11T01:45:00+05:30","Asia/Kolkata",26.181742,91.78063,,,,"Unknown Governmental Organization","CPCB"
10903,"Railway Colony, Guwahati - APCB","temperature",27.98,"c","2025-07-10T20:30:00Z","2025-07-11T02:00:00+05:30","Asia/Kolkata",26.181742,91.78063,,,,"Unknown Governmental Organization","CPCB"
10903,"Railway Colony, Guwahati - APCB","temperature",27.86,"c","2025-07-10T20:45:00Z","2025-07-11T02:15:00+05:30","Asia/Kolkata",26.181742,91.78063,,,,"Unknown Governmental Organization","CPCB"
10903,"Railway Colony, Guwahati - APCB","temperature",27.78,"c","2025-07-10T21:00:00Z","2025-07-11T02:30:00+05:30","Asia/Kolkata",26.181742,91.78063,,,,"Unknown Governmental Organization","CPCB"
10903,"Railway Colony, Guwahati - APCB","temperature",27.75,"c","2025-07-10T21:15:00Z","2025-07-11T02:45:00+05:30","Asia/Kolkata",26.181742,91.78063,,,,"Unknown Governmental Organization","CPCB"
10903,"Railway Colony, Guwahati - APCB","temperature",27.75,"c","2025-07-10T21:30:00Z","2025-07-11T03:00:00+05:30","Asia/Kolkata",26.181742,91.78063,,,,"Unknown Governmental Organization","CPCB"
10903,"Railway Colony, Guwahati - APCB","temperature",27.74,"c","2025-07-10T21:45:00Z","2025-07-11T03:15:00+05:30","Asia/Kolkata",26.181742,91.78063,,,,"Unknown Governmental Organization","CPCB"
10903,"Railway Colony, Guwahati - APCB","temperature",27.6,"c","2025-07-10T22:00:00Z","2025-07-11T03:30:00+05:30","Asia/Kolkata",26.181742,91.78063,,,,"Unknown Governmental Organization","CPCB"
10903,"Railway Colony, Guwahati - APCB","temperature",27.4,"c","2025-07-10T22:15:00Z","2025-07-11T03:45:00+05:30","Asia/Kolkata",26.181742,91.78063,,,,"Unknown Governmental Organization","CPCB"
10903,"Railway Colony, Guwahati - APCB","temperature",27.29,"c","2025-07-10T22:30:00Z","2025-07-11T04:00:00+05:30","Asia/Kolkata",26.181742,91.78063,,,,"Unknown Governmental Organization","CPCB"
10903,"Railway Colony, Guwahati - APCB","temperature",27.26,"c","2025-07-10T22:45:00Z","2025-07-11T04:15:00+05:30","Asia/Kolkata",26.181742,91.78063,,,,"Unknown Governmental Organization","CPCB"
10903,"Railway Colony, Guwahati - APCB","temperature",27.21,"c","2025-07-10T23:15:00Z","2025-07-11T04:45:00+05:30","Asia/Kolkata",26.181742,91.78063,,,,"Unknown Governmental Organization","CPCB"
10903,"Railway Colony, Guwahati - APCB","temperature",27.44,"c","2025-07-10T23:30:00Z","2025-07-11T05:00:00+05:30","Asia/Kolkata",26.181742,91.78063,,,,"Unknown Governmental Organization","CPCB"
10903,"Railway Colony, Guwahati - APCB","temperature",27.86,"c","2025-07-10T23:45:00Z","2025-07-11T05:15:00+05:30","Asia/Kolkata",26.181742,91.78063,,,,"Unknown Governmental Organization","CPCB"
10903,"Railway Colony, Guwahati - APCB","temperature",28.02,"c","2025-07-11T00:00:00Z","2025-07-11T05:30:00+05:30","Asia/Kolkata",26.181742,91.78063,,,,"Unknown Governmental Organization","CPCB"